{
  "epochs": [
    1,
    2,
    3,
    5
  ],
  "seeds": [
    0,
    1,
    2
  ],
  "num_images": 1024,
  "n_bootstrap": 10000,
  "results": {
    "1": {
      "delta_g": 0.0034370338059185692,
      "ci_g": [
        -0.00015561645171449827,
        0.006877605900808703
      ],
      "p_g_raw": 0.0652,
      "delta_m": 0.0303473789341903,
      "ci_m": [
        0.027602690611092842,
        0.0330802432782851
      ],
      "p_m_raw": 0.0,
      "p_g_holm": 0.0652,
      "p_m_holm": 0.0,
      "mean_lpips_gaussian": 0.7669108282522453,
      "seed_lpips_gaussian": [
        0.7682438110350631,
        0.7687754904327448,
        0.7637131832889281
      ],
      "mean_mse_gaussian": 0.15432454707236806,
      "mean_fid_gaussian": 173.83865286242062,
      "mean_mr_lpips_gaussian": 0.5990903465232501,
      "mean_lpips_mask": 0.793821173380517,
      "seed_lpips_mask": [
        0.794422230188502,
        0.792660577892093,
        0.7943807120609563
      ],
      "mean_mse_mask": 0.11315839006359359,
      "mean_fid_mask": 239.4968998169912,
      "mean_mr_lpips_mask": 0.3214036110633363,
      "mean_lpips_gm": 0.7634737944463268,
      "seed_lpips_gm": [
        0.7612887079885695,
        0.7651687493780628,
        0.7639639259723481
      ],
      "mean_mse_gm": 0.14742670148067796,
      "mean_fid_gm": 175.75242640513179,
      "mean_mr_lpips_gm": 0.3692158940830268,
      "win_rate_g": 0.6298828125,
      "win_rate_m": 0.8974609375,
      "seed_win_rates_g": [
        0.7802734375,
        0.6259765625,
        0.4833984375
      ],
      "seed_win_rates_m": [
        0.9052734375,
        0.892578125,
        0.89453125
      ],
      "seeds_beat_both": 2
    },
    "2": {
      "delta_g": 0.0012008706398773938,
      "ci_g": [
        0.00036567873879297014,
        0.0022876598661241577
      ],
      "p_g_raw": 0.0002,
      "delta_m": 0.022216892733316247,
      "ci_m": [
        0.01580249559774529,
        0.026301057221523177
      ],
      "p_m_raw": 0.0,
      "p_g_holm": 0.0006000000000000001,
      "p_m_holm": 0.0,
      "mean_lpips_gaussian": 0.7740027038865568,
      "seed_lpips_gaussian": [
        0.7732278540206607,
        0.7766831320768688,
        0.7720971255621407
      ],
      "mean_mse_gaussian": 0.13581747244097642,
      "mean_fid_gaussian": 154.21148441035146,
      "mean_mr_lpips_gaussian": 0.6090299763406316,
      "mean_lpips_mask": 0.7950187259799956,
      "seed_lpips_mask": [
        0.7956227104587015,
        0.7916000535187777,
        0.7978334139625076
      ],
      "mean_mse_mask": 0.11363073353277287,
      "mean_fid_mask": 231.25657810948894,
      "mean_mr_lpips_mask": 0.2930001940985676,
      "mean_lpips_gm": 0.7728018332466794,
      "seed_lpips_gm": [
        0.7708399473049212,
        0.7759350165142678,
        0.7716305359208491
      ],
      "mean_mse_gm": 0.1376459624916606,
      "mean_fid_gm": 161.70657822711806,
      "mean_mr_lpips_gm": 0.3232958327086332,
      "win_rate_g": 0.5569661458333334,
      "win_rate_m": 0.8736979166666666,
      "seed_win_rates_g": [
        0.6240234375,
        0.498046875,
        0.548828125
      ],
      "seed_win_rates_m": [
        0.87890625,
        0.84765625,
        0.89453125
      ],
      "seeds_beat_both": 3
    },
    "3": {
      "delta_g": 0.0029369889040632793,
      "ci_g": [
        0.0008823770823558637,
        0.005466162462592668
      ],
      "p_g_raw": 0.0,
      "delta_m": 0.019854431370428454,
      "ci_m": [
        0.014295735472842352,
        0.02739961638265716
      ],
      "p_m_raw": 0.0,
      "p_g_holm": 0.0,
      "p_m_holm": 0.0,
      "mean_lpips_gaussian": 0.7783182805966741,
      "seed_lpips_gaussian": [
        0.7778950859210454,
        0.779273011139594,
        0.7777867447293829
      ],
      "mean_mse_gaussian": 0.12812102184519367,
      "mean_fid_gaussian": 145.50672733905608,
      "mean_mr_lpips_gaussian": 0.6063459768968945,
      "mean_lpips_mask": 0.7952357230630392,
      "seed_lpips_mask": [
        0.7948245847364888,
        0.790997737669386,
        0.7998848467832431
      ],
      "mean_mse_mask": 0.11478018570414861,
      "mean_fid_mask": 237.39833151463213,
      "mean_mr_lpips_mask": 0.28175507418927737,
      "mean_lpips_gm": 0.7753812916926108,
      "seed_lpips_gm": [
        0.7770829026703723,
        0.7768101851979736,
        0.7722507872094866
      ],
      "mean_mse_gm": 0.13383708443507203,
      "mean_fid_gm": 155.46104440388103,
      "mean_mr_lpips_gm": 0.30831724117160775,
      "win_rate_g": 0.6520182291666666,
      "win_rate_m": 0.8753255208333334,
      "seed_win_rates_g": [
        0.568359375,
        0.6298828125,
        0.7578125
      ],
      "seed_win_rates_m": [
        0.833984375,
        0.876953125,
        0.9150390625
      ],
      "seeds_beat_both": 3
    },
    "5": {
      "delta_g": 0.0017002978226325165,
      "ci_g": [
        0.00025970143130204333,
        0.002867006195932238
      ],
      "p_g_raw": 0.0018,
      "delta_m": 0.0166160261821157,
      "ci_m": [
        0.008911752873973455,
        0.027322501909657147
      ],
      "p_m_raw": 0.0,
      "p_g_holm": 0.0036,
      "p_m_holm": 0.0,
      "mean_lpips_gaussian": 0.7810854545775024,
      "seed_lpips_gaussian": [
        0.7811227900674567,
        0.7829494827601593,
        0.7791840909048915
      ],
      "mean_mse_gaussian": 0.12569225076852794,
      "mean_fid_gaussian": 135.72533420717625,
      "mean_mr_lpips_gaussian": 0.607649588646988,
      "mean_lpips_mask": 0.7960011829369856,
      "seed_lpips_mask": [
        0.7927644813898951,
        0.7915226209734101,
        0.8037164464476518
      ],
      "mean_mse_mask": 0.116018024167109,
      "mean_fid_mask": 244.69627949533063,
      "mean_mr_lpips_mask": 0.271447494669701,
      "mean_lpips_gm": 0.77938515675487,
      "seed_lpips_gm": [
        0.7791433277889155,
        0.7827313944580965,
        0.7762807480175979
      ],
      "mean_mse_gm": 0.1277011982389619,
      "mean_fid_gm": 145.03135481187812,
      "mean_mr_lpips_gm": 0.2928906611535543,
      "win_rate_g": 0.6227213541666666,
      "win_rate_m": 0.8603515625,
      "seed_win_rates_g": [
        0.6416015625,
        0.55078125,
        0.67578125
      ],
      "seed_win_rates_m": [
        0.814453125,
        0.8447265625,
        0.921875
      ],
      "seeds_beat_both": 3
    }
  },
  "best": {
    "gaussian": {
      "best_lpips": 0.7669108282522453,
      "best_epoch": 1
    },
    "mask": {
      "best_lpips": 0.793821173380517,
      "best_epoch": 1
    },
    "gm": {
      "best_lpips": 0.7634737944463268,
      "best_epoch": 1
    }
  }
}