{
  "n_seeds": 3,
  "lam": 1.5,
  "arms": {
    "base": {
      "clean": 0.4709999958674113,
      "translated6": 0.3619999984900157,
      "translated_std": 0.00941630118570025,
      "seeds": [
        0.3529999852180481,
        0.3580000102519989,
        0.375
      ]
    },
    "crop_pad4": {
      "clean": 0.4623333315054576,
      "translated6": 0.4086666703224182,
      "translated_std": 0.0012472163464911361,
      "seeds": [
        0.40700000524520874,
        0.4099999964237213,
        0.4090000092983246
      ]
    },
    "crop_pad6": {
      "clean": 0.4516666730244954,
      "translated6": 0.404666672150294,
      "translated_std": 0.003681788171342217,
      "seeds": [
        0.4050000011920929,
        0.4090000092983246,
        0.4000000059604645
      ]
    },
    "transl_scale": {
      "clean": 0.4543333351612091,
      "translated6": 0.4063333372275035,
      "translated_std": 0.028592925563246097,
      "seeds": [
        0.3720000088214874,
        0.44200000166893005,
        0.4050000011920929
      ]
    },
    "random_policy": {
      "clean": 0.4493333399295807,
      "translated6": 0.39266666769981384,
      "translated_std": 0.005249340389344238,
      "seeds": [
        0.3880000114440918,
        0.38999998569488525,
        0.4000000059604645
      ]
    },
    "safe_hard": {
      "clean": 0.44233333071072894,
      "translated6": 0.3973333438237508,
      "translated_std": 0.007760295196197995,
      "seeds": [
        0.3970000147819519,
        0.40700000524520874,
        0.3880000114440918
      ]
    }
  },
  "ceiling_arm": "crop_pad4",
  "beats_ceiling": false,
  "beats_random": true,
  "verdict": "no_beat"
}