{
  "config": {
    "K_LAT": 3,
    "seeds": [
      0,
      1,
      2
    ],
    "device": "cpu"
  },
  "arms": {
    "BASE": {
      "recall_arc": 0.00422222213819623,
      "bins": 31.666666666666668,
      "recall_sd": 0.0011331154201085453
    },
    "ORACLE": {
      "recall_arc": 0.0620000014702479,
      "bins": 36.0,
      "recall_sd": 0.008806564981600247
    },
    "GEN_FREE_STABLE_SUPERVISED_LATENT": {
      "recall_arc": 0.07244444638490677,
      "bins": 36.0,
      "T_onman": 1.0,
      "T_shift_std": 3.3656092484792075,
      "passive_dh": 0.15104166666666666,
      "M_det": 1.0009865363438923,
      "M_cond": 1.0039618412653606,
      "recon_pre": 0.06191068763534228,
      "recon_final": 0.06279586007197697,
      "recall_sd": 0.002985561853604231
    },
    "GEN_FREE_STABLE_RECON_LATENT_FROZEN": {
      "recall_arc": 0.05488888888309399,
      "bins": 35.0,
      "T_onman": 1.0,
      "T_shift_std": 33.6806214650472,
      "passive_dh": 0.9609375,
      "M_det": 0.9677929083506266,
      "M_cond": 1.0580373605092366,
      "recon_pre": 0.196369340022405,
      "recon_final": 0.19485596815745035,
      "recall_sd": 0.030089168447999123
    },
    "GEN_FREE_STABLE_LEARNED_LATENT": {
      "recall_arc": 0.060000001142422356,
      "bins": 35.333333333333336,
      "T_onman": 1.0,
      "T_shift_std": 69.2868423461914,
      "passive_dh": 0.96240234375,
      "M_det": 1.002454360326131,
      "M_cond": 1.0066462755203247,
      "recon_pre": 0.196369340022405,
      "recon_final": 0.19492527842521667,
      "recall_sd": 0.012869718558718313
    }
  }
}