{
  "config": {
    "seeds": [
      0,
      1,
      2
    ],
    "device": "cpu"
  },
  "arms": {
    "BASE": {
      "recall_arc": 0.0033333333364377418,
      "bins": 32.0,
      "recall_sd": 0.0014401645482951786
    },
    "ORACLE": {
      "recall_arc": 0.06733333319425583,
      "bins": 36.0,
      "recall_sd": 0.002721652674186358
    },
    "FROZEN_LATENT_MATRIX": {
      "recall_arc": 0.024111111221524578,
      "bins": 33.333333333333336,
      "T_onman": 0.7076822916666666,
      "T_shift_std": 25.297772149244945,
      "M_angle": -38.79193623860677,
      "M_off": 1.0501666069030762,
      "M_det": 0.559874435265859,
      "recall_sd": 0.032450912730154415,
      "angle_err45": 6.2080637613932295
    },
    "FROZEN_LATENT_GEN_SKEW": {
      "recall_arc": 0.07088888933261235,
      "bins": 36.0,
      "T_onman": 1.0,
      "T_shift_std": 0.8452910780906677,
      "M_angle": 14.144297281901041,
      "M_off": 1.0188807249069214,
      "M_det": 1.00000003973643,
      "recall_sd": 0.0064194905890341885,
      "angle_err45": 2.7714996337890625
    },
    "FROZEN_LATENT_GEN_FREE": {
      "recall_arc": 0.04577777720987797,
      "bins": 34.666666666666664,
      "T_onman": 0.9287109375,
      "T_shift_std": 7.6482691168785095,
      "M_angle": 14.91378911336263,
      "M_off": 0.909551203250885,
      "M_det": 0.8971073031425476,
      "recall_sd": 0.024828796166356738,
      "angle_err45": 3.659715016682943
    }
  }
}