{
  "config": {
    "C": 1.5,
    "seeds": [
      0,
      1,
      2
    ],
    "device": "cpu"
  },
  "arms": {
    "BASE": {
      "recall_arc": 0.0005555555690079927,
      "bins": 37.0,
      "recall_sd": 0.0004157397259310923
    },
    "ORACLE": {
      "recall_arc": 0.019666666785875957,
      "bins": 39.333333333333336,
      "recall_sd": 0.005734883657446055
    },
    "GEN_SKEW_SCREW": {
      "recall_arc": 0.008666666690260172,
      "bins": 37.666666666666664,
      "T_onman": 0.6546223958333334,
      "T_dphi_std": 1.885466496149699,
      "lin_det": 1.0000000993410747,
      "lin_cond": 1.000000278155009,
      "rec_omega_deg": 97.75173950195312,
      "rec_htrans": 1.5126465956370037,
      "recall_sd": 0.0012472190844533984
    },
    "GEN_FREE_STABLE_VOLONLY": {
      "recall_arc": 0.015111110794047514,
      "bins": 37.666666666666664,
      "T_onman": 0.3880208333333333,
      "T_dphi_std": 3.550243298212687,
      "lin_det": 1.0108349323272705,
      "lin_cond": 6.23794420560201,
      "rec_omega_deg": 10.106087366739908,
      "rec_htrans": 0.4546500047047933,
      "recall_sd": 0.018170658416640038
    },
    "GEN_FREE_STABLE_ISOMETRY": {
      "recall_arc": 0.015444444182018438,
      "bins": 37.666666666666664,
      "T_onman": 0.2236328125,
      "T_dphi_std": 3.6229894955952964,
      "lin_det": 1.0194548567136128,
      "lin_cond": 1.1673843463261921,
      "rec_omega_deg": -6.9229021072387695,
      "rec_htrans": 0.0036720667655269303,
      "recall_sd": 0.0044249572551322
    }
  }
}