{
  "phase": "3_transfer",
  "dataset": "dsprites",
  "task": "multi",
  "seed": 2,
  "arms": {
    "BASE": {
      "eqm_gap": 0.04998995363712311,
      "eqm_clean": 0.08496932685375214,
      "eqm_heldout": 0.13495928049087524
    },
    "KNOWN_ORACLE": {
      "eqm_gap": 0.03013547509908676,
      "eqm_clean": 0.08545912802219391,
      "eqm_heldout": 0.11559460312128067
    },
    "RANDOM_VALID": {
      "eqm_gap": 0.04069347679615021,
      "eqm_clean": 0.08463843166828156,
      "eqm_heldout": 0.12533190846443176
    },
    "DISCOVERED_MULTI": {
      "eqm_gap": 0.015434861183166504,
      "eqm_clean": 0.08579187095165253,
      "eqm_heldout": 0.10122673213481903,
      "true_family_usage": 0.9588202045997605,
      "decoy_usage": 0.0032956043505691923,
      "recall": 0.3333333333333333
    },
    "DISCOVERED_MULTI_NO_ANCHOR": {
      "eqm_gap": 0.05002997815608978,
      "eqm_clean": 0.08444450795650482,
      "eqm_heldout": 0.1344744861125946,
      "true_family_usage": 0.0,
      "decoy_usage": 0.0,
      "recall": 0.0
    }
  },
  "gate": {
    "beats_base": true,
    "beats_random": true,
    "near_oracle": true,
    "anchor_essential": true
  },
  "pass": true
}