{
  "task": "multi_independent",
  "seed": 0,
  "proxy": "classifier",
  "anchor": "randomconv",
  "arms": {
    "BASE": {
      "clean_acc": 0.9833984375,
      "heldout_acc": 0.173828125,
      "robustness_gap": 0.8095703125
    },
    "KNOWN_ORACLE_MULTI": {
      "clean_acc": 0.9765625,
      "heldout_acc": 0.384765625,
      "robustness_gap": 0.591796875
    },
    "RANDOM_VALID_POLICY": {
      "clean_acc": 1.0,
      "heldout_acc": 0.40234375,
      "robustness_gap": 0.59765625
    },
    "DISCOVERED_SINGLE": {
      "clean_acc": 0.9775390625,
      "heldout_acc": 0.255859375,
      "robustness_gap": 0.7216796875
    },
    "DISCOVERED_MULTI": {
      "clean_acc": 0.9970703125,
      "heldout_acc": 0.345703125,
      "robustness_gap": 0.6513671875
    },
    "DISCOVERED_MULTI_NO_ANCHOR": {
      "clean_acc": 0.99609375,
      "heldout_acc": 0.341796875,
      "robustness_gap": 0.654296875
    },
    "DISCOVERED_MULTI_NO_DIVERSITY": {
      "clean_acc": 0.9609375,
      "heldout_acc": 0.248046875,
      "robustness_gap": 0.712890625
    }
  }
}