{
  "part": "0B",
  "task": "multi_independent",
  "seed": 0,
  "arms": {
    "BASE": {
      "clean_acc": 0.984375,
      "heldout_acc": 0.173828125,
      "eqm_clean": 0.0871744304895401,
      "eqm_heldout": 0.5164048671722412,
      "eqm_gap": 0.4292304366827011
    },
    "RANDOM_VALID": {
      "clean_acc": 0.9970703125,
      "heldout_acc": 0.392578125,
      "eqm_clean": 0.08973849564790726,
      "eqm_heldout": 0.20311108231544495,
      "eqm_gap": 0.11337258666753769
    },
    "KNOWN_ORACLE_SINGLE": {
      "clean_acc": 0.5517578125,
      "heldout_acc": 0.173828125,
      "eqm_clean": 0.08767753839492798,
      "eqm_heldout": 0.5108805894851685,
      "eqm_gap": 0.4232030510902405
    },
    "KNOWN_ORACLE_MULTI": {
      "clean_acc": 0.91015625,
      "heldout_acc": 0.376953125,
      "eqm_clean": 0.09165095537900925,
      "eqm_heldout": 0.16940529644489288,
      "eqm_gap": 0.07775434106588364
    },
    "RANDOM_WITH_DECOYS": {
      "clean_acc": 0.994140625,
      "heldout_acc": 0.384765625,
      "eqm_clean": 0.0896315798163414,
      "eqm_heldout": 0.22915993630886078,
      "eqm_gap": 0.13952835649251938
    }
  },
  "gate": {
    "oracle_multi>base": true,
    "oracle_multi>random_valid": false,
    "oracle_multi>random_decoy": false,
    "eqm_oracle<base_gap": true
  },
  "pass": false
}