{
  "task": "single_hue",
  "seed": 0,
  "anchor": "randomconv",
  "true_families": [
    "hue"
  ],
  "hidden": [
    4
  ],
  "valid_ref_validity": -7.019826412200928,
  "decoy_ref_validity": -7.685476303100586,
  "arms": {
    "BASE_IDENTITY": {
      "collapse_validity": {
        "move_pixel": 0.0,
        "identity_collapse": true,
        "mean_validity": -5.653859615325928,
        "validity_rate": 0.94140625,
        "anchor_ed": 0.5006418228149414
      },
      "coverage": {
        "heldout_coverage": 0.0,
        "reachable_spread": 0.0
      },
      "latent_recovery": {
        "moved_per_factor": {
          "cx": 0.0,
          "cy": 0.0,
          "rot": 0.0,
          "scale": 0.0,
          "hue": 0.0,
          "bright": 0.0,
          "stroke": 0.0,
          "bg": 0.0
        },
        "hidden_factor_mass": 0.0
      }
    },
    "KNOWN_ORACLE": {
      "collapse_validity": {
        "move_pixel": 13.176121711730957,
        "identity_collapse": false,
        "mean_validity": -5.707529544830322,
        "validity_rate": 0.953125,
        "anchor_ed": 0.14431285858154297
      },
      "coverage": {
        "heldout_coverage": 0.927734375,
        "heldout_coverage_joint": 0.927734375,
        "per_factor_coverage": {
          "hue": 0.927734375
        },
        "reachable_spread": 0.36071398854255676
      },
      "latent_recovery": {
        "moved_per_factor": {
          "cx": 0.0,
          "cy": 0.0,
          "rot": 0.0,
          "scale": 0.0,
          "hue": 0.3491665720939636,
          "bright": 0.0,
          "stroke": 0.0,
          "bg": 0.0
        },
        "hidden_factor_mass": 1.0
      }
    },
    "RANDOM_VALID_POLICY": {
      "collapse_validity": {
        "move_pixel": 6.8979034423828125,
        "identity_collapse": false,
        "mean_validity": -6.841564655303955,
        "validity_rate": 0.66015625,
        "anchor_ed": 0.4274759292602539
      },
      "coverage": {
        "heldout_coverage": 0.869140625,
        "heldout_coverage_joint": 0.869140625,
        "per_factor_coverage": {
          "hue": 0.869140625
        },
        "reachable_spread": 0.1433490514755249
      },
      "latent_recovery": {
        "moved_per_factor": {
          "cx": 0.03543928638100624,
          "cy": 0.034394700080156326,
          "rot": 0.1291220635175705,
          "scale": 0.03503179922699928,
          "hue": 0.04824494197964668,
          "bright": 0.029924986883997917,
          "stroke": 0.039039455354213715,
          "bg": 0.0
        },
        "hidden_factor_mass": 0.1373727928434484
      }
    },
    "RANDOM_WITH_DECOYS": {
      "collapse_validity": {
        "move_pixel": 7.818701267242432,
        "identity_collapse": false,
        "mean_validity": -7.1085920333862305,
        "validity_rate": 0.5390625,
        "anchor_ed": 0.6682939529418945
      },
      "coverage": {
        "heldout_coverage": 0.892578125,
        "heldout_coverage_joint": 0.892578125,
        "per_factor_coverage": {
          "hue": 0.892578125
        },
        "reachable_spread": 0.10776957869529724
      },
      "latent_recovery": {
        "moved_per_factor": {
          "cx": 0.019903117790818214,
          "cy": 0.018877968192100525,
          "rot": 0.07114962488412857,
          "scale": 0.017844200134277344,
          "hue": 0.029130224138498306,
          "bright": 0.014833815395832062,
          "stroke": 0.021531086415052414,
          "bg": 0.0
        },
        "hidden_factor_mass": 0.15072292633567647
      }
    },
    "LEARNED_SINGLE_POLICY": {
      "quality": {
        "effective_usage": {
          "translate_x": 0.0,
          "translate_y": 0.0,
          "rotate": 0.0,
          "scale": 0.0,
          "hue": 0.9999998807907104,
          "bright": 0.0,
          "stroke": 0.0,
          "crop_erase": 0.0,
          "big_shear": 0.0,
          "bg_shortcut": 0.0,
          "shape_warp": 0.0,
          "occlude": 0.0,
          "color_collapse": 0.0
        },
        "decoy_usage": 0.0,
        "true_family_usage": 0.9999998807907104,
        "true_family_recall": 1.0,
        "true_families_recalled": [
          "hue"
        ],
        "family_entropy": -0.0,
        "max_family_weight": 1.0,
        "top_family": "hue"
      },
      "discover_final": {
        "L_anchor": 0.11747169494628906,
        "move": 7.015741348266602,
        "L_move": 0.0,
        "L_bound": 0.003850044682621956,
        "fam_entropy": 0.3573322892189026
      },
      "collapse_validity": {
        "move_pixel": 10.39471435546875,
        "identity_collapse": false,
        "mean_validity": -5.722155570983887,
        "validity_rate": 0.921875,
        "anchor_ed": 0.08563899993896484
      },
      "coverage": {
        "heldout_coverage": 0.927734375,
        "heldout_coverage_joint": 0.927734375,
        "per_factor_coverage": {
          "hue": 0.927734375
        },
        "reachable_spread": 0.30426904559135437
      },
      "latent_recovery": {
        "moved_per_factor": {
          "cx": 0.0,
          "cy": 0.0,
          "rot": 0.0,
          "scale": 0.0,
          "hue": 0.26149415969848633,
          "bright": 0.0,
          "stroke": 0.0,
          "bg": 0.0
        },
        "hidden_factor_mass": 1.0
      }
    },
    "LEARNED_MULTI_POLICY": {
      "quality": {
        "effective_usage": {
          "translate_x": 0.07239020615816116,
          "translate_y": 0.027230575680732727,
          "rotate": 0.08338059484958649,
          "scale": 0.013649122789502144,
          "hue": 0.22166477143764496,
          "bright": 0.04617539420723915,
          "stroke": 0.5343254804611206,
          "crop_erase": 1.3945439604867715e-05,
          "big_shear": 0.0003190472780261189,
          "bg_shortcut": 7.039806951070204e-05,
          "shape_warp": 0.0004619128303602338,
          "occlude": 0.0,
          "color_collapse": 0.0003185649402439594
        },
        "decoy_usage": 0.0011838685577458818,
        "true_family_usage": 0.22166477143764496,
        "true_family_recall": 1.0,
        "true_families_recalled": [
          "hue"
        ],
        "family_entropy": 0.35664695501327515,
        "max_family_weight": 0.9315481781959534,
        "top_family": "stroke"
      },
      "discover_final": {
        "L_anchor": 0.11747169494628906,
        "move": 7.015741348266602,
        "L_move": 0.0,
        "L_bound": 0.003850044682621956,
        "fam_entropy": 0.3573322892189026
      },
      "collapse_validity": {
        "move_pixel": 9.972023010253906,
        "identity_collapse": false,
        "mean_validity": -5.682116985321045,
        "validity_rate": 0.9375,
        "anchor_ed": 0.07423782348632812
      },
      "coverage": {
        "heldout_coverage": 0.896484375,
        "heldout_coverage_joint": 0.896484375,
        "per_factor_coverage": {
          "hue": 0.896484375
        },
        "reachable_spread": 0.29471132159233093
      },
      "latent_recovery": {
        "moved_per_factor": {
          "cx": 0.0015574968419969082,
          "cy": 0.00037233991315588355,
          "rot": 0.0141024524345994,
          "scale": 0.0006983212078921497,
          "hue": 0.24670502543449402,
          "bright": 0.0008079400868155062,
          "stroke": 0.009688898921012878,
          "bg": 0.0
        },
        "hidden_factor_mass": 0.900605212405304
      }
    },
    "LEARNED_MULTI_NO_ANCHOR": {
      "quality": {
        "effective_usage": {
          "translate_x": 0.0,
          "translate_y": 0.0,
          "rotate": 0.0,
          "scale": 0.0,
          "hue": 0.0,
          "bright": 0.0,
          "stroke": 0.0,
          "crop_erase": 0.0,
          "big_shear": 0.0,
          "bg_shortcut": 0.0,
          "shape_warp": 0.0,
          "occlude": 0.0,
          "color_collapse": 0.0
        },
        "decoy_usage": 0.0,
        "true_family_usage": 0.0,
        "true_family_recall": 0.0,
        "true_families_recalled": [],