{
  "part": "0B",
  "task": "multi_independent",
  "seed": 1,
  "arms": {
    "BASE": {
      "clean_acc": 0.9892578125,
      "heldout_acc": 0.1875,
      "eqm_clean": 0.09521760046482086,
      "eqm_heldout": 0.527870774269104,
      "eqm_gap": 0.43265317380428314
    },
    "RANDOM_VALID": {
      "clean_acc": 0.9775390625,
      "heldout_acc": 0.396484375,
      "eqm_clean": 0.09538392722606659,
      "eqm_heldout": 0.20700275897979736,
      "eqm_gap": 0.11161883175373077
    },
    "KNOWN_ORACLE_SINGLE": {
      "clean_acc": 0.6337890625,
      "heldout_acc": 0.1875,
      "eqm_clean": 0.09532727301120758,
      "eqm_heldout": 0.5247727036476135,
      "eqm_gap": 0.42944543063640594
    },
    "KNOWN_ORACLE_MULTI": {
      "clean_acc": 0.7421875,
      "heldout_acc": 0.474609375,
      "eqm_clean": 0.09638801217079163,
      "eqm_heldout": 0.17267093062400818,
      "eqm_gap": 0.07628291845321655
    },
    "RANDOM_WITH_DECOYS": {
      "clean_acc": 0.9765625,
      "heldout_acc": 0.44921875,
      "eqm_clean": 0.09608124196529388,
      "eqm_heldout": 0.23243451118469238,
      "eqm_gap": 0.1363532692193985
    }
  },
  "gate": {
    "oracle_multi>base": true,
    "oracle_multi>random_valid": true,
    "oracle_multi>random_decoy": true,
    "eqm_oracle<base_gap": true
  },
  "pass": true
}