{
  "task": "single_scale",
  "seed": 2,
  "anchor": "randomconv",
  "true_families": [
    "scale"
  ],
  "hidden": [
    3
  ],
  "valid_ref_validity": -7.654167175292969,
  "decoy_ref_validity": -7.8852763175964355,
  "arms": {
    "BASE_IDENTITY": {
      "collapse_validity": {
        "move_pixel": 0.0,
        "identity_collapse": true,
        "mean_validity": -5.846975326538086,
        "validity_rate": 0.96484375,
        "anchor_ed": 0.29703235626220703
      },
      "coverage": {
        "heldout_coverage": 0.0,
        "reachable_spread": 0.0
      },
      "latent_recovery": {
        "moved_per_factor": {
          "cx": 0.0,
          "cy": 0.0,
          "rot": 0.0,
          "scale": 0.0,
          "hue": 0.0,
          "bright": 0.0,
          "stroke": 0.0,
          "bg": 0.0
        },
        "hidden_factor_mass": 0.0
      }
    },
    "KNOWN_ORACLE": {
      "collapse_validity": {
        "move_pixel": 6.656257152557373,
        "identity_collapse": false,
        "mean_validity": -5.721092700958252,
        "validity_rate": 0.92578125,
        "anchor_ed": 0.11661624908447266
      },
      "coverage": {
        "heldout_coverage": 1.0,
        "heldout_coverage_joint": 1.0,
        "per_factor_coverage": {
          "scale": 1.0
        },
        "reachable_spread": 0.23934075236320496
      },
      "latent_recovery": {
        "moved_per_factor": {
          "cx": 0.0,
          "cy": 0.0,
          "rot": 0.0,
          "scale": 0.2317332774400711,
          "hue": 0.0,
          "bright": 0.0,
          "stroke": 0.0,
          "bg": 0.0
        },
        "hidden_factor_mass": 1.0
      }
    },
    "RANDOM_VALID_POLICY": {
      "collapse_validity": {
        "move_pixel": 7.010180473327637,
        "identity_collapse": false,
        "mean_validity": -7.382431983947754,
        "validity_rate": 0.6328125,
        "anchor_ed": 0.19379329681396484
      },
      "coverage": {
        "heldout_coverage": 1.0,
        "heldout_coverage_joint": 1.0,
        "per_factor_coverage": {
          "scale": 1.0
        },
        "reachable_spread": 0.09120087325572968
      },
      "latent_recovery": {
        "moved_per_factor": {
          "cx": 0.035383403301239014,
          "cy": 0.03501882031559944,
          "rot": 0.1370108723640442,
          "scale": 0.03308272734284401,
          "hue": 0.04936062544584274,
          "bright": 0.02923925779759884,
          "stroke": 0.03971301391720772,
          "bg": 0.0
        },
        "hidden_factor_mass": 0.0922015761790528
      }
    },
    "RANDOM_WITH_DECOYS": {
      "collapse_validity": {
        "move_pixel": 8.058297157287598,
        "identity_collapse": false,
        "mean_validity": -7.560900688171387,
        "validity_rate": 0.62109375,
        "anchor_ed": 0.3848543167114258
      },
      "coverage": {
        "heldout_coverage": 1.0,
        "heldout_coverage_joint": 1.0,
        "per_factor_coverage": {
          "scale": 1.0
        },
        "reachable_spread": 0.07045169919729233
      },
      "latent_recovery": {
        "moved_per_factor": {
          "cx": 0.018075842410326004,
          "cy": 0.020389830693602562,
          "rot": 0.06209716573357582,
          "scale": 0.01843956485390663,
          "hue": 0.0259504783898592,
          "bright": 0.016241848468780518,
          "stroke": 0.019571643322706223,
          "bg": 0.0
        },
        "hidden_factor_mass": 0.10200771558811267
      }
    },
    "LEARNED_SINGLE_POLICY": {
      "quality": {
        "effective_usage": {
          "translate_x": 0.0,
          "translate_y": 0.0,
          "rotate": 0.0,
          "scale": 0.0,
          "hue": 0.0,
          "bright": 0.0,
          "stroke": 1.0,
          "crop_erase": 0.0,
          "big_shear": 0.0,
          "bg_shortcut": 0.0,
          "shape_warp": 0.0,
          "occlude": 0.0,
          "color_collapse": 0.0
        },
        "decoy_usage": 0.0,
        "true_family_usage": 0.0,
        "true_family_recall": 0.0,
        "true_families_recalled": [],
        "family_entropy": -0.0,
        "max_family_weight": 1.0,
        "top_family": "stroke"
      },
      "discover_final": {
        "L_anchor": 0.22962188720703125,
        "move": 5.60162353515625,
        "L_move": 0.0,
        "L_bound": 0.07834544777870178,
        "fam_entropy": 0.8556778430938721
      },
      "collapse_validity": {
        "move_pixel": 3.649366855621338,
        "identity_collapse": false,
        "mean_validity": -5.878046989440918,
        "validity_rate": 0.9453125,
        "anchor_ed": 0.19347190856933594
      },
      "coverage": {
        "heldout_coverage": 0.07421875,
        "heldout_coverage_joint": 0.07421875,
        "per_factor_coverage": {
          "scale": 0.07421875
        },
        "reachable_spread": 0.029143076390028
      },
      "latent_recovery": {
        "moved_per_factor": {
          "cx": 0.0,
          "cy": 0.0,
          "rot": 0.0,
          "scale": 0.0,
          "hue": 0.0,
          "bright": 0.0,
          "stroke": 0.26294293999671936,
          "bg": 0.0
        },
        "hidden_factor_mass": 0.0
      }
    },
    "LEARNED_MULTI_POLICY": {
      "quality": {
        "effective_usage": {
          "translate_x": 0.021625105291604996,
          "translate_y": 0.024376768618822098,
          "rotate": 0.46428370475769043,
          "scale": 0.09629859030246735,
          "hue": 0.0136679382994771,
          "bright": 0.06420999765396118,
          "stroke": 0.3048129379749298,
          "crop_erase": 5.466696893563494e-05,
          "big_shear": 6.408742046914995e-05,
          "bg_shortcut": 0.0013490902492776513,
          "shape_warp": 5.318043986335397e-05,
          "occlude": 0.0,
          "color_collapse": 0.009203940629959106
        },
        "decoy_usage": 0.010724965708504897,
        "true_family_usage": 0.09629859030246735,
        "true_family_recall": 1.0,
        "true_families_recalled": [
          "scale"
        ],
        "family_entropy": 0.8648250102996826,
        "max_family_weight": 0.6680480241775513,
        "top_family": "rotate"
      },
      "discover_final": {
        "L_anchor": 0.22962188720703125,
        "move": 5.60162353515625,
        "L_move": 0.0,
        "L_bound": 0.07834544777870178,
        "fam_entropy": 0.8556778430938721
      },
      "collapse_validity": {
        "move_pixel": 4.337679862976074,
        "identity_collapse": false,
        "mean_validity": -6.099214553833008,
        "validity_rate": 0.8984375,
        "anchor_ed": 0.1931934356689453
      },
      "coverage": {
        "heldout_coverage": 1.0,
        "heldout_coverage_joint": 1.0,
        "per_factor_coverage": {
          "scale": 1.0
        },
        "reachable_spread": 0.045704435557127
      },
      "latent_recovery": {
        "moved_per_factor": {
          "cx": 0.001288432627916336,
          "cy": 0.0050535788759589195,
          "rot": 0.18493899703025818,
          "scale": 0.003108581993728876,
          "hue": 0.0011120857670903206,
          "bright": 0.0030356806237250566,
          "stroke": 0.17377546429634094,
          "bg": 0.0
        },
        "hidden_factor_mass": 0.008349381563108703
      }
    },
    "LEARNED_MULTI_NO_ANCHOR": {
      "quality": {
        "effective_usage": {
          "translate_x": 0.0,
          "translate_y": 0.0,
          "rotate": 0.0,
          "scale": 0.0,
          "hue": 0.0,
          "bright": 0.0,
          "stroke": 0.0,
          "crop_erase": 0.0,
          "big_shear": 0.0,
          "bg_shortcut": 0.0,
          "shape_warp": 0.0,
          "occlude": 0.0,
          "color_collapse": 0.0
        },
        "decoy_usage": 0.0,
        "true_family_usage": 0.0,
        "true_family_recall": 0.0,
        "true_families_recalled": [],
        "family_entropy": 2.56411075592041,
        "max_family_weight": 0.07949640601873398,
        "top_family": "translate_x"
      },