{
  "phase": "3_transfer",
  "dataset": "dsprites",
  "task": "multi",
  "seed": 0,
  "arms": {
    "BASE": {
      "eqm_gap": 0.04827996343374252,
      "eqm_clean": 0.08505696803331375,
      "eqm_heldout": 0.13333693146705627
    },
    "KNOWN_ORACLE": {
      "eqm_gap": 0.031214505434036255,
      "eqm_clean": 0.08609653264284134,
      "eqm_heldout": 0.1173110380768776
    },
    "RANDOM_VALID": {
      "eqm_gap": 0.03793356567621231,
      "eqm_clean": 0.08489453047513962,
      "eqm_heldout": 0.12282809615135193
    },
    "DISCOVERED_MULTI": {
      "eqm_gap": 0.013397932052612305,
      "eqm_clean": 0.08579792827367783,
      "eqm_heldout": 0.09919586032629013,
      "true_family_usage": 0.9508166501764208,
      "decoy_usage": 0.011962440748902736,
      "recall": 0.3333333333333333
    },
    "DISCOVERED_MULTI_NO_ANCHOR": {
      "eqm_gap": 0.04614599794149399,
      "eqm_clean": 0.08441679924726486,
      "eqm_heldout": 0.13056279718875885,
      "true_family_usage": 0.0,
      "decoy_usage": 0.0,
      "recall": 0.0
    }
  },
  "gate": {
    "beats_base": true,
    "beats_random": true,
    "near_oracle": true,
    "anchor_essential": true
  },
  "pass": true
}