{
  "task": "decoy_pressure",
  "seed": 1,
  "anchor": "randomconv",
  "true_families": [
    "rotate",
    "hue"
  ],
  "hidden": [
    2,
    4
  ],
  "valid_ref_validity": -6.809996604919434,
  "decoy_ref_validity": -7.529496669769287,
  "arms": {
    "BASE_IDENTITY": {
      "collapse_validity": {
        "move_pixel": 0.0,
        "identity_collapse": true,
        "mean_validity": -5.609074592590332,
        "validity_rate": 0.90625,
        "anchor_ed": 0.6909580230712891
      },
      "coverage": {
        "heldout_coverage": 0.0,
        "reachable_spread": 0.0
      },
      "latent_recovery": {
        "moved_per_factor": {
          "cx": 0.0,
          "cy": 0.0,
          "rot": 0.0,
          "scale": 0.0,
          "hue": 0.0,
          "bright": 0.0,
          "stroke": 0.0,
          "bg": 0.0
        },
        "hidden_factor_mass": 0.0
      }
    },
    "KNOWN_ORACLE": {
      "collapse_validity": {
        "move_pixel": 9.628705024719238,
        "identity_collapse": false,
        "mean_validity": -5.853106498718262,
        "validity_rate": 0.87890625,
        "anchor_ed": 0.15132522583007812
      },
      "coverage": {
        "heldout_coverage": 0.9833984375,
        "heldout_coverage_joint": 0.0,
        "per_factor_coverage": {
          "rot": 1.0,
          "hue": 0.966796875
        },
        "reachable_spread": 0.46382081508636475
      },
      "latent_recovery": {
        "moved_per_factor": {
          "cx": 0.0,
          "cy": 0.0,
          "rot": 0.45724231004714966,
          "scale": 0.0,
          "hue": 0.17207007110118866,
          "bright": 0.0,
          "stroke": 0.0,
          "bg": 0.0
        },
        "hidden_factor_mass": 0.9999999763215197
      }
    },
    "RANDOM_VALID_POLICY": {
      "collapse_validity": {
        "move_pixel": 6.861364364624023,
        "identity_collapse": false,
        "mean_validity": -6.725451469421387,
        "validity_rate": 0.62890625,
        "anchor_ed": 0.41436195373535156
      },
      "coverage": {
        "heldout_coverage": 0.9404296875,
        "heldout_coverage_joint": 0.0,
        "per_factor_coverage": {
          "rot": 1.0,
          "hue": 0.880859375
        },
        "reachable_spread": 0.2519703507423401
      },
      "latent_recovery": {
        "moved_per_factor": {
          "cx": 0.03420842066407204,
          "cy": 0.03214772045612335,
          "rot": 0.13759702444076538,
          "scale": 0.032355573028326035,
          "hue": 0.050245173275470734,
          "bright": 0.029357125982642174,
          "stroke": 0.04270891472697258,
          "bg": 0.0
        },
        "hidden_factor_mass": 0.5237918120307756
      }
    },
    "RANDOM_WITH_DECOYS": {
      "collapse_validity": {
        "move_pixel": 7.891341209411621,
        "identity_collapse": false,
        "mean_validity": -7.147916793823242,
        "validity_rate": 0.5,
        "anchor_ed": 0.7373828887939453
      },
      "coverage": {
        "heldout_coverage": 0.9326171875,
        "heldout_coverage_joint": 0.0,
        "per_factor_coverage": {
          "rot": 1.0,
          "hue": 0.865234375
        },
        "reachable_spread": 0.20139390230178833
      },
      "latent_recovery": {
        "moved_per_factor": {
          "cx": 0.018263254314661026,
          "cy": 0.020567715167999268,
          "rot": 0.062377914786338806,
          "scale": 0.017728151753544807,
          "hue": 0.02889132685959339,
          "bright": 0.01725560426712036,
          "stroke": 0.022189466282725334,
          "bg": 0.0
        },
        "hidden_factor_mass": 0.487358166262297
      }
    },
    "LEARNED_SINGLE_POLICY": {
      "quality": {
        "effective_usage": {
          "translate_x": 0.0,
          "translate_y": 0.0,
          "rotate": 0.0,
          "scale": 0.0,
          "hue": 0.9999998807907104,
          "bright": 0.0,
          "stroke": 0.0,
          "crop_erase": 0.0,
          "big_shear": 0.0,
          "bg_shortcut": 0.0,
          "shape_warp": 0.0,
          "occlude": 0.0,
          "color_collapse": 0.0
        },
        "decoy_usage": 0.0,
        "true_family_usage": 0.9999998807907104,
        "true_family_recall": 0.5,
        "true_families_recalled": [
          "hue"
        ],
        "family_entropy": -0.0,
        "max_family_weight": 1.0,
        "top_family": "hue"
      },
      "discover_final": {
        "L_anchor": 0.21362876892089844,
        "move": 6.1446638107299805,
        "L_move": 0.0,
        "L_bound": 0.0002162517048418522,
        "fam_entropy": 0.3281116187572479
      },
      "collapse_validity": {
        "move_pixel": 10.128965377807617,
        "identity_collapse": false,
        "mean_validity": -5.973525524139404,
        "validity_rate": 0.79296875,
        "anchor_ed": 0.17145252227783203
      },
      "coverage": {
        "heldout_coverage": 0.466796875,
        "heldout_coverage_joint": 0.0,
        "per_factor_coverage": {
          "rot": 0.0,
          "hue": 0.93359375
        },
        "reachable_spread": 0.19127818942070007
      },
      "latent_recovery": {
        "moved_per_factor": {
          "cx": 0.0,
          "cy": 0.0,
          "rot": 0.0,
          "scale": 0.0,
          "hue": 0.24561524391174316,
          "bright": 0.0,
          "stroke": 0.0,
          "bg": 0.0
        },
        "hidden_factor_mass": 1.0
      }
    },
    "LEARNED_MULTI_POLICY": {
      "quality": {
        "effective_usage": {
          "translate_x": 0.18082258105278015,
          "translate_y": 0.1161593496799469,
          "rotate": 0.2764202058315277,
          "scale": 0.04300496727228165,
          "hue": 0.18167883157730103,
          "bright": 0.09761249274015427,
          "stroke": 0.10037285089492798,
          "crop_erase": 0.00042222646879963577,
          "big_shear": 0.0006899612490087748,
          "bg_shortcut": 0.00024884147569537163,
          "shape_warp": 0.00021671026479452848,
          "occlude": 0.0,
          "color_collapse": 0.0023509948514401913
        },
        "decoy_usage": 0.003928734309738502,
        "true_family_usage": 0.45809903740882874,
        "true_family_recall": 1.0,
        "true_families_recalled": [
          "rotate",
          "hue"
        ],
        "family_entropy": 0.3276809751987457,
        "max_family_weight": 0.9408794045448303,
        "top_family": "rotate"
      },
      "discover_final": {
        "L_anchor": 0.21362876892089844,
        "move": 6.1446638107299805,
        "L_move": 0.0,
        "L_bound": 0.0002162517048418522,
        "fam_entropy": 0.3281116187572479
      },
      "collapse_validity": {
        "move_pixel": 10.05709457397461,
        "identity_collapse": false,
        "mean_validity": -6.168431282043457,
        "validity_rate": 0.8125,
        "anchor_ed": 0.1833963394165039
      },
      "coverage": {
        "heldout_coverage": 0.9501953125,
        "heldout_coverage_joint": 0.0,
        "per_factor_coverage": {
          "rot": 1.0,
          "hue": 0.900390625
        },
        "reachable_spread": 0.207230806350708
      },
      "latent_recovery": {
        "moved_per_factor": {
          "cx": 0.0025495514273643494,
          "cy": 0.001994405873119831,
          "rot": 0.014204643666744232,
          "scale": 0.0015956986462697387,
          "hue": 0.23379646241664886,
          "bright": 0.0005677626468241215,
          "stroke": 0.0017024306580424309,
          "bg": 0.0
        },
        "hidden_factor_mass": 0.9672016733684158
      }
    },
    "LEARNED_MULTI_NO_ANCHOR": {
      "quality": {
        "effective_usage": {
          "translate_x": 0.0,
          "translate_y": 0.0,
          "rotate": 0.0,
          "scale": 0.0,
          "hue": 0.0,
          "bright": 0.0,
          "stroke": 0.0,
          "crop_erase": 0.0,
          "big_shear": 0.0,
          "bg_shortcut": 0.0,
          "shape_warp": 0.0,
          "occlude": 0.0,
          "color_collapse": 0.0
        },
        "decoy_usage": 0.0,