{
  "task": "decoy_pressure",
  "seed": 2,
  "anchor": "randomconv",
  "true_families": [
    "rotate",
    "hue"
  ],
  "hidden": [
    2,
    4
  ],
  "valid_ref_validity": -7.138805866241455,
  "decoy_ref_validity": -7.793275833129883,
  "arms": {
    "BASE_IDENTITY": {
      "collapse_validity": {
        "move_pixel": 0.0,
        "identity_collapse": true,
        "mean_validity": -6.122620105743408,
        "validity_rate": 0.86328125,
        "anchor_ed": 0.7691993713378906
      },
      "coverage": {
        "heldout_coverage": 0.0,
        "reachable_spread": 0.0
      },
      "latent_recovery": {
        "moved_per_factor": {
          "cx": 0.0,
          "cy": 0.0,
          "rot": 0.0,
          "scale": 0.0,
          "hue": 0.0,
          "bright": 0.0,
          "stroke": 0.0,
          "bg": 0.0
        },
        "hidden_factor_mass": 0.0
      }
    },
    "KNOWN_ORACLE": {
      "collapse_validity": {
        "move_pixel": 9.654671669006348,
        "identity_collapse": false,
        "mean_validity": -5.863131523132324,
        "validity_rate": 0.92578125,
        "anchor_ed": 0.1937084197998047
      },
      "coverage": {
        "heldout_coverage": 0.982421875,
        "heldout_coverage_joint": 0.0,
        "per_factor_coverage": {
          "rot": 1.0,
          "hue": 0.96484375
        },
        "reachable_spread": 0.46448346972465515
      },
      "latent_recovery": {
        "moved_per_factor": {
          "cx": 0.0,
          "cy": 0.0,
          "rot": 0.4519151747226715,
          "scale": 0.0,
          "hue": 0.1772974580526352,
          "bright": 0.0,
          "stroke": 0.0,
          "bg": 0.0
        },
        "hidden_factor_mass": 1.0000000236822353
      }
    },
    "RANDOM_VALID_POLICY": {
      "collapse_validity": {
        "move_pixel": 6.821336269378662,
        "identity_collapse": false,
        "mean_validity": -6.938698768615723,
        "validity_rate": 0.67578125,
        "anchor_ed": 0.5210733413696289
      },
      "coverage": {
        "heldout_coverage": 0.9296875,
        "heldout_coverage_joint": 0.0,
        "per_factor_coverage": {
          "rot": 1.0,
          "hue": 0.859375
        },
        "reachable_spread": 0.26272228360176086
      },
      "latent_recovery": {
        "moved_per_factor": {
          "cx": 0.035383403301239014,
          "cy": 0.03501882031559944,
          "rot": 0.1370108723640442,
          "scale": 0.03308272734284401,
          "hue": 0.04936062544584274,
          "bright": 0.02923925779759884,
          "stroke": 0.03971301391720772,
          "bg": 0.0
        },
        "hidden_factor_mass": 0.5194174493185916
      }
    },
    "RANDOM_WITH_DECOYS": {
      "collapse_validity": {
        "move_pixel": 7.839173793792725,
        "identity_collapse": false,
        "mean_validity": -7.272089004516602,
        "validity_rate": 0.5625,
        "anchor_ed": 0.8770484924316406
      },
      "coverage": {
        "heldout_coverage": 0.947265625,
        "heldout_coverage_joint": 0.0,
        "per_factor_coverage": {
          "rot": 1.0,
          "hue": 0.89453125
        },
        "reachable_spread": 0.19656804203987122
      },
      "latent_recovery": {
        "moved_per_factor": {
          "cx": 0.018075842410326004,
          "cy": 0.020389830693602562,
          "rot": 0.06209716573357582,
          "scale": 0.01843956485390663,
          "hue": 0.0259504783898592,
          "bright": 0.016241848468780518,
          "stroke": 0.019571643322706223,
          "bg": 0.0
        },
        "hidden_factor_mass": 0.48707977173571304
      }
    },
    "LEARNED_SINGLE_POLICY": {
      "quality": {
        "effective_usage": {
          "translate_x": 0.0,
          "translate_y": 0.0,
          "rotate": 0.0,
          "scale": 0.0,
          "hue": 1.0,
          "bright": 0.0,
          "stroke": 0.0,
          "crop_erase": 0.0,
          "big_shear": 0.0,
          "bg_shortcut": 0.0,
          "shape_warp": 0.0,
          "occlude": 0.0,
          "color_collapse": 0.0
        },
        "decoy_usage": 0.0,
        "true_family_usage": 1.0,
        "true_family_recall": 0.5,
        "true_families_recalled": [
          "hue"
        ],
        "family_entropy": -0.0,
        "max_family_weight": 1.0,
        "top_family": "hue"
      },
      "discover_final": {
        "L_anchor": 0.2620277404785156,
        "move": 6.165321350097656,
        "L_move": 0.0,
        "L_bound": 9.630649583414197e-05,
        "fam_entropy": 0.32326245307922363
      },
      "collapse_validity": {
        "move_pixel": 9.901994705200195,
        "identity_collapse": false,
        "mean_validity": -6.054205417633057,
        "validity_rate": 0.875,
        "anchor_ed": 0.18274307250976562
      },
      "coverage": {
        "heldout_coverage": 0.4482421875,
        "heldout_coverage_joint": 0.0,
        "per_factor_coverage": {
          "rot": 0.0,
          "hue": 0.896484375
        },
        "reachable_spread": 0.1899908185005188
      },
      "latent_recovery": {
        "moved_per_factor": {
          "cx": 0.0,
          "cy": 0.0,
          "rot": 0.0,
          "scale": 0.0,
          "hue": 0.24687200784683228,
          "bright": 0.0,
          "stroke": 0.0,
          "bg": 0.0
        },
        "hidden_factor_mass": 1.0
      }
    },
    "LEARNED_MULTI_POLICY": {
      "quality": {
        "effective_usage": {
          "translate_x": 0.0028138374909758568,
          "translate_y": 0.020788710564374924,
          "rotate": 0.11805137246847153,
          "scale": 0.09708929806947708,
          "hue": 0.7143266797065735,
          "bright": 0.0059549990110099316,
          "stroke": 0.03830758109688759,
          "crop_erase": 0.0009371888590976596,
          "big_shear": 0.00010538711649132892,
          "bg_shortcut": 6.597209721803665e-05,
          "shape_warp": 0.0005568153574131429,
          "occlude": 0.0,
          "color_collapse": 0.001002166885882616
        },
        "decoy_usage": 0.002667530316102784,
        "true_family_usage": 0.832378052175045,
        "true_family_recall": 1.0,
        "true_families_recalled": [
          "rotate",
          "hue"
        ],
        "family_entropy": 0.3232412338256836,
        "max_family_weight": 0.9403280019760132,
        "top_family": "hue"
      },
      "discover_final": {
        "L_anchor": 0.2620277404785156,
        "move": 6.165321350097656,
        "L_move": 0.0,
        "L_bound": 9.630649583414197e-05,
        "fam_entropy": 0.32326245307922363
      },
      "collapse_validity": {
        "move_pixel": 9.6961088180542,
        "identity_collapse": false,
        "mean_validity": -6.082137107849121,
        "validity_rate": 0.859375,
        "anchor_ed": 0.1954975128173828
      },
      "coverage": {
        "heldout_coverage": 0.966796875,
        "heldout_coverage_joint": 0.0,
        "per_factor_coverage": {
          "rot": 1.0,
          "hue": 0.93359375
        },
        "reachable_spread": 0.21198973059654236
      },
      "latent_recovery": {
        "moved_per_factor": {
          "cx": 0.0014132704818621278,
          "cy": 0.003066400298848748,
          "rot": 0.019269175827503204,
          "scale": 0.0015919847646728158,
          "hue": 0.22941234707832336,
          "bright": 0.00011094648652942851,
          "stroke": 0.0009009541245177388,
          "bg": 0.0
        },
        "hidden_factor_mass": 0.972304438379073
      }
    },
    "LEARNED_MULTI_NO_ANCHOR": {
      "quality": {
        "effective_usage": {
          "translate_x": 0.0,
          "translate_y": 0.0,
          "rotate": 0.0,
          "scale": 0.0,
          "hue": 0.0,
          "bright": 0.0,
          "stroke": 0.0,
          "crop_erase": 0.0,
          "big_shear": 0.0,
          "bg_shortcut": 0.0,
          "shape_warp": 0.0,
          "occlude": 0.0,
          "color_collapse": 0.0
        },
        "decoy_usage": 0.0,
        "true_family_usage": 0.0,