{
  "task": "multi_independent",
  "seed": 1,
  "anchor": "randomconv",
  "true_families": [
    "rotate",
    "hue",
    "scale"
  ],
  "hidden": [
    2,
    4,
    3
  ],
  "valid_ref_validity": -6.361283302307129,
  "decoy_ref_validity": -6.63943338394165,
  "arms": {
    "BASE_IDENTITY": {
      "collapse_validity": {
        "move_pixel": 0.0,
        "identity_collapse": true,
        "mean_validity": -5.849306583404541,
        "validity_rate": 0.7734375,
        "anchor_ed": 0.936676025390625
      },
      "coverage": {
        "heldout_coverage": 0.0,
        "reachable_spread": 0.0
      },
      "latent_recovery": {
        "moved_per_factor": {
          "cx": 0.0,
          "cy": 0.0,
          "rot": 0.0,
          "scale": 0.0,
          "hue": 0.0,
          "bright": 0.0,
          "stroke": 0.0,
          "bg": 0.0
        },
        "hidden_factor_mass": 0.0
      }
    },
    "KNOWN_ORACLE": {
      "collapse_validity": {
        "move_pixel": 8.890719413757324,
        "identity_collapse": false,
        "mean_validity": -5.88095235824585,
        "validity_rate": 0.7421875,
        "anchor_ed": 0.22795486450195312
      },
      "coverage": {
        "heldout_coverage": 0.9889322916666666,
        "heldout_coverage_joint": 0.0,
        "per_factor_coverage": {
          "rot": 1.0,
          "hue": 0.966796875,
          "scale": 1.0
        },
        "reachable_spread": 0.29929831624031067
      },
      "latent_recovery": {
        "moved_per_factor": {
          "cx": 0.0,
          "cy": 0.0,
          "rot": 0.2994222939014435,
          "scale": 0.07596591114997864,
          "hue": 0.11767023056745529,
          "bright": 0.0,
          "stroke": 0.0,
          "bg": 0.0
        },
        "hidden_factor_mass": 0.9999999848890518
      }
    },
    "RANDOM_VALID_POLICY": {
      "collapse_validity": {
        "move_pixel": 7.382102966308594,
        "identity_collapse": false,
        "mean_validity": -6.527331829071045,
        "validity_rate": 0.515625,
        "anchor_ed": 0.2974061965942383
      },
      "coverage": {
        "heldout_coverage": 0.9602864583333334,
        "heldout_coverage_joint": 0.0,
        "per_factor_coverage": {
          "rot": 1.0,
          "hue": 0.880859375,
          "scale": 1.0
        },
        "reachable_spread": 0.19971562922000885
      },
      "latent_recovery": {
        "moved_per_factor": {
          "cx": 0.03420842066407204,
          "cy": 0.03214772045612335,
          "rot": 0.13759702444076538,
          "scale": 0.032355573028326035,
          "hue": 0.050245173275470734,
          "bright": 0.029357125982642174,
          "stroke": 0.04270891472697258,
          "bg": 0.0
        },
        "hidden_factor_mass": 0.6140142670054712
      }
    },
    "RANDOM_WITH_DECOYS": {
      "collapse_validity": {
        "move_pixel": 8.030261039733887,
        "identity_collapse": false,
        "mean_validity": -6.485865592956543,
        "validity_rate": 0.5234375,
        "anchor_ed": 0.5164651870727539
      },
      "coverage": {
        "heldout_coverage": 0.955078125,
        "heldout_coverage_joint": 0.0,
        "per_factor_coverage": {
          "rot": 1.0,
          "hue": 0.865234375,
          "scale": 1.0
        },
        "reachable_spread": 0.15751022100448608
      },
      "latent_recovery": {
        "moved_per_factor": {
          "cx": 0.018263254314661026,
          "cy": 0.020567715167999268,
          "rot": 0.062377914786338806,
          "scale": 0.017728151753544807,
          "hue": 0.02889132685959339,
          "bright": 0.01725560426712036,
          "stroke": 0.022189466282725334,
          "bg": 0.0
        },
        "hidden_factor_mass": 0.5820226926023424
      }
    },
    "LEARNED_SINGLE_POLICY": {
      "quality": {
        "effective_usage": {
          "translate_x": 0.0,
          "translate_y": 0.0,
          "rotate": 0.0,
          "scale": 0.0,
          "hue": 1.0,
          "bright": 0.0,
          "stroke": 0.0,
          "crop_erase": 0.0,
          "big_shear": 0.0,
          "bg_shortcut": 0.0,
          "shape_warp": 0.0,
          "occlude": 0.0,
          "color_collapse": 0.0
        },
        "decoy_usage": 0.0,
        "true_family_usage": 1.0,
        "true_family_recall": 0.3333333333333333,
        "true_families_recalled": [
          "hue"
        ],
        "family_entropy": -0.0,
        "max_family_weight": 1.0,
        "top_family": "hue"
      },
      "discover_final": {
        "L_anchor": 0.3359794616699219,
        "move": 5.572896480560303,
        "L_move": 0.0,
        "L_bound": 0.0240597203373909,
        "fam_entropy": 0.4518395662307739
      },
      "collapse_validity": {
        "move_pixel": 10.106826782226562,
        "identity_collapse": false,
        "mean_validity": -6.088271617889404,
        "validity_rate": 0.67578125,
        "anchor_ed": 0.2958669662475586
      },
      "coverage": {
        "heldout_coverage": 0.33203125,
        "heldout_coverage_joint": 0.0,
        "per_factor_coverage": {
          "rot": 0.0,
          "hue": 0.93359375,
          "scale": 0.0625
        },
        "reachable_spread": 0.135862797498703
      },
      "latent_recovery": {
        "moved_per_factor": {
          "cx": 0.0,
          "cy": 0.0,
          "rot": 0.0,
          "scale": 0.0,
          "hue": 0.24388515949249268,
          "bright": 0.0,
          "stroke": 0.0,
          "bg": 0.0
        },
        "hidden_factor_mass": 1.0
      }
    },
    "LEARNED_MULTI_POLICY": {
      "quality": {
        "effective_usage": {
          "translate_x": 0.19801020622253418,
          "translate_y": 0.0017398539930582047,
          "rotate": 0.1330050826072693,
          "scale": 0.05957644432783127,
          "hue": 0.47242748737335205,
          "bright": 0.09320182353258133,
          "stroke": 0.028334425762295723,
          "crop_erase": 0.0001734114484861493,
          "big_shear": 0.0006528674275614321,
          "bg_shortcut": 0.006660395301878452,
          "shape_warp": 0.00018441806605551392,
          "occlude": 0.0,
          "color_collapse": 0.006033574230968952
        },
        "decoy_usage": 0.0137046664749505,
        "true_family_usage": 0.6650090143084526,
        "true_family_recall": 1.0,
        "true_families_recalled": [
          "rotate",
          "hue",
          "scale"
        ],
        "family_entropy": 0.45267489552497864,
        "max_family_weight": 0.9137198328971863,
        "top_family": "hue"
      },
      "discover_final": {
        "L_anchor": 0.3359794616699219,
        "move": 5.572896480560303,
        "L_move": 0.0,
        "L_bound": 0.0240597203373909,
        "fam_entropy": 0.4518395662307739
      },
      "collapse_validity": {
        "move_pixel": 10.037164688110352,
        "identity_collapse": false,
        "mean_validity": -6.163083076477051,
        "validity_rate": 0.67578125,
        "anchor_ed": 0.28113746643066406
      },
      "coverage": {
        "heldout_coverage": 0.966796875,
        "heldout_coverage_joint": 0.0,
        "per_factor_coverage": {
          "rot": 1.0,
          "hue": 0.900390625,
          "scale": 1.0
        },
        "reachable_spread": 0.15398021042346954
      },
      "latent_recovery": {
        "moved_per_factor": {
          "cx": 0.00552472984418273,
          "cy": 0.004180857911705971,
          "rot": 0.020536763593554497,
          "scale": 0.0017396027687937021,
          "hue": 0.2251940369606018,
          "bright": 0.0014597941190004349,
          "stroke": 0.003092193743214011,
          "bg": 0.0
        },
        "hidden_factor_mass": 0.9455252864324077
      }
    },
    "LEARNED_MULTI_NO_ANCHOR": {
      "quality": {
        "effective_usage": {
          "translate_x": 0.0,
          "translate_y": 0.0,
          "rotate": 0.0,
          "scale": 0.0,
          "hue": 0.0,
          "bright": 0.0,
          "stroke": 0.0,
          "crop_erase": 0.0,
          "big_shear": 0.0,