{
  "task": "single_hue",
  "seed": 2,
  "anchor": "randomconv",
  "true_families": [
    "hue"
  ],
  "hidden": [
    4
  ],
  "valid_ref_validity": -7.09849214553833,
  "decoy_ref_validity": -7.950445175170898,
  "arms": {
    "BASE_IDENTITY": {
      "collapse_validity": {
        "move_pixel": 0.0,
        "identity_collapse": true,
        "mean_validity": -5.615543842315674,
        "validity_rate": 0.984375,
        "anchor_ed": 0.5143260955810547
      },
      "coverage": {
        "heldout_coverage": 0.0,
        "reachable_spread": 0.0
      },
      "latent_recovery": {
        "moved_per_factor": {
          "cx": 0.0,
          "cy": 0.0,
          "rot": 0.0,
          "scale": 0.0,
          "hue": 0.0,
          "bright": 0.0,
          "stroke": 0.0,
          "bg": 0.0
        },
        "hidden_factor_mass": 0.0
      }
    },
    "KNOWN_ORACLE": {
      "collapse_validity": {
        "move_pixel": 13.279067993164062,
        "identity_collapse": false,
        "mean_validity": -5.738214492797852,
        "validity_rate": 0.95703125,
        "anchor_ed": 0.1455860137939453
      },
      "coverage": {
        "heldout_coverage": 0.96484375,
        "heldout_coverage_joint": 0.96484375,
        "per_factor_coverage": {
          "hue": 0.96484375
        },
        "reachable_spread": 0.36220842599868774
      },
      "latent_recovery": {
        "moved_per_factor": {
          "cx": 0.0,
          "cy": 0.0,
          "rot": 0.0,
          "scale": 0.0,
          "hue": 0.3511109948158264,
          "bright": 0.0,
          "stroke": 0.0,
          "bg": 0.0
        },
        "hidden_factor_mass": 1.0
      }
    },
    "RANDOM_VALID_POLICY": {
      "collapse_validity": {
        "move_pixel": 6.6173200607299805,
        "identity_collapse": false,
        "mean_validity": -6.951166152954102,
        "validity_rate": 0.6640625,
        "anchor_ed": 0.5372295379638672
      },
      "coverage": {
        "heldout_coverage": 0.859375,
        "heldout_coverage_joint": 0.859375,
        "per_factor_coverage": {
          "hue": 0.859375
        },
        "reachable_spread": 0.14485673606395721
      },
      "latent_recovery": {
        "moved_per_factor": {
          "cx": 0.035383403301239014,
          "cy": 0.03501882031559944,
          "rot": 0.1370108723640442,
          "scale": 0.03308272734284401,
          "hue": 0.04936062544584274,
          "bright": 0.02923925779759884,
          "stroke": 0.03971301391720772,
          "bg": 0.0
        },
        "hidden_factor_mass": 0.13756808560933226
      }
    },
    "RANDOM_WITH_DECOYS": {
      "collapse_validity": {
        "move_pixel": 8.031672477722168,
        "identity_collapse": false,
        "mean_validity": -7.395345211029053,
        "validity_rate": 0.4921875,
        "anchor_ed": 0.9628896713256836
      },
      "coverage": {
        "heldout_coverage": 0.89453125,
        "heldout_coverage_joint": 0.89453125,
        "per_factor_coverage": {
          "hue": 0.89453125
        },
        "reachable_spread": 0.10770349204540253
      },
      "latent_recovery": {
        "moved_per_factor": {
          "cx": 0.018075842410326004,
          "cy": 0.020389830693602562,
          "rot": 0.06209716573357582,
          "scale": 0.01843956485390663,
          "hue": 0.0259504783898592,
          "bright": 0.016241848468780518,
          "stroke": 0.019571643322706223,
          "bg": 0.0
        },
        "hidden_factor_mass": 0.14355810670919344
      }
    },
    "LEARNED_SINGLE_POLICY": {
      "quality": {
        "effective_usage": {
          "translate_x": 0.0,
          "translate_y": 0.0,
          "rotate": 0.0,
          "scale": 0.0,
          "hue": 1.0,
          "bright": 0.0,
          "stroke": 0.0,
          "crop_erase": 0.0,
          "big_shear": 0.0,
          "bg_shortcut": 0.0,
          "shape_warp": 0.0,
          "occlude": 0.0,
          "color_collapse": 0.0
        },
        "decoy_usage": 0.0,
        "true_family_usage": 1.0,
        "true_family_recall": 1.0,
        "true_families_recalled": [
          "hue"
        ],
        "family_entropy": -0.0,
        "max_family_weight": 1.0,
        "top_family": "hue"
      },
      "discover_final": {
        "L_anchor": 0.15194320678710938,
        "move": 6.412798881530762,
        "L_move": 0.0,
        "L_bound": 0.0016641630791127682,
        "fam_entropy": 0.3977000117301941
      },
      "collapse_validity": {
        "move_pixel": 10.45245361328125,
        "identity_collapse": false,
        "mean_validity": -5.773582458496094,
        "validity_rate": 0.9296875,
        "anchor_ed": 0.08068466186523438
      },
      "coverage": {
        "heldout_coverage": 0.92578125,
        "heldout_coverage_joint": 0.92578125,
        "per_factor_coverage": {
          "hue": 0.92578125
        },
        "reachable_spread": 0.3002428710460663
      },
      "latent_recovery": {
        "moved_per_factor": {
          "cx": 0.0,
          "cy": 0.0,
          "rot": 0.0,
          "scale": 0.0,
          "hue": 0.2658821940422058,
          "bright": 0.0,
          "stroke": 0.0,
          "bg": 0.0
        },
        "hidden_factor_mass": 1.0
      }
    },
    "LEARNED_MULTI_POLICY": {
      "quality": {
        "effective_usage": {
          "translate_x": 0.006724659353494644,
          "translate_y": 0.040369030088186264,
          "rotate": 1.2223792509757914e-05,
          "scale": 0.04668895900249481,
          "hue": 0.727179229259491,
          "bright": 0.044511668384075165,
          "stroke": 0.13384100794792175,
          "crop_erase": 0.00018387527961749583,
          "big_shear": 4.227408498991281e-05,
          "bg_shortcut": 0.00025957843172363937,
          "shape_warp": 0.00016704609151929617,
          "occlude": 0.0,
          "color_collapse": 2.0463472537812777e-05
        },
        "decoy_usage": 0.000673237360388157,
        "true_family_usage": 0.727179229259491,
        "true_family_recall": 1.0,
        "true_families_recalled": [
          "hue"
        ],
        "family_entropy": 0.39710313081741333,
        "max_family_weight": 0.923956036567688,
        "top_family": "hue"
      },
      "discover_final": {
        "L_anchor": 0.15194320678710938,
        "move": 6.412798881530762,
        "L_move": 0.0,
        "L_bound": 0.0016641630791127682,
        "fam_entropy": 0.3977000117301941
      },
      "collapse_validity": {
        "move_pixel": 10.003803253173828,
        "identity_collapse": false,
        "mean_validity": -5.704427242279053,
        "validity_rate": 0.94921875,
        "anchor_ed": 0.08418464660644531
      },
      "coverage": {
        "heldout_coverage": 0.95703125,
        "heldout_coverage_joint": 0.95703125,
        "per_factor_coverage": {
          "hue": 0.95703125
        },
        "reachable_spread": 0.29482099413871765
      },
      "latent_recovery": {
        "moved_per_factor": {
          "cx": 0.0002641170867718756,
          "cy": 0.0019370951922610402,
          "rot": 0.0034620461519807577,
          "scale": 0.0017707996303215623,
          "hue": 0.2433982789516449,
          "bright": 0.0012347579468041658,
          "stroke": 0.0033558132126927376,
          "bg": 0.0
        },
        "hidden_factor_mass": 0.9529227344272317
      }
    },
    "LEARNED_MULTI_NO_ANCHOR": {
      "quality": {
        "effective_usage": {
          "translate_x": 0.0,
          "translate_y": 0.0,
          "rotate": 0.0,
          "scale": 0.0,
          "hue": 0.0,
          "bright": 0.0,
          "stroke": 0.0,
          "crop_erase": 0.0,
          "big_shear": 0.0,
          "bg_shortcut": 0.0,
          "shape_warp": 0.0,
          "occlude": 0.0,
          "color_collapse": 0.0
        },
        "decoy_usage": 0.0,
        "true_family_usage": 0.0,
        "true_family_recall": 0.0,
        "true_families_recalled": [],
        "family_entropy": 2.5641636848449707,