{
  "task": "single_rotation",
  "seed": 2,
  "anchor": "randomconv",
  "true_families": [
    "rotate"
  ],
  "hidden": [
    2
  ],
  "valid_ref_validity": -8.400382995605469,
  "decoy_ref_validity": -8.723831176757812,
  "arms": {
    "BASE_IDENTITY": {
      "collapse_validity": {
        "move_pixel": 0.0,
        "identity_collapse": true,
        "mean_validity": -6.127501487731934,
        "validity_rate": 0.9375,
        "anchor_ed": 0.24448108673095703
      },
      "coverage": {
        "heldout_coverage": 0.0,
        "reachable_spread": 0.0
      },
      "latent_recovery": {
        "moved_per_factor": {
          "cx": 0.0,
          "cy": 0.0,
          "rot": 0.0,
          "scale": 0.0,
          "hue": 0.0,
          "bright": 0.0,
          "stroke": 0.0,
          "bg": 0.0
        },
        "hidden_factor_mass": 0.0
      }
    },
    "KNOWN_ORACLE": {
      "collapse_validity": {
        "move_pixel": 5.324571132659912,
        "identity_collapse": false,
        "mean_validity": -5.459385871887207,
        "validity_rate": 0.98046875,
        "anchor_ed": 0.10662364959716797
      },
      "coverage": {
        "heldout_coverage": 1.0,
        "heldout_coverage_joint": 1.0,
        "per_factor_coverage": {
          "rot": 1.0
        },
        "reachable_spread": 0.942585825920105
      },
      "latent_recovery": {
        "moved_per_factor": {
          "cx": 0.0,
          "cy": 0.0,
          "rot": 0.9128885269165039,
          "scale": 0.0,
          "hue": 0.0,
          "bright": 0.0,
          "stroke": 0.0,
          "bg": 0.0
        },
        "hidden_factor_mass": 1.0
      }
    },
    "RANDOM_VALID_POLICY": {
      "collapse_validity": {
        "move_pixel": 6.726124286651611,
        "identity_collapse": false,
        "mean_validity": -7.989093780517578,
        "validity_rate": 0.66015625,
        "anchor_ed": 0.38320255279541016
      },
      "coverage": {
        "heldout_coverage": 1.0,
        "heldout_coverage_joint": 1.0,
        "per_factor_coverage": {
          "rot": 1.0
        },
        "reachable_spread": 0.3805878460407257
      },
      "latent_recovery": {
        "moved_per_factor": {
          "cx": 0.035383403301239014,
          "cy": 0.03501882031559944,
          "rot": 0.1370108723640442,
          "scale": 0.03308272734284401,
          "hue": 0.04936062544584274,
          "bright": 0.02923925779759884,
          "stroke": 0.03971301391720772,
          "bg": 0.0
        },
        "hidden_factor_mass": 0.3818493637092593
      }
    },
    "RANDOM_WITH_DECOYS": {
      "collapse_validity": {
        "move_pixel": 7.835843086242676,
        "identity_collapse": false,
        "mean_validity": -8.367159843444824,
        "validity_rate": 0.56640625,
        "anchor_ed": 0.7928876876831055
      },
      "coverage": {
        "heldout_coverage": 1.0,
        "heldout_coverage_joint": 1.0,
        "per_factor_coverage": {
          "rot": 1.0
        },
        "reachable_spread": 0.2854326069355011
      },
      "latent_recovery": {
        "moved_per_factor": {
          "cx": 0.018075842410326004,
          "cy": 0.020389830693602562,
          "rot": 0.06209716573357582,
          "scale": 0.01843956485390663,
          "hue": 0.0259504783898592,
          "bright": 0.016241848468780518,
          "stroke": 0.019571643322706223,
          "bg": 0.0
        },
        "hidden_factor_mass": 0.3435216650265196
      }
    },
    "LEARNED_SINGLE_POLICY": {
      "quality": {
        "effective_usage": {
          "translate_x": 0.0,
          "translate_y": 0.0,
          "rotate": 1.0,
          "scale": 0.0,
          "hue": 0.0,
          "bright": 0.0,
          "stroke": 0.0,
          "crop_erase": 0.0,
          "big_shear": 0.0,
          "bg_shortcut": 0.0,
          "shape_warp": 0.0,
          "occlude": 0.0,
          "color_collapse": 0.0
        },
        "decoy_usage": 0.0,
        "true_family_usage": 1.0,
        "true_family_recall": 1.0,
        "true_families_recalled": [
          "rotate"
        ],
        "family_entropy": -0.0,
        "max_family_weight": 1.0,
        "top_family": "rotate"
      },
      "discover_final": {
        "L_anchor": 0.14666080474853516,
        "move": 6.666546821594238,
        "L_move": 0.0,
        "L_bound": 0.0006206981488503516,
        "fam_entropy": 0.5185437798500061
      },
      "collapse_validity": {
        "move_pixel": 4.880462169647217,
        "identity_collapse": false,
        "mean_validity": -5.606098175048828,
        "validity_rate": 0.94140625,
        "anchor_ed": 0.0801401138305664
      },
      "coverage": {
        "heldout_coverage": 1.0,
        "heldout_coverage_joint": 1.0,
        "per_factor_coverage": {
          "rot": 1.0
        },
        "reachable_spread": 0.7196520566940308
      },
      "latent_recovery": {
        "moved_per_factor": {
          "cx": 0.0,
          "cy": 0.0,
          "rot": 0.6604198217391968,
          "scale": 0.0,
          "hue": 0.0,
          "bright": 0.0,
          "stroke": 0.0,
          "bg": 0.0
        },
        "hidden_factor_mass": 1.0
      }
    },
    "LEARNED_MULTI_POLICY": {
      "quality": {
        "effective_usage": {
          "translate_x": 0.04489392787218094,
          "translate_y": 0.006366655696183443,
          "rotate": 0.8164055347442627,
          "scale": 0.028986837714910507,
          "hue": 0.03619438037276268,
          "bright": 0.06620503962039948,
          "stroke": 0.0004158614610787481,
          "crop_erase": 6.46688713459298e-05,
          "big_shear": 4.466517566470429e-05,
          "bg_shortcut": 5.3177267545834184e-05,
          "shape_warp": 0.00017865885456558317,
          "occlude": 0.0,
          "color_collapse": 0.0001904606178868562
        },
        "decoy_usage": 0.0005316307870089076,
        "true_family_usage": 0.8164055347442627,
        "true_family_recall": 1.0,
        "true_families_recalled": [
          "rotate"
        ],
        "family_entropy": 0.5187861919403076,
        "max_family_weight": 0.8972709774971008,
        "top_family": "rotate"
      },
      "discover_final": {
        "L_anchor": 0.14666080474853516,
        "move": 6.666546821594238,
        "L_move": 0.0,
        "L_bound": 0.0006206981488503516,
        "fam_entropy": 0.5185437798500061
      },
      "collapse_validity": {
        "move_pixel": 4.8905110359191895,
        "identity_collapse": false,
        "mean_validity": -5.7263875007629395,
        "validity_rate": 0.9296875,
        "anchor_ed": 0.09572887420654297
      },
      "coverage": {
        "heldout_coverage": 1.0,
        "heldout_coverage_joint": 1.0,
        "per_factor_coverage": {
          "rot": 1.0
        },
        "reachable_spread": 0.6980869770050049
      },
      "latent_recovery": {
        "moved_per_factor": {
          "cx": 0.0036359091755002737,
          "cy": 0.0020408625714480877,
          "rot": 0.5803486704826355,
          "scale": 0.0025154442992061377,
          "hue": 0.004754551686346531,
          "bright": 0.004202576354146004,
          "stroke": 0.0001251031644642353,
          "bg": 0.0
        },
        "hidden_factor_mass": 0.9710947601404765
      }
    },
    "LEARNED_MULTI_NO_ANCHOR": {
      "quality": {
        "effective_usage": {
          "translate_x": 0.0,
          "translate_y": 0.0,
          "rotate": 0.0,
          "scale": 0.0,
          "hue": 0.0,
          "bright": 0.0,
          "stroke": 0.0,
          "crop_erase": 0.0,
          "big_shear": 0.0,
          "bg_shortcut": 0.0,
          "shape_warp": 0.0,
          "occlude": 0.0,
          "color_collapse": 0.0
        },
        "decoy_usage": 0.0,
        "true_family_usage": 0.0,
        "true_family_recall": 0.0,
        "true_families_recalled": [],
        "family_entropy": 2.535484790802002,
        "max_family_weight": 0.08204533904790878,
        "top_family": "translate_x"
      },