{
  "task": "multi_independent",
  "seed": 2,
  "proxy": "eqm_lite",
  "anchor": "randomconv",
  "arms": {
    "BASE": {
      "eqm_clean": 0.08547497540712357,
      "eqm_heldout": 0.5466269254684448,
      "robustness_gap": 0.46115195006132126
    },
    "KNOWN_ORACLE_MULTI": {
      "eqm_clean": 0.08756623417139053,
      "eqm_heldout": 0.16388119757175446,
      "robustness_gap": 0.07631496340036392
    },
    "RANDOM_VALID_POLICY": {
      "eqm_clean": 0.08694426715373993,
      "eqm_heldout": 0.19426082074642181,
      "robustness_gap": 0.10731655359268188
    },
    "DISCOVERED_SINGLE": {
      "eqm_clean": 0.08994799852371216,
      "eqm_heldout": 0.1451045572757721,
      "robustness_gap": 0.055156558752059937
    },
    "DISCOVERED_MULTI": {
      "eqm_clean": 0.08981328457593918,
      "eqm_heldout": 0.14633849263191223,
      "robustness_gap": 0.05652520805597305
    },
    "DISCOVERED_MULTI_NO_ANCHOR": {
      "eqm_clean": 0.08793292194604874,
      "eqm_heldout": 0.40508249402046204,
      "robustness_gap": 0.3171495720744133
    },
    "DISCOVERED_MULTI_NO_DIVERSITY": {
      "eqm_clean": 0.09020520746707916,
      "eqm_heldout": 0.14641718566417694,
      "robustness_gap": 0.05621197819709778
    }
  }
}