{
  "task": "impossible_control",
  "seed": 0,
  "anchor": "randomconv",
  "true_families": [],
  "hidden": [
    7
  ],
  "valid_ref_validity": -9.768911361694336,
  "decoy_ref_validity": -10.086338996887207,
  "arms": {
    "BASE_IDENTITY": {
      "collapse_validity": {
        "move_pixel": 0.0,
        "identity_collapse": true,
        "mean_validity": -6.578342914581299,
        "validity_rate": 0.9921875,
        "anchor_ed": 0.3775157928466797
      },
      "coverage": {
        "heldout_coverage": 0.0,
        "reachable_spread": 0.0
      },
      "latent_recovery": {
        "moved_per_factor": {
          "cx": 0.0,
          "cy": 0.0,
          "rot": 0.0,
          "scale": 0.0,
          "hue": 0.0,
          "bright": 0.0,
          "stroke": 0.0,
          "bg": 0.0
        },
        "hidden_factor_mass": 0.0
      }
    },
    "KNOWN_ORACLE": {
      "collapse_validity": {
        "move_pixel": 7.408287048339844,
        "identity_collapse": false,
        "mean_validity": -9.722330093383789,
        "validity_rate": 0.5390625,
        "anchor_ed": 1.4014739990234375
      },
      "coverage": {
        "heldout_coverage": 0.0,
        "heldout_coverage_joint": 0.0,
        "per_factor_coverage": {
          "bg": 0.0
        },
        "reachable_spread": 0.028847897425293922
      },
      "latent_recovery": {
        "moved_per_factor": {
          "cx": 0.032146912068128586,
          "cy": 0.03438406065106392,
          "rot": 0.13025616109371185,
          "scale": 0.03300926461815834,
          "hue": 0.05079914256930351,
          "bright": 0.030451979488134384,
          "stroke": 0.04196589067578316,
          "bg": 0.0
        },
        "hidden_factor_mass": 0.0
      }
    },
    "RANDOM_VALID_POLICY": {
      "collapse_validity": {
        "move_pixel": 7.1587982177734375,
        "identity_collapse": false,
        "mean_validity": -9.575056076049805,
        "validity_rate": 0.58984375,
        "anchor_ed": 1.2220869064331055
      },
      "coverage": {
        "heldout_coverage": 0.0,
        "heldout_coverage_joint": 0.0,
        "per_factor_coverage": {
          "bg": 0.0
        },
        "reachable_spread": 0.028864599764347076
      },
      "latent_recovery": {
        "moved_per_factor": {
          "cx": 0.03543928638100624,
          "cy": 0.034394700080156326,
          "rot": 0.1291220635175705,
          "scale": 0.03503179922699928,
          "hue": 0.04824494197964668,
          "bright": 0.029924986883997917,
          "stroke": 0.039039455354213715,
          "bg": 0.0
        },
        "hidden_factor_mass": 0.0
      }
    },
    "RANDOM_WITH_DECOYS": {
      "collapse_validity": {
        "move_pixel": 7.986481189727783,
        "identity_collapse": false,
        "mean_validity": -9.696020126342773,
        "validity_rate": 0.55078125,
        "anchor_ed": 1.525705337524414
      },
      "coverage": {
        "heldout_coverage": 0.0,
        "heldout_coverage_joint": 0.0,
        "per_factor_coverage": {
          "bg": 0.0
        },
        "reachable_spread": 0.02875237911939621
      },
      "latent_recovery": {
        "moved_per_factor": {
          "cx": 0.019903117790818214,
          "cy": 0.018877968192100525,
          "rot": 0.07114962488412857,
          "scale": 0.017844200134277344,
          "hue": 0.029130224138498306,
          "bright": 0.014833815395832062,
          "stroke": 0.021531086415052414,
          "bg": 0.0
        },
        "hidden_factor_mass": 0.0
      }
    },
    "LEARNED_SINGLE_POLICY": {
      "quality": {
        "effective_usage": {
          "translate_x": 0.9999997615814209,
          "translate_y": 0.0,
          "rotate": 0.0,
          "scale": 0.0,
          "hue": 0.0,
          "bright": 0.0,
          "stroke": 0.0,
          "crop_erase": 0.0,
          "big_shear": 0.0,
          "bg_shortcut": 0.0,
          "shape_warp": 0.0,
          "occlude": 0.0,
          "color_collapse": 0.0
        },
        "decoy_usage": 0.0,
        "true_family_usage": 0,
        "true_family_recall": 0.0,
        "true_families_recalled": [],
        "family_entropy": -0.0,
        "max_family_weight": 1.0,
        "top_family": "translate_x"
      },
      "discover_final": {
        "L_anchor": 0.40236473083496094,
        "move": 1.5098127126693726,
        "L_move": 0.0,
        "L_bound": 0.0,
        "fam_entropy": 0.43362700939178467
      },
      "collapse_validity": {
        "move_pixel": 0.8670960664749146,
        "identity_collapse": false,
        "mean_validity": -6.54815673828125,
        "validity_rate": 0.98046875,
        "anchor_ed": 0.3171567916870117
      },
      "coverage": {
        "heldout_coverage": 0.0,
        "heldout_coverage_joint": 0.0,
        "per_factor_coverage": {
          "bg": 0.0
        },
        "reachable_spread": 0.028796833008527756
      },
      "latent_recovery": {
        "moved_per_factor": {
          "cx": 0.015228460542857647,
          "cy": 0.0,
          "rot": 0.0,
          "scale": 0.0,
          "hue": 0.0,
          "bright": 0.0,
          "stroke": 0.0,
          "bg": 0.0
        },
        "hidden_factor_mass": 0.0
      }
    },
    "LEARNED_MULTI_POLICY": {
      "quality": {
        "effective_usage": {
          "translate_x": 0.15087126195430756,
          "translate_y": 0.00586698716506362,
          "rotate": 0.001242934726178646,
          "scale": 0.09499070048332214,
          "hue": 0.0010807225480675697,
          "bright": 0.2519597113132477,
          "stroke": 0.49101051688194275,
          "crop_erase": 0.0009243171662092209,
          "big_shear": 1.7576641766936518e-05,
          "bg_shortcut": 0.0013468549586832523,
          "shape_warp": 0.000569883908610791,
          "occlude": 0.0,
          "color_collapse": 0.00011846359120681882
        },
        "decoy_usage": 0.0029770962664770195,
        "true_family_usage": 0,
        "true_family_recall": 0.0,
        "true_families_recalled": [],
        "family_entropy": 0.43388432264328003,
        "max_family_weight": 0.9131170511245728,
        "top_family": "stroke"
      },
      "discover_final": {
        "L_anchor": 0.40236473083496094,
        "move": 1.5098127126693726,
        "L_move": 0.0,
        "L_bound": 0.0,
        "fam_entropy": 0.43362700939178467
      },
      "collapse_validity": {
        "move_pixel": 0.9321953654289246,
        "identity_collapse": false,
        "mean_validity": -6.477618217468262,
        "validity_rate": 0.984375,
        "anchor_ed": 0.31807994842529297
      },
      "coverage": {
        "heldout_coverage": 0.0,
        "heldout_coverage_joint": 0.0,
        "per_factor_coverage": {
          "bg": 0.0
        },
        "reachable_spread": 0.028591498732566833
      },
      "latent_recovery": {
        "moved_per_factor": {
          "cx": 0.014141456224024296,
          "cy": 0.00013973026943858713,
          "rot": 0.001001708093099296,
          "scale": 0.0009476711275056005,
          "hue": 8.5341242083814e-05,
          "bright": 0.0016401611501350999,
          "stroke": 0.0042909057810902596,
          "bg": 0.0
        },
        "hidden_factor_mass": 0.0
      }
    },
    "LEARNED_MULTI_NO_ANCHOR": {
      "quality": {
        "effective_usage": {
          "translate_x": 0.0,
          "translate_y": 0.0,
          "rotate": 0.0,
          "scale": 0.0,
          "hue": 0.0,
          "bright": 0.0,
          "stroke": 0.0,
          "crop_erase": 0.0,
          "big_shear": 0.0,
          "bg_shortcut": 0.0,
          "shape_warp": 0.0,
          "occlude": 0.0,
          "color_collapse": 0.0
        },
        "decoy_usage": 0.0,
        "true_family_usage": 0,
        "true_family_recall": 0.0,
        "true_families_recalled": [],
        "family_entropy": 2.564945697784424,
        "max_family_weight": 0.07704997062683105,
        "top_family": "translate_x"
      },
      "discover_final": {
        "move": 7.810642719268799,