{
  "task": "single_rotation",
  "seed": 0,
  "anchor": "randomconv",
  "true_families": [
    "rotate"
  ],
  "hidden": [
    2
  ],
  "valid_ref_validity": -8.400320053100586,
  "decoy_ref_validity": -8.571797370910645,
  "arms": {
    "BASE_IDENTITY": {
      "collapse_validity": {
        "move_pixel": 0.0,
        "identity_collapse": true,
        "mean_validity": -6.053781509399414,
        "validity_rate": 0.91796875,
        "anchor_ed": 0.2698211669921875
      },
      "coverage": {
        "heldout_coverage": 0.0,
        "reachable_spread": 0.0
      },
      "latent_recovery": {
        "moved_per_factor": {
          "cx": 0.0,
          "cy": 0.0,
          "rot": 0.0,
          "scale": 0.0,
          "hue": 0.0,
          "bright": 0.0,
          "stroke": 0.0,
          "bg": 0.0
        },
        "hidden_factor_mass": 0.0
      }
    },
    "KNOWN_ORACLE": {
      "collapse_validity": {
        "move_pixel": 5.858129978179932,
        "identity_collapse": false,
        "mean_validity": -5.648468494415283,
        "validity_rate": 0.97265625,
        "anchor_ed": 0.11817169189453125
      },
      "coverage": {
        "heldout_coverage": 1.0,
        "heldout_coverage_joint": 1.0,
        "per_factor_coverage": {
          "rot": 1.0
        },
        "reachable_spread": 0.9376905560493469
      },
      "latent_recovery": {
        "moved_per_factor": {
          "cx": 0.0,
          "cy": 0.0,
          "rot": 0.9078331589698792,
          "scale": 0.0,
          "hue": 0.0,
          "bright": 0.0,
          "stroke": 0.0,
          "bg": 0.0
        },
        "hidden_factor_mass": 1.0
      }
    },
    "RANDOM_VALID_POLICY": {
      "collapse_validity": {
        "move_pixel": 7.059421539306641,
        "identity_collapse": false,
        "mean_validity": -8.190069198608398,
        "validity_rate": 0.58203125,
        "anchor_ed": 0.4756793975830078
      },
      "coverage": {
        "heldout_coverage": 1.0,
        "heldout_coverage_joint": 1.0,
        "per_factor_coverage": {
          "rot": 1.0
        },
        "reachable_spread": 0.37867602705955505
      },
      "latent_recovery": {
        "moved_per_factor": {
          "cx": 0.03543928638100624,
          "cy": 0.034394700080156326,
          "rot": 0.1291220635175705,
          "scale": 0.03503179922699928,
          "hue": 0.04824494197964668,
          "bright": 0.029924986883997917,
          "stroke": 0.039039455354213715,
          "bg": 0.0
        },
        "hidden_factor_mass": 0.3676625518712604
      }
    },
    "RANDOM_WITH_DECOYS": {
      "collapse_validity": {
        "move_pixel": 8.723079681396484,
        "identity_collapse": false,
        "mean_validity": -8.68962287902832,
        "validity_rate": 0.4609375,
        "anchor_ed": 0.9760255813598633
      },
      "coverage": {
        "heldout_coverage": 1.0,
        "heldout_coverage_joint": 1.0,
        "per_factor_coverage": {
          "rot": 1.0
        },
        "reachable_spread": 0.2747911214828491
      },
      "latent_recovery": {
        "moved_per_factor": {
          "cx": 0.019903117790818214,
          "cy": 0.018877968192100525,
          "rot": 0.07114962488412857,
          "scale": 0.017844200134277344,
          "hue": 0.029130224138498306,
          "bright": 0.014833815395832062,
          "stroke": 0.021531086415052414,
          "bg": 0.0
        },
        "hidden_factor_mass": 0.36813584472386246
      }
    },
    "LEARNED_SINGLE_POLICY": {
      "quality": {
        "effective_usage": {
          "translate_x": 0.0,
          "translate_y": 0.0,
          "rotate": 1.0,
          "scale": 0.0,
          "hue": 0.0,
          "bright": 0.0,
          "stroke": 0.0,
          "crop_erase": 0.0,
          "big_shear": 0.0,
          "bg_shortcut": 0.0,
          "shape_warp": 0.0,
          "occlude": 0.0,
          "color_collapse": 0.0
        },
        "decoy_usage": 0.0,
        "true_family_usage": 1.0,
        "true_family_recall": 1.0,
        "true_families_recalled": [
          "rotate"
        ],
        "family_entropy": -0.0,
        "max_family_weight": 1.0,
        "top_family": "rotate"
      },
      "discover_final": {
        "L_anchor": 0.10371971130371094,
        "move": 7.581083297729492,
        "L_move": 0.0,
        "L_bound": 0.0,
        "fam_entropy": 0.45752328634262085
      },
      "collapse_validity": {
        "move_pixel": 4.751927375793457,
        "identity_collapse": false,
        "mean_validity": -5.711190223693848,
        "validity_rate": 0.9453125,
        "anchor_ed": 0.0982675552368164
      },
      "coverage": {
        "heldout_coverage": 1.0,
        "heldout_coverage_joint": 1.0,
        "per_factor_coverage": {
          "rot": 1.0
        },
        "reachable_spread": 0.6084213256835938
      },
      "latent_recovery": {
        "moved_per_factor": {
          "cx": 0.0,
          "cy": 0.0,
          "rot": 0.6229778528213501,
          "scale": 0.0,
          "hue": 0.0,
          "bright": 0.0,
          "stroke": 0.0,
          "bg": 0.0
        },
        "hidden_factor_mass": 1.0
      }
    },
    "LEARNED_MULTI_POLICY": {
      "quality": {
        "effective_usage": {
          "translate_x": 0.005772899836301804,
          "translate_y": 0.009583531878888607,
          "rotate": 0.9354655146598816,
          "scale": 0.027107341215014458,
          "hue": 0.00016920034249778837,
          "bright": 0.016809802502393723,
          "stroke": 0.004799366928637028,
          "crop_erase": 5.987999975332059e-05,
          "big_shear": 2.401946039753966e-05,
          "bg_shortcut": 6.841635331511497e-05,
          "shape_warp": 6.463018507929519e-05,
          "occlude": 0.0,
          "color_collapse": 7.540092337876558e-05
        },
        "decoy_usage": 0.000292346921924036,
        "true_family_usage": 0.9354655146598816,
        "true_family_recall": 1.0,
        "true_families_recalled": [
          "rotate"
        ],
        "family_entropy": 0.4571874737739563,
        "max_family_weight": 0.9063899517059326,
        "top_family": "rotate"
      },
      "discover_final": {
        "L_anchor": 0.10371971130371094,
        "move": 7.581083297729492,
        "L_move": 0.0,
        "L_bound": 0.0,
        "fam_entropy": 0.45752328634262085
      },
      "collapse_validity": {
        "move_pixel": 4.157922744750977,
        "identity_collapse": false,
        "mean_validity": -5.594132900238037,
        "validity_rate": 0.94921875,
        "anchor_ed": 0.115020751953125
      },
      "coverage": {
        "heldout_coverage": 1.0,
        "heldout_coverage_joint": 1.0,
        "per_factor_coverage": {
          "rot": 1.0
        },
        "reachable_spread": 0.5947955846786499
      },
      "latent_recovery": {
        "moved_per_factor": {
          "cx": 0.0011048241285607219,
          "cy": 0.0016234706854447722,
          "rot": 0.5621817708015442,
          "scale": 0.003535244381055236,
          "hue": 0.0,
          "bright": 0.001446176553145051,
          "stroke": 0.0011009558802470565,
          "bg": 0.0
        },
        "hidden_factor_mass": 0.9845695005586835
      }
    },
    "LEARNED_MULTI_NO_ANCHOR": {
      "quality": {
        "effective_usage": {
          "translate_x": 0.0,
          "translate_y": 0.0,
          "rotate": 0.0,
          "scale": 0.0,
          "hue": 0.0,
          "bright": 0.0,
          "stroke": 0.0,
          "crop_erase": 0.0,
          "big_shear": 0.0,
          "bg_shortcut": 0.0,
          "shape_warp": 0.0,
          "occlude": 0.0,
          "color_collapse": 0.0
        },
        "decoy_usage": 0.0,
        "true_family_usage": 0.0,
        "true_family_recall": 0.0,
        "true_families_recalled": [],
        "family_entropy": 2.564937114715576,
        "max_family_weight": 0.07715339958667755,
        "top_family": "translate_x"
      },
      "discover_final": {
        "move": 6.950873374938965,
        "L_move": 0.0,