{
  "phase": "3_transfer",
  "dataset": "MNIST",
  "task": "multi",
  "seed": 0,
  "arms": {
    "BASE": {
      "eqm_gap": 0.11550374329090118,
      "eqm_clean": 0.09158965945243835,
      "eqm_heldout": 0.20709340274333954
    },
    "KNOWN_ORACLE": {
      "eqm_gap": 0.05036039650440216,
      "eqm_clean": 0.09232279658317566,
      "eqm_heldout": 0.14268319308757782
    },
    "RANDOM_VALID": {
      "eqm_gap": 0.07974289357662201,
      "eqm_clean": 0.09239472448825836,
      "eqm_heldout": 0.17213761806488037
    },
    "DISCOVERED_MULTI": {
      "eqm_gap": 0.022856608033180237,
      "eqm_clean": 0.09255380928516388,
      "eqm_heldout": 0.11541041731834412,
      "true_family_usage": 0.9397225761786103,
      "decoy_usage": 0.0027068066046922468,
      "recall": 0.3333333333333333
    },
    "DISCOVERED_MULTI_NO_ANCHOR": {
      "eqm_gap": 0.11374159157276154,
      "eqm_clean": 0.09112264215946198,
      "eqm_heldout": 0.2048642337322235,
      "true_family_usage": 0.0,
      "decoy_usage": 0.0,
      "recall": 0.0
    }
  },
  "gate": {
    "beats_base": true,
    "beats_random": true,
    "near_oracle": true,
    "anchor_essential": true
  },
  "pass": true
}