{
  "ckpt": "/n/home03/mkrasnow/masked-EqM-stage2-results/stage2_structmask_seed0_v2_job34382652/000-EqM-B-2-Linear-velocity-None-ebm-none/checkpoints/epoch01.pt",
  "num_images": 256,
  "mask_prob": 0.5,
  "mask_mode": "structured",
  "hard_constrain": false,
  "has_lpips": true,
  "mean_masked_mse": 0.23180652251903666,
  "mean_lpips": 0.32725446770200506,
  "per_image_mse": [
    0.12997613847255707,
    0.33200356364250183,
    0.12505777180194855,
    0.2221727818250656,
    0.29854801297187805,
    0.047720495611429214,
    0.3959909975528717,
    0.15011511743068695,
    0.20471283793449402,
    0.18475373089313507,
    0.0270792618393898,
    0.18289770185947418,
    0.1440119445323944,
    0.06421732902526855,
    0.07390830665826797,
    0.25119462609291077,
    0.43742430210113525,
    0.29649659991264343,
    0.20775431394577026,
    0.0941329300403595,
    0.21448980271816254,
    0.33837732672691345,
    0.39730700850486755,
    0.37836509943008423,
    0.21759335696697235,
    0.21801723539829254,
    0.261898010969162,
    0.40530580282211304,
    0.15324483811855316,
    0.15222901105880737,
    0.30771300196647644,
    0.49472108483314514,
    0.2017340511083603,
    0.12849266827106476,
    0.13168120384216309,
    0.2904222905635834,
    0.15037056803703308,
    0.2151908427476883,
    0.02300645224750042,
    0.08393222093582153,
    0.057132262736558914,
    0.2090996354818344,
    0.061223823577165604,
    0.38828104734420776,
    0.2353212982416153,
    0.08482775092124939,
    0.6573226451873779,
    0.18202869594097137,
    0.058883994817733765,
    0.2891784906387329,
    0.3753608167171478,
    0.3308839797973633,
    0.5052083134651184,
    0.06313204020261765,
    0.12514273822307587,
    0.22319503128528595,
    0.03495583310723305,
    0.2859128713607788,
    0.35305115580558777,
    0.20276005566120148,
    0.10578781366348267,
    0.23618052899837494,
    0.28985700011253357,
    0.07344896346330643,
    0.2571274936199188,
    0.44084635376930237,
    0.3166111409664154,
    0.20393788814544678,
    0.3437865078449249,
    0.1807754635810852,
    0.2141735553741455,
    0.24375969171524048,
    0.028553670272231102,
    0.2927979826927185,
    0.12006945163011551,
    0.1593881994485855,
    0.26957622170448303,
    0.049853526055812836,
    0.12626391649246216,
    0.1697665899991989,
    0.3397778570652008,
    0.18155229091644287,
    0.22320716083049774,
    0.2121891975402832,
    0.15433722734451294,
    0.08887845277786255,
    0.19341176748275757,
    0.11628054827451706,
    0.0599018819630146,
    0.3503524959087372,
    0.4149389863014221,
    0.20039117336273193,
    0.16323867440223694,
    0.1657811850309372,
    0.19209660589694977,
    0.19081932306289673,
    0.36631089448928833,
    0.42658042907714844,
    0.2521302103996277,
    0.15128840506076813,
    0.21570706367492676,
    0.29778262972831726,
    0.1958683729171753,
    0.4266788959503174,
    0.1999029666185379,
    0.187486469745636,
    0.16198992729187012,
    0.09928100556135178,
    0.3274241089820862,
    0.3200814723968506,
    0.1858450174331665,
    0.38953426480293274,
    0.30085256695747375,
    0.10955004394054413,
    0.3444473445415497,
    0.1946660280227661,
    0.23146212100982666,
    0.08373499661684036,
    0.11348684877157211,
    0.1419440060853958,
    0.37866848707199097,
    0.4741753339767456,
    0.15722745656967163,
    0.21507757902145386,
    0.1797991544008255,
    0.030692627653479576,
    0.2547142803668976,
    0.0901336595416069,
    0.1451151818037033,
    0.3856237828731537,
    0.18362931907176971,
    0.07808029651641846,
    0.25206243991851807,
    0.27891233563423157,
    0.03137537091970444,
    0.45594993233680725,
    0.3800174295902252,
    0.2229466587305069,
    0.11876273155212402,
    0.07928058505058289,
    0.15458987653255463,
    0.318680077791214,
    0.24443066120147705,
    0.2263999730348587,
    0.332996666431427,
    0.20211108028888702,
    0.20839421451091766,
    0.18579156696796417,
    0.07683251798152924,
    0.16184145212173462,
    0.27047592401504517,
    0.45590224862098694,
    0.6025657057762146,
    0.12709875404834747,
    0.08076237887144089,
    0.2636455297470093,
    0.26590123772621155,
    0.24985921382904053,
    0.1004636362195015,
    0.18257419764995575,
    0.13748012483119965,
    0.233380988240242,
    0.8485780358314514,
    0.2870022654533386,
    0.20347391068935394,
    0.12271992117166519,
    0.14610379934310913,
    0.22210048139095306,
    0.2978147566318512,
    0.30372801423072815,
    0.2933662533760071,
    0.155635803937912,
    0.12316437810659409,
    0.18026085197925568,
    0.24400587379932404,
    0.22319194674491882,
    0.5228884220123291,
    0.1644623726606369,
    0.2530066668987274,
    0.5240305662155151,
    0.27842220664024353,
    0.2536257803440094,
    0.5987762808799744,
    0.15762652456760406,
    0.3427211344242096,
    0.07808926701545715,
    0.2624373733997345,
    0.15956509113311768,
    0.05508260056376457,
    0.3048096001148224,
    0.12542958557605743,
    0.4771415591239929,
    0.14817704260349274,
    0.08431332558393478,
    0.16299039125442505,
    0.10887334495782852,
    0.18053293228149414,
    0.14607657492160797,
    0.21257992088794708,
    0.40480902791023254,
    0.7345712780952454,
    0.17018567025661469,
    0.45844748616218567,
    0.1606285572052002,
    0.17394007742404938,
    0.3014369010925293,
    0.16075919568538666,
    0.12323597073554993,
    0.17101162672042847,
    0.19354136288166046,
    0.24646033346652985,
    0.09998494386672974,
    0.20640718936920166,
    0.06990543007850647,
    0.3824639320373535,
    0.24513177573680878,
    0.17190971970558167,
    0.1932222694158554,
    0.21563684940338135,
    0.2567060887813568,
    0.2572055459022522,
    0.218068465590477,
    0.19547468423843384,
    0.13172288239002228,
    0.1878819465637207,
    0.5929091572761536,
    0.1600651890039444,
    0.08136902004480362,
    0.2341548353433609,
    0.07097750157117844,
    0.25556841492652893,
    0.06960329413414001,
    0.2269689440727234,
    0.1689053177833557,
    0.4485345184803009,
    0.22590601444244385,
    0.04275451973080635,
    0.27094724774360657,
    0.18107382953166962,
    0.23500065505504608,
    0.3989250957965851,
    0.08164724707603455,
    0.2728193700313568,
    0.12414026260375977,
    0.18692384660243988,
    0.1067376509308815,
    0.3346535265445709,
    0.9869933128356934,
    0.07383649796247482,
    0.3478984534740448,
    0.6023757457733154,
    0.0988624170422554,
    0.3701404631137848,
    0.46576860547065735,
    0.23474626243114471,
    0.08236981183290482
  ]
}