{
  "ckpt": "/n/home03/mkrasnow/masked-EqM-stage2-results/stage2_structmask_seed2_v2_job34382654/000-EqM-B-2-Linear-velocity-None-ebm-none/checkpoints/epoch01.pt",
  "num_images": 256,
  "mask_prob": 0.5,
  "mask_mode": "structured",
  "hard_constrain": false,
  "has_lpips": true,
  "mean_masked_mse": 0.22666277194366558,
  "mean_lpips": 0.32563463802216575,
  "per_image_mse": [
    0.12383779138326645,
    0.338407039642334,
    0.11568454653024673,
    0.22044862806797028,
    0.30614614486694336,
    0.05278133228421211,
    0.39377665519714355,
    0.1561010479927063,
    0.19557873904705048,
    0.188911572098732,
    0.024164913222193718,
    0.1735900193452835,
    0.1404501348733902,
    0.06033441796898842,
    0.0698871836066246,
    0.24428534507751465,
    0.4445115327835083,
    0.27059367299079895,
    0.19813139736652374,
    0.08235710114240646,
    0.22391541302204132,
    0.3487274944782257,
    0.3899299204349518,
    0.36120280623435974,
    0.213998481631279,
    0.19502371549606323,
    0.25460317730903625,
    0.3758235275745392,
    0.14372648298740387,
    0.14864203333854675,
    0.31142380833625793,
    0.5432141423225403,
    0.20196901261806488,
    0.11082387715578079,
    0.12355406582355499,
    0.2935721278190613,
    0.14822518825531006,
    0.20814836025238037,
    0.020800692960619926,
    0.07421335577964783,
    0.05520707368850708,
    0.20420873165130615,
    0.06008068844676018,
    0.3779255747795105,
    0.2298925369977951,
    0.08172007650136948,
    0.6253077983856201,
    0.16757981479167938,
    0.05694553256034851,
    0.2863979935646057,
    0.36559927463531494,
    0.3139495551586151,
    0.5233079791069031,
    0.06108417734503746,
    0.11650393158197403,
    0.23311106860637665,
    0.03289419785141945,
    0.2716061472892761,
    0.35244789719581604,
    0.19077223539352417,
    0.10552801936864853,
    0.22532372176647186,
    0.28669869899749756,
    0.07183528691530228,
    0.2591930031776428,
    0.3861810863018036,
    0.3451811373233795,
    0.2040434628725052,
    0.3207278549671173,
    0.18257780373096466,
    0.1958138346672058,
    0.23493199050426483,
    0.027761587873101234,
    0.26983827352523804,
    0.11755067110061646,
    0.14990763366222382,
    0.2636578381061554,
    0.049449268728494644,
    0.11851722002029419,
    0.17307665944099426,
    0.33897823095321655,
    0.1681917905807495,
    0.21528904139995575,
    0.18351513147354126,
    0.15572236478328705,
    0.110072560608387,
    0.20454740524291992,
    0.12417983263731003,
    0.06692345440387726,
    0.37455645203590393,
    0.4074524939060211,
    0.20190775394439697,
    0.14044919610023499,
    0.1528954952955246,
    0.19074375927448273,
    0.18940697610378265,
    0.3560578227043152,
    0.4184105396270752,
    0.24108126759529114,
    0.151641383767128,
    0.21835942566394806,
    0.3054707944393158,
    0.19744008779525757,
    0.42687010765075684,
    0.20312976837158203,
    0.18300701677799225,
    0.16513195633888245,
    0.07722830772399902,
    0.3173416554927826,
    0.31378844380378723,
    0.18214522302150726,
    0.3796257972717285,
    0.30444225668907166,
    0.10351130366325378,
    0.3481995761394501,
    0.20445029437541962,
    0.2200496643781662,
    0.07591462135314941,
    0.0954677164554596,
    0.1370110958814621,
    0.3874899744987488,
    0.45597705245018005,
    0.1612652987241745,
    0.21272732317447662,
    0.17767682671546936,
    0.03180350363254547,
    0.23937717080116272,
    0.08781053870916367,
    0.1460530012845993,
    0.3753349483013153,
    0.1594693511724472,
    0.07851096987724304,
    0.253143310546875,
    0.26434698700904846,
    0.03246920928359032,
    0.44152095913887024,
    0.3893214464187622,
    0.22985412180423737,
    0.09858664870262146,
    0.07388675957918167,
    0.1415785849094391,
    0.28902900218963623,
    0.23779721558094025,
    0.22780059278011322,
    0.38872289657592773,
    0.19896014034748077,
    0.21265749633312225,
    0.18413102626800537,
    0.07726753503084183,
    0.1558576375246048,
    0.2508758008480072,
    0.4468182623386383,
    0.5983852744102478,
    0.12315338850021362,
    0.0852036401629448,
    0.24717633426189423,
    0.25837838649749756,
    0.2384016513824463,
    0.08878788352012634,
    0.1733931303024292,
    0.13977278769016266,
    0.22714774310588837,
    0.7890195846557617,
    0.2856331765651703,
    0.18281009793281555,
    0.129172682762146,
    0.13908915221691132,
    0.2247813194990158,
    0.29730644822120667,
    0.3032810688018799,
    0.29600077867507935,
    0.15790647268295288,
    0.13543236255645752,
    0.16569016873836517,
    0.2517828941345215,
    0.2239265888929367,
    0.4854957163333893,
    0.15809869766235352,
    0.25413545966148376,
    0.46396151185035706,
    0.29048779606819153,
    0.25812071561813354,
    0.5869280695915222,
    0.1616756170988083,
    0.3377573490142822,
    0.07284616678953171,
    0.2830003798007965,
    0.15895409882068634,
    0.057985734194517136,
    0.30100712180137634,
    0.1218482255935669,
    0.4634324014186859,
    0.13898590207099915,
    0.07852593064308167,
    0.166869655251503,
    0.09960746765136719,
    0.1689954400062561,
    0.12997977435588837,
    0.20008189976215363,
    0.3998561203479767,
    0.7549088001251221,
    0.17038975656032562,
    0.4642912745475769,
    0.1543802171945572,
    0.16378037631511688,
    0.286212295293808,
    0.1538873165845871,
    0.12122597545385361,
    0.15484832227230072,
    0.1790076345205307,
    0.2340889573097229,
    0.09971662610769272,
    0.19297891855239868,
    0.06669073551893234,
    0.3594745695590973,
    0.2355104684829712,
    0.1635303497314453,
    0.1825210452079773,
    0.2047826200723648,
    0.24048477411270142,
    0.24841657280921936,
    0.21621932089328766,
    0.21304653584957123,
    0.0891411155462265,
    0.17470405995845795,
    0.5329517126083374,
    0.15695910155773163,
    0.08777918666601181,
    0.23914223909378052,
    0.06523779779672623,
    0.2400885820388794,
    0.06678882986307144,
    0.21642892062664032,
    0.17977936565876007,
    0.4423133432865143,
    0.197504460811615,
    0.03834151476621628,
    0.2639313340187073,
    0.1863888055086136,
    0.24251551926136017,
    0.39754489064216614,
    0.08589595556259155,
    0.272914856672287,
    0.1274791806936264,
    0.17667758464813232,
    0.10346982628107071,
    0.3211166262626648,
    0.971391499042511,
    0.073079414665699,
    0.3366228938102722,
    0.608543336391449,
    0.09891944378614426,
    0.364245742559433,
    0.46401453018188477,
    0.22519047558307648,
    0.07331984490156174
  ]
}