{
  "ckpt": "/n/home03/mkrasnow/masked-EqM-stage2-results/stage2_gm_seed2_v2_job34382924/000-EqM-B-2-Linear-velocity-None-ebm-none/checkpoints/epoch01.pt",
  "num_images": 256,
  "mask_prob": 0.5,
  "mask_mode": "structured",
  "hard_constrain": false,
  "has_lpips": true,
  "mean_masked_mse": 0.2502375598269282,
  "mean_lpips": 0.34889371012104675,
  "per_image_mse": [
    0.1442614197731018,
    0.3349279463291168,
    0.14044107496738434,
    0.22694548964500427,
    0.32399940490722656,
    0.07799681276082993,
    0.4916815757751465,
    0.1518665850162506,
    0.19072073698043823,
    0.21033139526844025,
    0.02777940034866333,
    0.18694078922271729,
    0.1462581902742386,
    0.10813721269369125,
    0.07500005513429642,
    0.24747103452682495,
    0.47495242953300476,
    0.26888540387153625,
    0.20005953311920166,
    0.09277814626693726,
    0.24975192546844482,
    0.3596768081188202,
    0.4016730487346649,
    0.36334654688835144,
    0.2280321717262268,
    0.20116591453552246,
    0.25908663868904114,
    0.43346521258354187,
    0.16242118179798126,
    0.15079402923583984,
    0.3266637623310089,
    0.5384982824325562,
    0.1997310370206833,
    0.11947070807218552,
    0.24194835126399994,
    0.28897085785865784,
    0.14483077824115753,
    0.2414482980966568,
    0.032978516072034836,
    0.10010715574026108,
    0.058271896094083786,
    0.24985185265541077,
    0.07231519371271133,
    0.38973426818847656,
    0.2412426918745041,
    0.08598140627145767,
    0.6245742440223694,
    0.17237882316112518,
    0.06774258613586426,
    0.29137492179870605,
    0.35215404629707336,
    0.3491363525390625,
    0.5105774998664856,
    0.05837675929069519,
    0.13035839796066284,
    0.23569996654987335,
    0.044852517545223236,
    0.3394428789615631,
    0.3376663327217102,
    0.24447603523731232,
    0.10002168267965317,
    0.22594407200813293,
    0.32181039452552795,
    0.10270444303750992,
    0.2514832019805908,
    0.44815677404403687,
    0.4210277497768402,
    0.2815246284008026,
    0.34246960282325745,
    0.1916341334581375,
    0.24565152823925018,
    0.26772770285606384,
    0.039764564484357834,
    0.29136618971824646,
    0.12772800028324127,
    0.15482944250106812,
    0.2617267370223999,
    0.05065224692225456,
    0.16502897441387177,
    0.17184627056121826,
    0.3519061207771301,
    0.2072656899690628,
    0.2491300106048584,
    0.2551160454750061,
    0.16434414684772491,
    0.09061791747808456,
    0.23996169865131378,
    0.14836865663528442,
    0.11308164149522781,
    0.3996398150920868,
    0.40274158120155334,
    0.2543874979019165,
    0.1412019282579422,
    0.16740567982196808,
    0.20928442478179932,
    0.20241320133209229,
    0.3656885325908661,
    0.41866156458854675,
    0.3146042227745056,
    0.15370036661624908,
    0.21443380415439606,
    0.3246094584465027,
    0.24987109005451202,
    0.4504871666431427,
    0.25002339482307434,
    0.155058354139328,
    0.23067013919353485,
    0.14287756383419037,
    0.3094758093357086,
    0.321233868598938,
    0.1810314804315567,
    0.3916041851043701,
    0.3021983206272125,
    0.11211583018302917,
    0.39580240845680237,
    0.20890672504901886,
    0.24541489779949188,
    0.0917697548866272,
    0.14445993304252625,
    0.2080828994512558,
    0.38401713967323303,
    0.525557816028595,
    0.1680600643157959,
    0.2589704394340515,
    0.20612984895706177,
    0.033752407878637314,
    0.2433534562587738,
    0.1002122238278389,
    0.16769856214523315,
    0.3681609034538269,
    0.26795193552970886,
    0.0937880277633667,
    0.26734015345573425,
    0.37122759222984314,
    0.03935695067048073,
    0.6927961707115173,
    0.4122021496295929,
    0.22108332812786102,
    0.12776413559913635,
    0.08569421619176865,
    0.17848628759384155,
    0.3037080764770508,
    0.27477702498435974,
    0.24458728730678558,
    0.3850839138031006,
    0.2186320275068283,
    0.2535207271575928,
    0.19600927829742432,
    0.07776982337236404,
    0.20046035945415497,
    0.2609526515007019,
    0.4284726679325104,
    0.622376561164856,
    0.14660029113292694,
    0.09930285066366196,
    0.31234386563301086,
    0.29980143904685974,
    0.277734637260437,
    0.10407456010580063,
    0.17311052978038788,
    0.15440689027309418,
    0.25585779547691345,
    0.8307205438613892,
    0.28232917189598083,
    0.21608847379684448,
    0.17665044963359833,
    0.1544232815504074,
    0.2555183172225952,
    0.32776692509651184,
    0.32001793384552,
    0.30867332220077515,
    0.15109404921531677,
    0.13468675315380096,
    0.16897787153720856,
    0.3166716694831848,
    0.2274947464466095,
    0.513312578201294,
    0.17723333835601807,
    0.28091874718666077,
    0.59353107213974,
    0.27664169669151306,
    0.3231225907802582,
    0.5983378887176514,
    0.2256532609462738,
    0.3510321080684662,
    0.07882995903491974,
    0.26828813552856445,
    0.17947538197040558,
    0.1090659573674202,
    0.3099426329135895,
    0.12918148934841156,
    0.45771270990371704,
    0.15376658737659454,
    0.08822664618492126,
    0.19574898481369019,
    0.12713642418384552,
    0.18322528898715973,
    0.18050168454647064,
    0.1878458857536316,
    0.45652899146080017,
    0.9105715155601501,
    0.18829460442066193,
    0.4549943208694458,
    0.15829387307167053,
    0.18058645725250244,
    0.31641536951065063,
    0.17419593036174774,
    0.1156361997127533,
    0.18350598216056824,
    0.19821113348007202,
    0.27277567982673645,
    0.10653507709503174,
    0.22171621024608612,
    0.11831479519605637,
    0.390621155500412,
    0.26141995191574097,
    0.16128644347190857,
    0.203409805893898,
    0.2754996418952942,
    0.2510663866996765,
    0.2688280940055847,
    0.22061264514923096,
    0.22541677951812744,
    0.14490491151809692,
    0.21191297471523285,
    0.610812783241272,
    0.17089109122753143,
    0.09345614910125732,
    0.2588064670562744,
    0.07236786931753159,
    0.2754773199558258,
    0.0625307708978653,
    0.27649104595184326,
    0.18144993484020233,
    0.39386919140815735,
    0.23169338703155518,
    0.048321980983018875,
    0.26294735074043274,
    0.2246735841035843,
    0.2505950629711151,
    0.39608874917030334,
    0.1277245730161667,
    0.29315221309661865,
    0.1402822881937027,
    0.1943562775850296,
    0.11491463333368301,
    0.3291846513748169,
    1.0457907915115356,
    0.08264290541410446,
    0.35477396845817566,
    0.6203442215919495,
    0.10055096447467804,
    0.41261282563209534,
    0.7865281105041504,
    0.26694735884666443,
    0.08149953931570053
  ]
}