{
  "ckpt": "/n/home03/mkrasnow/masked-EqM-stage2-results/stage2_gaussian_seed2_job34315134/000-EqM-B-2-Linear-velocity-None-ebm-none/checkpoints/epoch01.pt",
  "num_images": 256,
  "mask_prob": 0.5,
  "mask_mode": "structured",
  "hard_constrain": false,
  "has_lpips": true,
  "mean_masked_mse": 0.6595354908786248,
  "mean_lpips": 0.6100851796800271,
  "per_image_mse": [
    0.29262837767601013,
    0.8179299831390381,
    0.4618280827999115,
    0.7865422964096069,
    0.8787023425102234,
    0.8875160813331604,
    0.9657648205757141,
    0.6307434439659119,
    0.7452360391616821,
    0.7070361971855164,
    0.6715063452720642,
    0.5628331899642944,
    0.5171424746513367,
    0.6335093379020691,
    0.4456348717212677,
    0.5844078660011292,
    0.7510442733764648,
    0.6900694370269775,
    0.602359414100647,
    0.5981844067573547,
    0.7285594940185547,
    0.7927016615867615,
    0.7066639065742493,
    0.8295431733131409,
    0.7323569059371948,
    0.7044023871421814,
    0.6598154902458191,
    0.9040246605873108,
    0.5289826393127441,
    0.5215498805046082,
    0.9014574885368347,
    1.0186680555343628,
    0.7431872487068176,
    0.7978927493095398,
    0.6855806708335876,
    0.7180670499801636,
    0.42547932267189026,
    0.6024157404899597,
    0.4263343811035156,
    0.5108650922775269,
    0.42162761092185974,
    0.7194771766662598,
    0.6175635457038879,
    0.689788818359375,
    0.571803092956543,
    0.12099827080965042,
    1.1646804809570312,
    0.5039806365966797,
    0.25375962257385254,
    0.7937687635421753,
    0.9331478476524353,
    0.8489645719528198,
    0.907261848449707,
    0.19383828341960907,
    0.607463538646698,
    0.7030518054962158,
    0.07648588716983795,
    0.7825681567192078,
    0.9242890477180481,
    0.6292228102684021,
    0.47541460394859314,
    0.3257233798503876,
    0.6252477765083313,
    0.5403104424476624,
    0.7622227072715759,
    0.7335749864578247,
    1.1288758516311646,
    0.726643979549408,
    0.7555455565452576,
    0.6415448188781738,
    0.7177810668945312,
    0.4697472155094147,
    0.4260653257369995,
    0.6612963080406189,
    0.7185242176055908,
    0.26071998476982117,
    0.8005684018135071,
    0.10150641202926636,
    0.7050561904907227,
    0.6296374201774597,
    0.7941191792488098,
    0.5424071550369263,
    0.6736070513725281,
    0.3698614239692688,
    0.5630537271499634,
    0.427688330411911,
    0.6541701555252075,
    0.450601190328598,
    0.6824994683265686,
    0.5755273699760437,
    0.6684030890464783,
    0.6231397390365601,
    0.6728242635726929,
    0.6076772809028625,
    0.7547691464424133,
    0.44018790125846863,
    0.8834345936775208,
    0.9649268984794617,
    0.5277462601661682,
    0.5560274124145508,
    0.6952592730522156,
    0.7354555726051331,
    0.8694460391998291,
    0.7993075251579285,
    0.6334322094917297,
    0.600593626499176,
    0.8566343188285828,
    1.076729416847229,
    0.6594828367233276,
    0.6483407616615295,
    0.6459501385688782,
    0.561211109161377,
    0.6908153295516968,
    0.2167643904685974,
    0.6662926077842712,
    0.6436335444450378,
    0.5523040890693665,
    0.4805203974246979,
    0.6976413726806641,
    0.6863673329353333,
    0.9766697287559509,
    0.6798242926597595,
    0.45760688185691833,
    0.7758891582489014,
    0.24356001615524292,
    0.4806270897388458,
    0.353685587644577,
    0.6307322978973389,
    0.573173999786377,
    0.7207533121109009,
    0.7538007497787476,
    0.4934268891811371,
    0.7395081520080566,
    0.8039555549621582,
    0.47540101408958435,
    1.3079766035079956,
    0.7715395092964172,
    0.553927481174469,
    0.7103077173233032,
    0.5380241870880127,
    0.7108699679374695,
    0.6562042832374573,
    0.5411376953125,
    0.8394217491149902,
    0.8519939184188843,
    0.7526435256004333,
    0.4715789258480072,
    0.6923089027404785,
    0.664600670337677,
    0.33165350556373596,
    0.5907667875289917,
    0.9170783162117004,
    0.8302338123321533,
    0.5155640244483948,
    0.762139618396759,
    0.8001587986946106,
    0.5649879574775696,
    0.6451999545097351,
    0.6060622334480286,
    0.5385898947715759,
    0.5417982935905457,
    0.40835800766944885,
    1.0942103862762451,
    0.8885241150856018,
    0.6544508934020996,
    0.7806265950202942,
    0.4947338104248047,
    0.4529655873775482,
    0.9766589999198914,
    0.7770683169364929,
    0.7161563038825989,
    0.48713675141334534,
    0.8911922574043274,
    0.711746096611023,
    0.6162752509117126,
    0.70270174741745,
    0.7983852028846741,
    0.49640655517578125,
    0.7882175445556641,
    0.977088987827301,
    0.8637377023696899,
    0.7047504782676697,
    0.9402684569358826,
    0.36347153782844543,
    0.6575302481651306,
    0.13594700396060944,
    0.6651741862297058,
    0.46373307704925537,
    1.2353843450546265,
    0.8163664937019348,
    0.6912083625793457,
    1.0179390907287598,
    0.5594708919525146,
    0.18753615021705627,
    0.438882440328598,
    0.6283841729164124,
    0.6738124489784241,
    0.4668004512786865,
    1.029410719871521,
    0.7867722511291504,
    1.0121326446533203,
    0.68876051902771,
    0.8927382826805115,
    0.5427622199058533,
    0.25730931758880615,
    0.7196824550628662,
    0.607709527015686,
    0.4938819706439972,
    0.2701953649520874,
    0.6048139929771423,
    0.7478602528572083,
    0.7064153552055359,
    0.8477852940559387,
    0.7844153642654419,
    0.7393962740898132,
    0.6849247217178345,
    0.5731807947158813,
    0.5806824564933777,
    0.8351619839668274,
    0.6997421383857727,
    0.6616567969322205,
    0.6560949683189392,
    0.49774083495140076,
    0.5888745188713074,
    0.6342118978500366,
    0.9774682521820068,
    0.678318202495575,
    0.5482577681541443,
    0.7770128846168518,
    0.4968963861465454,
    0.6952111124992371,
    0.412204772233963,
    0.6856701374053955,
    0.6114514470100403,
    0.9058063626289368,
    0.7879807353019714,
    0.2950078248977661,
    0.5228713750839233,
    0.6131589412689209,
    0.6728296875953674,
    0.8085339665412903,
    0.6864525675773621,
    0.8234275579452515,
    0.6178157925605774,
    0.5586475729942322,
    0.38855424523353577,
    0.785984456539154,
    0.9719877243041992,
    0.3523864448070526,
    0.8659741878509521,
    0.899270236492157,
    0.1409245729446411,
    0.6552349925041199,
    1.3039172887802124,
    0.7614657878875732,
    0.6195961833000183
  ]
}