{
  "ckpt": "/n/home03/mkrasnow/masked-EqM-stage2-results/stage2_gaussian_seed0_v2_job34382647/000-EqM-B-2-Linear-velocity-None-ebm-none/checkpoints/epoch01.pt",
  "num_images": 256,
  "mask_prob": 0.5,
  "mask_mode": "structured",
  "hard_constrain": false,
  "has_lpips": true,
  "mean_masked_mse": 0.665451542037772,
  "mean_lpips": 0.6037507245782763,
  "per_image_mse": [
    0.2825256884098053,
    0.7863346934318542,
    0.5286257863044739,
    0.7737871408462524,
    0.9212230443954468,
    0.9199630618095398,
    1.038330078125,
    0.6130686402320862,
    0.7547544836997986,
    0.6979546546936035,
    0.6586018800735474,
    0.574650764465332,
    0.5912724733352661,
    0.6877304911613464,
    0.47323036193847656,
    0.5881518721580505,
    0.7745305895805359,
    0.7192191481590271,
    0.6463581919670105,
    0.5875059962272644,
    0.7323001027107239,
    0.7934560775756836,
    0.7020533084869385,
    0.8300672173500061,
    0.7329539060592651,
    0.6847248673439026,
    0.6634134650230408,
    0.8802829384803772,
    0.5593827962875366,
    0.504252016544342,
    0.9132774472236633,
    1.0067731142044067,
    0.7152263522148132,
    0.8038532137870789,
    0.6616373658180237,
    0.6970420479774475,
    0.49162647128105164,
    0.594661295413971,
    0.4234694540500641,
    0.5552830696105957,
    0.4104703366756439,
    0.7257989048957825,
    0.6211159825325012,
    0.6723712086677551,
    0.550861120223999,
    0.11912844330072403,
    1.1673777103424072,
    0.5163866877555847,
    0.28926587104797363,
    0.7708004117012024,
    0.90474534034729,
    0.8565924167633057,
    0.8984448313713074,
    0.11482243984937668,
    0.661489725112915,
    0.7169051766395569,
    0.07380843907594681,
    0.7872616648674011,
    0.846124529838562,
    0.7164477705955505,
    0.5018364787101746,
    0.3010726571083069,
    0.6343584060668945,
    0.5881955623626709,
    0.7419344782829285,
    0.7789081335067749,
    1.222895622253418,
    0.7496374249458313,
    0.7695784568786621,
    0.6382898688316345,
    0.7120221257209778,
    0.472704142332077,
    0.4074317514896393,
    0.6735116839408875,
    0.7902539968490601,
    0.23988604545593262,
    0.785571277141571,
    0.10040605813264847,
    0.7857435345649719,
    0.623736560344696,
    0.7740877270698547,
    0.5415807962417603,
    0.6989538669586182,
    0.35298609733581543,
    0.5970089435577393,
    0.43656793236732483,
    0.6764443516731262,
    0.49974068999290466,
    0.7101343274116516,
    0.6004486680030823,
    0.6655722856521606,
    0.6318690180778503,
    0.653721034526825,
    0.6173455715179443,
    0.740781307220459,
    0.43728065490722656,
    0.8429029583930969,
    0.9472087025642395,
    0.5187628865242004,
    0.5592324137687683,
    0.7520372867584229,
    0.7460969090461731,
    0.8729764223098755,
    0.7706691026687622,
    0.6314687728881836,
    0.5807333588600159,
    0.8761112093925476,
    1.091727614402771,
    0.6825252175331116,
    0.6752519607543945,
    0.6604837775230408,
    0.5385369658470154,
    0.6116220951080322,
    0.2086097151041031,
    0.6603879928588867,
    0.642512857913971,
    0.5594972372055054,
    0.47679051756858826,
    0.6682087779045105,
    0.6733381152153015,
    0.9810203313827515,
    0.7115300297737122,
    0.4472335875034332,
    0.7676112055778503,
    0.24902817606925964,
    0.508227527141571,
    0.3406636416912079,
    0.7214738726615906,
    0.5890517234802246,
    0.691372275352478,
    0.738244354724884,
    0.4997328221797943,
    0.7331516146659851,
    0.8179671764373779,
    0.5198473334312439,
    1.2979778051376343,
    0.7522497177124023,
    0.5580930709838867,
    0.7365419864654541,
    0.5671738386154175,
    0.7198430895805359,
    0.6590647101402283,
    0.5876527428627014,
    0.8249859809875488,
    0.8566992878913879,
    0.7361299991607666,
    0.4869500398635864,
    0.7411767840385437,
    0.7089033126831055,
    0.3186631202697754,
    0.5932419300079346,
    0.9754882454872131,
    0.7910317182540894,
    0.4967205226421356,
    0.7764897346496582,
    0.79899662733078,
    0.5350486636161804,
    0.6659060120582581,
    0.6373228430747986,
    0.5558087229728699,
    0.5867732763290405,
    0.39018094539642334,
    1.1540300846099854,
    0.8636718988418579,
    0.6588663458824158,
    0.7852514386177063,
    0.4850671887397766,
    0.4492819607257843,
    0.9767001271247864,
    0.7954537272453308,
    0.7562411427497864,
    0.4764043390750885,
    0.881367027759552,
    0.6887109279632568,
    0.6277498006820679,
    0.6997763514518738,
    0.7766170501708984,
    0.5725435614585876,
    0.8106734752655029,
    0.9890392422676086,
    0.8462290167808533,
    0.6959212422370911,
    0.9543088674545288,
    0.3289048671722412,
    0.673586368560791,
    0.1210717037320137,
    0.6479631066322327,
    0.4542248249053955,
    1.0851099491119385,
    0.7992582321166992,
    0.6902227401733398,
    1.0081133842468262,
    0.5719417929649353,
    0.17916245758533478,
    0.45193755626678467,
    0.63541579246521,
    0.6791030764579773,
    0.45659008622169495,
    1.0344268083572388,
    0.8084576725959778,
    1.0641884803771973,
    0.7022373080253601,
    0.9012512564659119,
    0.5826478600502014,
    0.2520313858985901,
    0.7279939651489258,
    0.6231977939605713,
    0.5151569843292236,
    0.26223596930503845,
    0.610284149646759,
    0.7590124011039734,
    0.799327552318573,
    0.7983081340789795,
    0.8357815742492676,
    0.7736778259277344,
    0.6747666597366333,
    0.5854438543319702,
    0.6206437945365906,
    0.8208758234977722,
    0.6971397399902344,
    0.6546323299407959,
    0.6501653790473938,
    0.505541980266571,
    0.5995591878890991,
    0.6552157402038574,
    0.9692072868347168,
    0.6987492442131042,
    0.5635895729064941,
    0.7543289065361023,
    0.5070915222167969,
    0.6799938082695007,
    0.41224661469459534,
    0.6787080764770508,
    0.621303915977478,
    0.9536063075065613,
    0.864068329334259,
    0.25680649280548096,
    0.5532441139221191,
    0.6420062780380249,
    0.7173824310302734,
    0.8027620315551758,
    0.6829875111579895,
    0.7993394732475281,
    0.6262328624725342,
    0.5541984438896179,
    0.42189469933509827,
    0.7568756937980652,
    0.9677770733833313,
    0.34702661633491516,
    0.8682588338851929,
    0.8891243934631348,
    0.1433827430009842,
    0.645851194858551,
    1.2870535850524902,
    0.7841107249259949,
    0.6104382276535034
  ]
}