{
  "ckpt": "/n/home03/mkrasnow/masked-EqM-stage2-results/stage2_structmask_seed1_v2_job34382653/000-EqM-B-2-Linear-velocity-None-ebm-none/checkpoints/epoch01.pt",
  "num_images": 256,
  "mask_prob": 0.5,
  "mask_mode": "structured",
  "hard_constrain": false,
  "has_lpips": true,
  "mean_masked_mse": 0.2304619501264824,
  "mean_lpips": 0.327527217566967,
  "per_image_mse": [
    0.1270546019077301,
    0.33534595370292664,
    0.12075790017843246,
    0.22439990937709808,
    0.31467437744140625,
    0.05053059756755829,
    0.4253624379634857,
    0.15766184031963348,
    0.20423586666584015,
    0.18133176863193512,
    0.027087798342108727,
    0.17489846050739288,
    0.14193525910377502,
    0.07530289888381958,
    0.07673240453004837,
    0.24702608585357666,
    0.44744107127189636,
    0.2826831042766571,
    0.20422416925430298,
    0.08616479486227036,
    0.19872219860553741,
    0.3369238078594208,
    0.3864295184612274,
    0.38507720828056335,
    0.2185831516981125,
    0.2215327024459839,
    0.24891984462738037,
    0.3838360607624054,
    0.14071398973464966,
    0.13883234560489655,
    0.3198781907558441,
    0.5311216711997986,
    0.19603650271892548,
    0.10652940720319748,
    0.14962539076805115,
    0.29595890641212463,
    0.14710256457328796,
    0.20905832946300507,
    0.012957501225173473,
    0.07518468052148819,
    0.05092713236808777,
    0.21640919148921967,
    0.06048635020852089,
    0.3867732584476471,
    0.24316394329071045,
    0.08992349356412888,
    0.6288275718688965,
    0.16608412563800812,
    0.05954604968428612,
    0.2972014844417572,
    0.3586057126522064,
    0.32841968536376953,
    0.5171578526496887,
    0.06297796219587326,
    0.11150159686803818,
    0.2286725789308548,
    0.03456368297338486,
    0.25306642055511475,
    0.35063353180885315,
    0.1882447451353073,
    0.10335779935121536,
    0.22435659170150757,
    0.2999999523162842,
    0.07492776960134506,
    0.25132596492767334,
    0.4245801568031311,
    0.2760067880153656,
    0.2076725959777832,
    0.33473142981529236,
    0.18110674619674683,
    0.21046556532382965,
    0.23840181529521942,
    0.03081960417330265,
    0.2726936638355255,
    0.11773648113012314,
    0.15773993730545044,
    0.26494675874710083,
    0.05227357894182205,
    0.13574478030204773,
    0.16740795969963074,
    0.33367276191711426,
    0.17875291407108307,
    0.20596253871917725,
    0.18735836446285248,
    0.1461179107427597,
    0.09071725606918335,
    0.20778588950634003,
    0.11372610926628113,
    0.07010511308908463,
    0.39355161786079407,
    0.4060785174369812,
    0.20626287162303925,
    0.1423361897468567,
    0.15868471562862396,
    0.2009294480085373,
    0.1923450380563736,
    0.37349602580070496,
    0.41887328028678894,
    0.24674497544765472,
    0.1516767293214798,
    0.21365974843502045,
    0.3071003258228302,
    0.1929355412721634,
    0.4303276836872101,
    0.20203952491283417,
    0.18036659061908722,
    0.1729186624288559,
    0.08849046379327774,
    0.30771493911743164,
    0.31361278891563416,
    0.17005150020122528,
    0.3782419264316559,
    0.3033241331577301,
    0.1034088134765625,
    0.36060190200805664,
    0.2011101245880127,
    0.2335040420293808,
    0.07773345708847046,
    0.0977872833609581,
    0.13013796508312225,
    0.384039044380188,
    0.4738839566707611,
    0.15154089033603668,
    0.19092115759849548,
    0.17800544202327728,
    0.03027545101940632,
    0.23918737471103668,
    0.08934325724840164,
    0.1639411300420761,
    0.383089154958725,
    0.16696763038635254,
    0.08449524641036987,
    0.24464701116085052,
    0.27701854705810547,
    0.03307747095823288,
    0.5149150490760803,
    0.36901649832725525,
    0.23803389072418213,
    0.11787634342908859,
    0.0742928683757782,
    0.13923697173595428,
    0.2958920896053314,
    0.2365049570798874,
    0.2354792356491089,
    0.3775170147418976,
    0.19889108836650848,
    0.2045639157295227,
    0.18267428874969482,
    0.075456403195858,
    0.15443196892738342,
    0.26288169622421265,
    0.46316951513290405,
    0.6100607514381409,
    0.13306449353694916,
    0.08739807456731796,
    0.26024284958839417,
    0.2704055607318878,
    0.2365710586309433,
    0.09971970319747925,
    0.16442623734474182,
    0.13715048134326935,
    0.2348705381155014,
    0.8189129829406738,
    0.2883431017398834,
    0.19827990233898163,
    0.12510596215724945,
    0.15112027525901794,
    0.22623509168624878,
    0.30293166637420654,
    0.3156691789627075,
    0.30617600679397583,
    0.15592563152313232,
    0.13504387438297272,
    0.15304061770439148,
    0.298064649105072,
    0.22008492052555084,
    0.4742411673069,
    0.16161495447158813,
    0.28108805418014526,
    0.46523216366767883,
    0.2953849136829376,
    0.2635471522808075,
    0.6178845763206482,
    0.1535695344209671,
    0.33034372329711914,
    0.07492273300886154,
    0.2589307129383087,
    0.15483182668685913,
    0.059985771775245667,
    0.29376691579818726,
    0.11127319186925888,
    0.4657348394393921,
    0.14314548671245575,
    0.08242262154817581,
    0.16379691660404205,
    0.09570775181055069,
    0.17562364041805267,
    0.13023601472377777,
    0.22729329764842987,
    0.400985449552536,
    0.7989692687988281,
    0.16830730438232422,
    0.4455077052116394,
    0.15370698273181915,
    0.1644127517938614,
    0.3060554563999176,
    0.16409146785736084,
    0.1171877309679985,
    0.15228940546512604,
    0.17515800893306732,
    0.2490675449371338,
    0.09947899729013443,
    0.19748257100582123,
    0.06063355505466461,
    0.3730461895465851,
    0.2447836995124817,
    0.15468594431877136,
    0.18661467730998993,
    0.17903856933116913,
    0.24538034200668335,
    0.2576794922351837,
    0.21511119604110718,
    0.21591103076934814,
    0.14112266898155212,
    0.19807855784893036,
    0.6113584041595459,
    0.14976860582828522,
    0.08218231052160263,
    0.2588028013706207,
    0.06564110517501831,
    0.2656286954879761,
    0.06257153302431107,
    0.23117375373840332,
    0.1761845350265503,
    0.37742671370506287,
    0.26242876052856445,
    0.04272857680916786,
    0.2746489346027374,
    0.1922585517168045,
    0.23852773010730743,
    0.39355745911598206,
    0.08208591490983963,
    0.2754157483577728,
    0.12050489336252213,
    0.18756960332393646,
    0.09865394979715347,
    0.31438878178596497,
    1.030266284942627,
    0.07285506278276443,
    0.35087722539901733,
    0.6317653656005859,
    0.09890160709619522,
    0.36700716614723206,
    0.5067822337150574,
    0.2382788062095642,
    0.07494015246629715
  ]
}