{
  "ckpt": "/n/home03/mkrasnow/masked-EqM-stage2-results/stage2_gm_seed1_v2_job34382922/000-EqM-B-2-Linear-velocity-None-ebm-none/checkpoints/epoch01.pt",
  "num_images": 256,
  "mask_prob": 0.5,
  "mask_mode": "structured",
  "hard_constrain": false,
  "has_lpips": true,
  "mean_masked_mse": 0.25346176035964163,
  "mean_lpips": 0.3493153699673712,
  "per_image_mse": [
    0.1568443924188614,
    0.3548820912837982,
    0.140878364443779,
    0.2353658676147461,
    0.3428485095500946,
    0.07360897958278656,
    0.48832258582115173,
    0.17127841711044312,
    0.20233841240406036,
    0.2192968875169754,
    0.03602081537246704,
    0.18809927999973297,
    0.1678093522787094,
    0.09113737940788269,
    0.07176434248685837,
    0.26133155822753906,
    0.46268749237060547,
    0.273555189371109,
    0.21526150405406952,
    0.10166821628808975,
    0.25399884581565857,
    0.416657030582428,
    0.41048580408096313,
    0.36067134141921997,
    0.22149570286273956,
    0.21167337894439697,
    0.27494534850120544,
    0.41553881764411926,
    0.17988581955432892,
    0.16507892310619354,
    0.3310852348804474,
    0.5697153210639954,
    0.21217401325702667,
    0.13452331721782684,
    0.20194286108016968,
    0.3088476061820984,
    0.15327967703342438,
    0.2628920078277588,
    0.023483341559767723,
    0.08551719784736633,
    0.05770004913210869,
    0.26551735401153564,
    0.06761335581541061,
    0.39427223801612854,
    0.24229593575000763,
    0.09707745909690857,
    0.6420832276344299,
    0.16979964077472687,
    0.0671791359782219,
    0.262340784072876,
    0.37853407859802246,
    0.3963666558265686,
    0.5258634090423584,
    0.059413474053144455,
    0.12862169742584229,
    0.23388785123825073,
    0.042945943772792816,
    0.3560369312763214,
    0.32579725980758667,
    0.2470761388540268,
    0.10612683743238449,
    0.24482125043869019,
    0.3157983720302582,
    0.08699224144220352,
    0.2469162940979004,
    0.4513184726238251,
    0.38199636340141296,
    0.26551946997642517,
    0.3472314178943634,
    0.18635158240795135,
    0.23176604509353638,
    0.2596019506454468,
    0.03928602114319801,
    0.3025706708431244,
    0.13334861397743225,
    0.15645098686218262,
    0.27215972542762756,
    0.05472484976053238,
    0.15661297738552094,
    0.17078521847724915,
    0.360464483499527,
    0.21695047616958618,
    0.25575777888298035,
    0.24220162630081177,
    0.1692149043083191,
    0.09005894511938095,
    0.23624879121780396,
    0.15504904091358185,
    0.10617478936910629,
    0.42187216877937317,
    0.42532211542129517,
    0.2618085741996765,
    0.16075153648853302,
    0.17402374744415283,
    0.20286452770233154,
    0.2125915288925171,
    0.3812095522880554,
    0.44735077023506165,
    0.2897872030735016,
    0.16559213399887085,
    0.22174514830112457,
    0.3173956573009491,
    0.2235579490661621,
    0.4341958165168762,
    0.2373436689376831,
    0.18180426955223083,
    0.28631508350372314,
    0.13127560913562775,
    0.29447826743125916,
    0.3153323233127594,
    0.19160676002502441,
    0.38489189743995667,
    0.2988646328449249,
    0.11558262258768082,
    0.40818336606025696,
    0.220306858420372,
    0.25283554196357727,
    0.08594188094139099,
    0.12514877319335938,
    0.20577402412891388,
    0.4033769965171814,
    0.5063455700874329,
    0.16533468663692474,
    0.2917764186859131,
    0.20497757196426392,
    0.037755098193883896,
    0.23648510873317719,
    0.10052826255559921,
    0.16596895456314087,
    0.36910420656204224,
    0.2427213042974472,
    0.10435199737548828,
    0.2511012852191925,
    0.401935338973999,
    0.039545267820358276,
    0.5884511470794678,
    0.43312501907348633,
    0.23423080146312714,
    0.13521388173103333,
    0.08127885311841965,
    0.16372600197792053,
    0.31817349791526794,
    0.27162057161331177,
    0.25233355164527893,
    0.41170254349708557,
    0.21497009694576263,
    0.24464420974254608,
    0.18178106844425201,
    0.0806933045387268,
    0.20680567622184753,
    0.27334967255592346,
    0.4772513508796692,
    0.6291669607162476,
    0.14686308801174164,
    0.09792673587799072,
    0.2902214229106903,
    0.30165430903434753,
    0.26169490814208984,
    0.11996087431907654,
    0.18536914885044098,
    0.15667466819286346,
    0.25904738903045654,
    0.8845385909080505,
    0.2960256040096283,
    0.20600523054599762,
    0.19448816776275635,
    0.1442616879940033,
    0.26306238770484924,
    0.30850541591644287,
    0.3344036638736725,
    0.31438931822776794,
    0.16362866759300232,
    0.1765224188566208,
    0.18560905754566193,
    0.37328192591667175,
    0.2571432888507843,
    0.5282586216926575,
    0.19112630188465118,
    0.3066520392894745,
    0.6451276540756226,
    0.284473717212677,
    0.3302507996559143,
    0.6010064482688904,
    0.2168983817100525,
    0.33752214908599854,
    0.08671137690544128,
    0.2949681282043457,
    0.19041742384433746,
    0.08889633417129517,
    0.33422788977622986,
    0.12233137339353561,
    0.4458828270435333,
    0.1588115096092224,
    0.09553232043981552,
    0.1945309191942215,
    0.12420576810836792,
    0.16340401768684387,
    0.16675274074077606,
    0.19959001243114471,
    0.4729274809360504,
    0.8459805846214294,
    0.2193847894668579,
    0.4661009907722473,
    0.15680374205112457,
    0.1828583925962448,
    0.33070483803749084,
    0.16630715131759644,
    0.12129487842321396,
    0.18173839151859283,
    0.19523660838603973,
    0.2825759947299957,
    0.09810891002416611,
    0.21784324944019318,
    0.13165681064128876,
    0.3493548035621643,
    0.25487858057022095,
    0.17784452438354492,
    0.20017783343791962,
    0.26942095160484314,
    0.2616961896419525,
    0.258914977312088,
    0.2287808507680893,
    0.23155026137828827,
    0.14376506209373474,
    0.20141206681728363,
    0.5510864853858948,
    0.15865302085876465,
    0.09229671210050583,
    0.26583409309387207,
    0.0681387409567833,
    0.3031633496284485,
    0.06266488879919052,
    0.25894567370414734,
    0.18672744929790497,
    0.35623395442962646,
    0.29842695593833923,
    0.0465531088411808,
    0.27770093083381653,
    0.21645985543727875,
    0.25904715061187744,
    0.40941309928894043,
    0.12953710556030273,
    0.2950997054576874,
    0.13751231133937836,
    0.1935415416955948,
    0.11408581584692001,
    0.32663771510124207,
    1.0202817916870117,
    0.08172957599163055,
    0.3475499451160431,
    0.6698128581047058,
    0.10202168673276901,
    0.41408252716064453,
    0.7722620368003845,
    0.2619664669036865,
    0.08517412841320038
  ]
}