{
  "ckpt": "/n/home03/mkrasnow/masked-EqM-stage2-results/stage2_gaussian_seed1_v2_job34382651/000-EqM-B-2-Linear-velocity-None-ebm-none/checkpoints/epoch01.pt",
  "num_images": 256,
  "mask_prob": 0.5,
  "mask_mode": "structured",
  "hard_constrain": false,
  "has_lpips": true,
  "mean_masked_mse": 0.6868124905740842,
  "mean_lpips": 0.6063350095646456,
  "per_image_mse": [
    0.3211177885532379,
    0.8210499286651611,
    0.557620644569397,
    0.7910367846488953,
    0.9443605542182922,
    0.9248502850532532,
    1.0701286792755127,
    0.6462265849113464,
    0.7873759865760803,
    0.713818371295929,
    0.685453474521637,
    0.6951838135719299,
    0.6209104657173157,
    0.6941923499107361,
    0.46507740020751953,
    0.5867424011230469,
    0.7896946668624878,
    0.7186375856399536,
    0.6695804595947266,
    0.6111873984336853,
    0.7516066431999207,
    0.8269563913345337,
    0.7111645340919495,
    0.8343020677566528,
    0.7381384372711182,
    0.7218868732452393,
    0.6673222184181213,
    0.8984922766685486,
    0.5696622133255005,
    0.5199008584022522,
    0.944718062877655,
    1.0190478563308716,
    0.7582402229309082,
    0.8660480380058289,
    0.6594440340995789,
    0.7142294645309448,
    0.46955689787864685,
    0.6106281876564026,
    0.4307580888271332,
    0.5658669471740723,
    0.4522360563278198,
    0.725848376750946,
    0.6291828751564026,
    0.698334276676178,
    0.5824332237243652,
    0.11442521214485168,
    1.2032370567321777,
    0.5323348641395569,
    0.2830296456813812,
    0.7988030910491943,
    0.9363091588020325,
    0.8743785619735718,
    0.9138272404670715,
    0.1497654765844345,
    0.6603831648826599,
    0.7326159477233887,
    0.07705611735582352,
    0.8028795123100281,
    0.9300207495689392,
    0.6976929306983948,
    0.5109186768531799,
    0.3099956810474396,
    0.6279065012931824,
    0.6350066065788269,
    0.7656497359275818,
    0.7984647750854492,
    1.2066878080368042,
    0.7777800559997559,
    0.7741934657096863,
    0.6430097222328186,
    0.7432795166969299,
    0.48894035816192627,
    0.5087020397186279,
    0.6735179424285889,
    0.7903299331665039,
    0.2910400331020355,
    0.8148402571678162,
    0.11317723244428635,
    0.7903079390525818,
    0.627217710018158,
    0.8042538166046143,
    0.5780376195907593,
    0.7269630432128906,
    0.3628278076648712,
    0.6058833003044128,
    0.453237920999527,
    0.6868602633476257,
    0.4602353572845459,
    0.7132207751274109,
    0.6319097876548767,
    0.6776160001754761,
    0.6578609943389893,
    0.6711490154266357,
    0.6524332165718079,
    0.7896460890769958,
    0.4598592221736908,
    0.8762657642364502,
    0.9712607860565186,
    0.523370623588562,
    0.5885921120643616,
    0.7969223856925964,
    0.7736145853996277,
    0.8952317237854004,
    0.7623604536056519,
    0.6541028618812561,
    0.6144998669624329,
    0.8791459202766418,
    1.183815836906433,
    0.7258214950561523,
    0.6567338109016418,
    0.7045300602912903,
    0.5911644101142883,
    0.7358136177062988,
    0.19662651419639587,
    0.6819049715995789,
    0.6523374915122986,
    0.5867288708686829,
    0.47448134422302246,
    0.6943339109420776,
    0.7019535899162292,
    1.0046162605285645,
    0.7349255681037903,
    0.4425666332244873,
    0.7805813550949097,
    0.25283941626548767,
    0.49663934111595154,
    0.34194302558898926,
    0.7421278953552246,
    0.6070736050605774,
    0.7189356088638306,
    0.7480040192604065,
    0.5223124027252197,
    0.7524094581604004,
    0.8137766718864441,
    0.5296006202697754,
    1.3122483491897583,
    0.7754871845245361,
    0.554145872592926,
    0.7645550966262817,
    0.561927855014801,
    0.7336727976799011,
    0.6813621520996094,
    0.5911642909049988,
    0.8384411334991455,
    0.884831428527832,
    0.7625167369842529,
    0.42290225625038147,
    0.8053649067878723,
    0.6961658596992493,
    0.3542347252368927,
    0.6525193452835083,
    0.9976388812065125,
    0.8922416567802429,
    0.49400022625923157,
    0.8042094111442566,
    0.8226590156555176,
    0.533473789691925,
    0.6787744164466858,
    0.6458101868629456,
    0.5593624711036682,
    0.6093488335609436,
    0.3984442949295044,
    1.2321443557739258,
    0.9055014252662659,
    0.6721940040588379,
    0.8122830390930176,
    0.4912071228027344,
    0.4521847665309906,
    0.9895220398902893,
    0.8283132910728455,
    0.7789326310157776,
    0.49516400694847107,
    0.9022287726402283,
    0.7115888595581055,
    0.6490558981895447,
    0.7052724361419678,
    0.7950993180274963,
    0.5364713668823242,
    0.8381021022796631,
    0.9676879048347473,
    0.8808903098106384,
    0.7166647911071777,
    0.9716835618019104,
    0.34201696515083313,
    0.6785077452659607,
    0.1202891618013382,
    0.6770517826080322,
    0.5042763948440552,
    1.2875288724899292,
    0.8252274394035339,
    0.7167909741401672,
    1.0359106063842773,
    0.6853019595146179,
    0.1692536473274231,
    0.5055772662162781,
    0.6338214874267578,
    0.6846552491188049,
    0.4628675878047943,
    1.057902216911316,
    0.8316171169281006,
    1.1262203454971313,
    0.7323765754699707,
    0.9167832732200623,
    0.5941982865333557,
    0.27372947335243225,
    0.7854926586151123,
    0.6280030012130737,
    0.5340245366096497,
    0.28358742594718933,
    0.6200885772705078,
    0.7570028305053711,
    0.8144920468330383,
    0.831432044506073,
    0.8447659611701965,
    0.7979691028594971,
    0.7220925092697144,
    0.614314079284668,
    0.6723751425743103,
    0.8671424984931946,
    0.6989262700080872,
    0.6887686252593994,
    0.6725456118583679,
    0.5356156229972839,
    0.6229966878890991,
    0.6816267967224121,
    0.9867637157440186,
    0.7126085758209229,
    0.5769119262695312,
    0.7922746539115906,
    0.5091553926467896,
    0.6981793642044067,
    0.4224761724472046,
    0.6803185939788818,
    0.6478452086448669,
    0.9877808094024658,
    0.8871808052062988,
    0.26671102643013,
    0.5820037722587585,
    0.6939074993133545,
    0.7155153751373291,
    0.8243221640586853,
    0.7062042355537415,
    0.8168025016784668,
    0.675571858882904,
    0.584690272808075,
    0.43826499581336975,
    0.7946216464042664,
    1.0209475755691528,
    0.3531440794467926,
    0.8691192865371704,
    0.9346563220024109,
    0.1405981183052063,
    0.6526997685432434,
    1.35184645652771,
    0.7634648680686951,
    0.622614324092865
  ]
}