{
  "ckpt": "/n/home03/mkrasnow/masked-EqM-stage2-results/stage2_gm_seed0_v2_job34382655/000-EqM-B-2-Linear-velocity-None-ebm-none/checkpoints/epoch01.pt",
  "num_images": 256,
  "mask_prob": 0.5,
  "mask_mode": "structured",
  "hard_constrain": false,
  "has_lpips": true,
  "mean_masked_mse": 0.24872049632540438,
  "mean_lpips": 0.3481509604025632,
  "per_image_mse": [
    0.1507197916507721,
    0.37836480140686035,
    0.13621188700199127,
    0.22562579810619354,
    0.3011782169342041,
    0.07506680488586426,
    0.46654069423675537,
    0.15198782086372375,
    0.19165749847888947,
    0.21772055327892303,
    0.03147564455866814,
    0.18160973489284515,
    0.15658694505691528,
    0.09207799285650253,
    0.07522201538085938,
    0.2527027428150177,
    0.47378629446029663,
    0.2585816979408264,
    0.20815332233905792,
    0.10814560204744339,
    0.23301352560520172,
    0.39663204550743103,
    0.39983925223350525,
    0.3714347183704376,
    0.2382415384054184,
    0.2123524695634842,
    0.273278146982193,
    0.42779088020324707,
    0.18212580680847168,
    0.15415436029434204,
    0.3211001753807068,
    0.5155558586120605,
    0.21201415359973907,
    0.12803755700588226,
    0.19906678795814514,
    0.2909431457519531,
    0.1425042301416397,
    0.22614067792892456,
    0.043408479541540146,
    0.08907715231180191,
    0.057220786809921265,
    0.25144147872924805,
    0.07145271450281143,
    0.38433149456977844,
    0.2526722252368927,
    0.08939801901578903,
    0.590847373008728,
    0.1726655811071396,
    0.06493271142244339,
    0.2495221048593521,
    0.394988089799881,
    0.35328638553619385,
    0.502165675163269,
    0.06154167652130127,
    0.13328112661838531,
    0.22384518384933472,
    0.04481322318315506,
    0.34279122948646545,
    0.3174056112766266,
    0.22337418794631958,
    0.10175857692956924,
    0.2357347160577774,
    0.32209253311157227,
    0.09108483791351318,
    0.252002090215683,
    0.4299492835998535,
    0.42672160267829895,
    0.25177010893821716,
    0.3282407224178314,
    0.18718935549259186,
    0.22158508002758026,
    0.2637403905391693,
    0.037438925355672836,
    0.26293647289276123,
    0.1283969134092331,
    0.15037572383880615,
    0.2702409029006958,
    0.054693713784217834,
    0.14462001621723175,
    0.16106684505939484,
    0.37283891439437866,
    0.21144069731235504,
    0.24391603469848633,
    0.2701805531978607,
    0.15552586317062378,
    0.08062878996133804,
    0.24161924421787262,
    0.15031376481056213,
    0.10276037454605103,
    0.382144570350647,
    0.3994532525539398,
    0.2612467408180237,
    0.14606443047523499,
    0.1669026017189026,
    0.19522416591644287,
    0.21633465588092804,
    0.359235942363739,
    0.4572673738002777,
    0.32002130150794983,
    0.16661114990711212,
    0.20613741874694824,
    0.3323477804660797,
    0.23789452016353607,
    0.4187490940093994,
    0.2464185357093811,
    0.1763683408498764,
    0.24132698774337769,
    0.14120624959468842,
    0.3251512050628662,
    0.3170003592967987,
    0.19707167148590088,
    0.36779680848121643,
    0.3009415566921234,
    0.12133985012769699,
    0.3996821939945221,
    0.18317587673664093,
    0.24041514098644257,
    0.09304874390363693,
    0.146120086312294,
    0.2184322625398636,
    0.37625250220298767,
    0.4933570325374603,
    0.1640145629644394,
    0.27159884572029114,
    0.20115074515342712,
    0.04292212054133415,
    0.24290524423122406,
    0.11282920837402344,
    0.15636363625526428,
    0.3623846471309662,
    0.24310316145420074,
    0.105633445084095,
    0.2597765624523163,
    0.369133859872818,
    0.03323473408818245,
    0.5391678214073181,
    0.4193812608718872,
    0.2396731823682785,
    0.12740930914878845,
    0.07326585054397583,
    0.16766095161437988,
    0.33206936717033386,
    0.2598876357078552,
    0.24919432401657104,
    0.40664857625961304,
    0.22283481061458588,
    0.231679305434227,
    0.21233035624027252,
    0.0795791819691658,
    0.21340802311897278,
    0.2667156755924225,
    0.45615947246551514,
    0.6495382189750671,
    0.14808881282806396,
    0.09071091562509537,
    0.2923312187194824,
    0.3047344982624054,
    0.2701277434825897,
    0.1003217101097107,
    0.17811793088912964,
    0.15698444843292236,
    0.24771001935005188,
    0.7934229373931885,
    0.31303858757019043,
    0.22450827062129974,
    0.1623368114233017,
    0.1573641002178192,
    0.2572009861469269,
    0.32437220215797424,
    0.3242324888706207,
    0.32110437750816345,
    0.1625109314918518,
    0.1766069084405899,
    0.18695414066314697,
    0.3094059228897095,
    0.22670890390872955,
    0.5044700503349304,
    0.18593697249889374,
    0.29101842641830444,
    0.6052698493003845,
    0.29249307513237,
    0.3289439380168915,
    0.6051198244094849,
    0.23206786811351776,
    0.33838793635368347,
    0.08289278298616409,
    0.27375322580337524,
    0.17746353149414062,
    0.0701015368103981,
    0.30880776047706604,
    0.1337125450372696,
    0.46333351731300354,
    0.17614896595478058,
    0.09278110414743423,
    0.18982161581516266,
    0.13170723617076874,
    0.16548554599285126,
    0.12194756418466568,
    0.2034335732460022,
    0.46646198630332947,
    0.901939868927002,
    0.20087511837482452,
    0.4908430278301239,
    0.15517890453338623,
    0.1935279816389084,
    0.3208032250404358,
    0.17554473876953125,
    0.11614327877759933,
    0.18403677642345428,
    0.19090376794338226,
    0.2822810709476471,
    0.094790518283844,
    0.22028093039989471,
    0.08279085904359818,
    0.37620893120765686,
    0.260417103767395,
    0.16991598904132843,
    0.176473006606102,
    0.24276185035705566,
    0.25060972571372986,
    0.2644261419773102,
    0.22613561153411865,
    0.22616498172283173,
    0.13871389627456665,
    0.20557929575443268,
    0.5966578125953674,
    0.16144244372844696,
    0.09844886511564255,
    0.25271737575531006,
    0.0670737773180008,
    0.28791868686676025,
    0.06256289780139923,
    0.2741059958934784,
    0.18606992065906525,
    0.4133332669734955,
    0.24646596610546112,
    0.04386782646179199,
    0.27668511867523193,
    0.22044773399829865,
    0.24159306287765503,
    0.37653207778930664,
    0.13353075087070465,
    0.2806837260723114,
    0.14613068103790283,
    0.19569335877895355,
    0.10697058588266373,
    0.3297097384929657,
    1.0055495500564575,
    0.07969331741333008,
    0.34263867139816284,
    0.6248473525047302,
    0.1027650386095047,
    0.42760053277015686,
    0.7568050622940063,
    0.25071755051612854,
    0.08002516627311707
  ]
}