{
  "rungs": [
    {
      "tag": "K20_s2.4_a0.0",
      "kind": "toy",
      "spec": {
        "kind": "toy",
        "K": 20,
        "sigma": 2.4,
        "a": 0.0,
        "target": 0.2
      },
      "rho_tail": 0.20975,
      "rho_target": 0.2,
      "S": 0.0,
      "H": 0.06310000000000004,
      "noise_floor": 0.0077245999536833245,
      "H_bin": "high",
      "gamma": 0.005901545000581432,
      "no_mine_accs": [
        0.745,
        0.766,
        0.7475,
        0.7555,
        0.7495,
        0.743,
        0.748,
        0.7485,
        0.7515,
        0.737
      ],
      "supcon_accs": [
        0.8055,
        0.8205,
        0.8065,
        0.8135,
        0.818,
        0.812,
        0.8145,
        0.8175,
        0.7965,
        0.818
      ],
      "calib_aborted": true,
      "lam": null,
      "gate": {
        "a": true,
        "b": false,
        "c": true
      },
      "full_arms": false
    },
    {
      "tag": "K40_s1.6_a0.0",
      "kind": "toy",
      "spec": {
        "kind": "toy",
        "K": 40,
        "sigma": 1.6,
        "a": 0.0,
        "target": 0.2
      },
      "rho_tail": 0.17465,
      "rho_target": 0.2,
      "S": 0.07142857142857142,
      "H": 0.02585000000000015,
      "noise_floor": 0.0069851031965652835,
      "H_bin": "med",
      "gamma": 0.00856444310975002,
      "no_mine_accs": [
        0.889,
        0.889,
        0.8995,
        0.8875,
        0.9015,
        0.8925,
        0.882,
        0.8935,
        0.8855,
        0.9025
      ],
      "supcon_accs": [
        0.9205,
        0.9135,
        0.926,
        0.916,
        0.924,
        0.919,
        0.908,
        0.9145,
        0.919,
        0.9205
      ],
      "calib_aborted": false,
      "lam": [
        0.55,
        0.03
      ],
      "gate": {
        "a": true,
        "b": false,
        "c": true
      },
      "full_arms": false
    },
    {
      "tag": "K40_s2.4_a0.8",
      "kind": "toy",
      "spec": {
        "kind": "toy",
        "K": 40,
        "sigma": 2.4,
        "a": 0.8,
        "target": 0.2
      },
      "rho_tail": 0.19105,
      "rho_target": 0.2,
      "S": 0.0,
      "H": 0.060250000000000026,
      "noise_floor": 0.016114520712009344,
      "H_bin": "high",
      "gamma": 0.0037457381921316424,
      "no_mine_accs": [
        0.6315,
        0.633,
        0.6765,
        0.644,
        0.661,
        0.624,
        0.6355,
        0.65,
        0.6545,
        0.657
      ],
      "supcon_accs": [
        0.689,
        0.714,
        0.7245,
        0.705,
        0.7105,
        0.6945,
        0.698,
        0.7005,
        0.716,
        0.7175
      ],
      "calib_aborted": true,
      "lam": null,
      "gate": {
        "a": true,
        "b": false,
        "c": true
      },
      "full_arms": false
    },
    {
      "tag": "K10_s2.4_a0.0",
      "kind": "toy",
      "spec": {
        "kind": "toy",
        "K": 10,
        "sigma": 2.4,
        "a": 0.0,
        "target": 0.4
      },
      "rho_tail": 0.40335,
      "rho_target": 0.4,
      "S": 0.0,
      "H": 0.05239999999999989,
      "noise_floor": 0.011728408057172785,
      "H_bin": "med",
      "gamma": 0.009573926055797488,
      "no_mine_accs": [
        0.8175,
        0.8235,
        0.8335,
        0.8335,
        0.846,
        0.8195,
        0.82,
        0.846,
        0.823,
        0.8125
      ],
      "supcon_accs": [
        0.881,
        0.8795,
        0.8795,
        0.879,
        0.885,
        0.878,
        0.883,
        0.8865,
        0.877,
        0.8705
      ],
      "calib_aborted": true,
      "lam": null,
      "gate": {
        "a": true,
        "b": false,
        "c": true
      },
      "full_arms": false
    },
    {
      "tag": "K20_s2.0_a0.8",
      "kind": "toy",
      "spec": {
        "kind": "toy",
        "K": 20,
        "sigma": 2.0,
        "a": 0.8,
        "target": 0.4
      },
      "rho_tail": 0.3811,
      "rho_target": 0.4,
      "S": 0.0,
      "H": 0.040400000000000214,
      "noise_floor": 0.012281874630708645,
      "H_bin": "med",
      "gamma": 0.002085084328804443,
      "no_mine_accs": [
        0.8425,
        0.851,
        0.878,
        0.865,
        0.863,
        0.849,
        0.852,
        0.871,
        0.875,
        0.8705
      ],
      "supcon_accs": [
        0.8965,
        0.9005,
        0.9045,
        0.906,
        0.907,
        0.896,
        0.8865,
        0.9035,
        0.91,
        0.9105
      ],
      "calib_aborted": true,
      "lam": null,
      "gate": {
        "a": true,
        "b": false,
        "c": true
      },
      "full_arms": false
    },
    {
      "tag": "K40_s1.2_a0.8",
      "kind": "toy",
      "spec": {
        "kind": "toy",
        "K": 40,
        "sigma": 1.2,
        "a": 0.8,
        "target": 0.4
      },
      "rho_tail": 0.44735,
      "rho_target": 0.4,
      "S": 0.5725446428571429,
      "H": -0.0007500000000000284,
      "noise_floor": 0.002643650674519772,
      "H_bin": "low",
      "gamma": 0.008098057246596513,
      "no_mine_accs": [
        0.984,
        0.985,
        0.989,
        0.9855,
        0.982,
        0.9825,
        0.9795,
        0.9835,
        0.982,
        0.986
      ],
      "supcon_accs": [
        0.98,
        0.985,
        0.983,
        0.984,
        0.9805,
        0.984,
        0.98,
        0.977,
        0.99,
        0.988
      ],
      "calib_aborted": false,
      "lam": [
        0.55,
        0.45
      ],
      "gate": {
        "a": false,
        "b": true,
        "c": true
      },
      "full_arms": false
    },
    {
      "tag": "K10_s1.6_a0.0",
      "kind": "toy",
      "spec": {
        "kind": "toy",
        "K": 10,
        "sigma": 1.6,
        "a": 0.0,
        "target": 0.6
      },
      "rho_tail": 0.6343,
      "rho_target": 0.6,
      "S": 0.0,
      "H": 0.01595000000000013,
      "noise_floor": 0.004995553578489143,
      "H_bin": "low",
      "gamma": 0.08801641794855761,
      "no_mine_accs": [
        0.9685,
        0.968,
        0.9685,
        0.9665,
        0.973,
        0.955,
        0.968,
        0.963,
        0.961,
        0.9665
      ],
      "supcon_accs": [
        0.982,
        0.9775,
        0.9835,
        0.9815,
        0.98,
        0.981,
        0.983,
        0.9845,
        0.983,
        0.9815
      ],
      "calib_aborted": true,
      "lam": null,
      "gate": {
        "a": true,
        "b": false,
        "c": true
      },
      "full_arms": false
    },
    {
      "tag": "K40_s0.4_a0.8",
      "kind": "toy",
      "spec": {
        "kind": "toy",
        "K": 40,
        "sigma": 0.4,
        "a": 0.8,
        "target": 0.6
      },
      "rho_tail": 0.5639,
      "rho_target": 0.6,
      "S": 0.43005952380952384,
      "H": 0.0,
      "noise_floor": 0.0,
      "H_bin": "low",
      "gamma": 0.002250482949878674,
      "no_mine_accs": [
        1.0,
        1.0,
        1.0,
        1.0,
        1.0,
        1.0,
        1.0,
        1.0,
        1.0,
        1.0
      ],
      "supcon_accs": [
        1.0,
        1.0,
        1.0,
        1.0,
        1.0,
        1.0,
        1.0,
        1.0,
        1.0,
        1.0
      ],
      "calib_aborted": false,
      "lam": [
        0.55,
        0.45
      ],
      "gate": {
        "a": false,
        "b": true,
        "c": true
      },
      "full_arms": false
    },
    {
      "tag": "K40_s2.4_a1.6",
      "kind": "toy",
      "spec": {
        "kind": "toy",
        "K": 40,
        "sigma": 2.4,
        "a": 1.6,
        "target": 0.6
      },
      "rho_tail": 0.5927,
      "rho_target": 0.6,
      "S": 0.0,
      "H": 0.046599999999999975,
      "noise_floor": 0.012382335087624728,
      "H_bin": "med",
      "gamma": 0.0012021950245127422,