{
  "gate": "G0",
  "alpha_primary": 0.1,
  "criteria": {
    "alpha=0.05": {
      "certified": 5,
      "exceedances": 0,
      "a_ok": true,
      "a_prime": {
        "realized_minus": {
          "pooled_mean": 0.019174882370612156,
          "upper": 0.02011030049866009,
          "bound": 0.14500000000000002,
          "ok": true
        },
        "realized_plus": {
          "pooled_mean": 0.009356464474752737,
          "upper": 0.011753821781823822,
          "bound": 0.14500000000000002,
          "ok": true
        }
      },
      "informative": null,
      "mean_abstention": 0.034687499999999996,
      "lams": [
        "(0.55, 0.08)",
        "(0.55, 0.45)"
      ]
    },
    "alpha=0.1": {
      "certified": 20,
      "exceedances": 0,
      "a_ok": true,
      "a_prime": {
        "realized_minus": {
          "pooled_mean": 0.030513558714850113,
          "upper": 0.035360831346521335,
          "bound": 0.19,
          "ok": true
        },
        "realized_plus": {
          "pooled_mean": 0.017650890731644612,
          "upper": 0.020775890224383895,
          "bound": 0.19,
          "ok": true
        }
      },
      "informative": true,
      "mean_abstention": 0.0065213293650793645,
      "lams": [
        "(0.55, 0.45)"
      ]
    },
    "alpha=0.2": {
      "certified": 20,
      "exceedances": 0,
      "a_ok": true,
      "a_prime": {
        "realized_minus": {
          "pooled_mean": 0.030513558714850113,
          "upper": 0.035360831346521335,
          "bound": 0.28,
          "ok": true
        },
        "realized_plus": {
          "pooled_mean": 0.017650890731644612,
          "upper": 0.020775890224383895,
          "bound": 0.28,
          "ok": true
        }
      },
      "informative": null,
      "mean_abstention": 0.0065213293650793645,
      "lams": [
        "(0.55, 0.45)"
      ]
    },
    "random_gate": {
      "aborted": 20,
      "abst95": 20,
      "risk_ok_when_mined": true,
      "fully_vacuous": true
    },
    "oracle_gate": {
      "certified": 20,
      "exceedances": 0
    }
  },
  "passed": true,
  "wall_seconds": 1745.7
}