{
  "gate": "G1",
  "levels": {
    "low": {
      "margin": 0.0,
      "no_mine": 1.0,
      "naive_hard": 0.29910000000000003,
      "rc_hpm": 0.9999,
      "rince": 1.0,
      "cert_random_k": 1.0,
      "supcon": 1.0,
      "K2_damage": true,
      "K3_utility": false,
      "e_beats_rince": false,
      "f_cert_vs_hardness_gap": -9.999999999998899e-05
    },
    "med": {
      "margin": 0.0035355339059327724,
      "no_mine": 0.9964999999999999,
      "naive_hard": 0.26020000000000004,
      "rc_hpm": 0.9922000000000001,
      "rince": 0.9974999999999999,
      "cert_random_k": 0.9978999999999999,
      "supcon": 0.9983000000000001,
      "K2_damage": true,
      "K3_utility": false,
      "e_beats_rince": false,
      "f_cert_vs_hardness_gap": -0.005699999999999816
    },
    "high": {
      "margin": 0.015221695043588225,
      "no_mine": 0.9456,
      "naive_hard": 0.2745,
      "rc_hpm": 0.9399000000000001,
      "rince": 0.953,
      "cert_random_k": 0.9399000000000001,
      "supcon": 0.9705,
      "K2_damage": true,
      "K3_utility": false,
      "e_beats_rince": false,
      "f_cert_vs_hardness_gap": 0.0
    }
  },
  "passed_full": false,
  "branch": "K2 only -> harm-bounding framing",
  "wall_seconds": 523.7
}