{
  "gate": "G1.5",
  "passed": true,
  "primary_ratio_gamma1": 14.29434419224028,
  "threshold": 3.0,
  "bins": {
    "gamma=1.0": {
      "density_top_decile": 1.8080288932108088,
      "density_bottom_half": 0.1264856133933239,
      "ratio": 14.29434419224028,
      "p_same_overall": 0.10019652260009901,
      "rho_same_top_decile": 0.36720521235600984,
      "rho_same_bottom_half": 0.03538638526890528,
      "s_deciles": [
        0.5911461710929871,
        0.6732282638549805,
        0.7557201385498047,
        0.8234730958938599
      ]
    },
    "gamma=0.9": {
      "density_top_decile": 1.2939044087988154,
      "density_bottom_half": 0.13721323534609045,
      "ratio": 9.429880474250343,
      "p_same_overall": 0.10013801104088327,
      "rho_same_top_decile": 0.2785727681669668,
      "rho_same_bottom_half": 0.04346853514554871,
      "s_deciles": [
        0.5103490948677063,
        0.6195336580276489,
        0.7230972051620483,
        0.8062006831169128
      ]
    },
    "gamma=0.6": {
      "density_top_decile": 1.0701961214594478,
      "density_bottom_half": 0.27539527593165175,
      "ratio": 3.8860365989903602,
      "p_same_overall": 0.1012656328914536,
      "rho_same_top_decile": 0.19678633071822785,
      "rho_same_bottom_half": 0.07046551333637274,
      "s_deciles": [
        0.633203387260437,
        0.7333212494850159,
        0.8168730735778809,
        0.8708623647689819
      ]
    },
    "gamma=0.3": {
      "density_top_decile": 0.9587331163344573,
      "density_bottom_half": 0.48513476987114856,
      "ratio": 1.9762201678290265,
      "p_same_overall": 0.09896088569742671,
      "rho_same_top_decile": 0.1410310392879965,
      "rho_same_bottom_half": 0.08510395358411474,
      "s_deciles": [
        0.8407737016677856,
        0.9089880585670471,
        0.9484246373176575,
        0.9671803116798401
      ]
    }
  },
  "teacher": "resnet18 IMAGENET1K_V1 (Deviation D2)",
  "branch": "premise holds -> Stage 1 with motivation figure",
  "wall_seconds": 1604.8
}