candidate_id,image_file,group,source_id,severity,label,wrong_label,realism,class_probability,class_correct,composite_quality,direct_energy,direct_energy_zero_anchored,dot_energy,dot_energy_zero_anchored,base_field_norm
0,images/0000_real.png,real,41468,0.0,829,False,0.3494648337364197,0.4874544143676758,True,0.7294761532447225,-5282.701171875,-2449.319091796875,-2678.043701171875,-2678.043701171875,8.183605194091797
1,images/0001_real.png,real,29514,0.0,590,False,0.47538647055625916,0.3472585678100586,True,0.9577795152462861,-8903.11328125,-5767.3017578125,-6590.8466796875,-6590.8466796875,17.544607162475586
2,images/0002_real.png,real,36951,0.0,739,False,0.33402198553085327,0.548495888710022,True,0.6837372947615324,-4728.3974609375,-2177.728759765625,-2638.202392578125,-2638.202392578125,26.15284538269043
3,images/0003_real.png,real,35529,0.0,710,False,0.26456794142723083,0.005951956380158663,False,0.436278342455043,-3572.126953125,-431.9453125,-1036.470703125,-1036.470703125,20.397750854492188
4,images/0004_real.png,real,39027,0.0,780,False,0.564328670501709,0.2576052248477936,True,0.9675527756059421,-6608.1669921875,-3112.48095703125,-3679.195068359375,-3679.195068359375,12.152179718017578
5,images/0005_real.png,real,25428,0.0,508,False,0.4261853098869324,0.3367464542388916,True,0.9417513682564504,-6969.60498046875,-3743.610595703125,-4412.94775390625,-4412.94775390625,8.469624519348145
6,images/0006_real.png,real,42304,0.0,846,False,0.2559144198894501,0.34838101267814636,True,0.5203283815480845,-8072.72705078125,-4893.44140625,-5654.6953125,-5654.6953125,12.963193893432617
7,images/0007_real.png,real,35299,0.0,705,False,0.20762555301189423,0.0066296751610934734,False,0.4034401876465989,-5033.92529296875,-2030.71044921875,-2320.750732421875,-2320.750732421875,14.810153007507324
8,images/0008_real.png,real,30439,0.0,608,False,0.3716554343700409,0.11081654578447342,True,0.7924159499609069,-4755.27783203125,-1589.95849609375,-1991.9228515625,-1991.9228515625,12.83348274230957
9,images/0009_real.png,real,4134,0.0,82,False,0.2139570266008377,0.4885285496711731,True,0.5054730258014073,-3579.7451171875,-593.38037109375,-1055.662841796875,-1055.662841796875,16.372846603393555
10,images/0010_real.png,real,37986,0.0,759,False,0.2854739725589752,0.5445042252540588,True,0.5742767787333855,-7114.81201171875,-3588.0849609375,-3987.189453125,-3987.189453125,10.737232208251953
11,images/0011_real.png,real,36633,0.0,732,False,0.2726899981498718,0.5383228659629822,True,0.5547302580140735,-8050.94140625,-4653.44140625,-5180.39404296875,-5180.39404296875,12.437190055847168
12,images/0012_real.png,real,41576,0.0,831,False,0.656463623046875,0.4057064950466156,True,0.9808444096950742,-6124.67578125,-3076.1689453125,-3733.50341796875,-3733.50341796875,13.251325607299805
13,images/0013_real.png,real,28328,0.0,566,False,0.1747145652770996,0.6711821556091309,True,0.5011727912431587,-3570.1826171875,-812.045166015625,-1234.595947265625,-1234.595947265625,13.55235767364502
14,images/0014_real.png,real,24266,0.0,485,False,0.48020631074905396,0.07239390909671783,False,0.9339327599687255,-6024.82275390625,-2931.84033203125,-3658.521728515625,-3658.521728515625,10.38943099975586
15,images/0015_real.png,real,11578,0.0,231,False,0.7195724844932556,0.17713649570941925,True,0.9663799843627834,-4436.5908203125,-1544.1962890625,-1800.2822265625,-1800.2822265625,15.896764755249023
16,images/0016_real.png,real,5354,0.0,107,False,0.3265588581562042,0.48157787322998047,True,0.6555903049257232,-13737.021484375,-10704.4541015625,-11626.505859375,-11626.505859375,21.487380981445312
17,images/0017_real.png,real,45031,0.0,900,False,0.25164324045181274,0.3258368968963623,True,0.5140734949179047,-6553.7265625,-3057.44580078125,-3621.19873046875,-3621.19873046875,9.945589065551758
18,images/0018_real.png,real,4663,0.0,93,False,0.6191296577453613,0.402631014585495,True,0.9784988272087569,-7815.115234375,-4967.53076171875,-5371.4423828125,-5371.4423828125,17.055763244628906
19,images/0019_real.png,real,17115,0.0,342,False,0.2945956885814667,0.5710151195526123,True,0.5867865519937451,-3631.60693359375,-636.4345703125,-938.7796020507812,-938.7796020507812,27.843788146972656
20,images/0020_real.png,real,30819,0.0,616,False,0.2296280860900879,0.46100106835365295,True,0.5093823299452698,-3708.790771484375,-1032.391357421875,-1581.187255859375,-1581.187255859375,14.847755432128906
21,images/0021_real.png,real,1587,0.0,31,False,0.25249841809272766,0.1246119886636734,True,0.49921813917122754,-5545.634765625,-2532.41845703125,-2920.504150390625,-2920.504150390625,23.726497650146484
22,images/0022_real.png,real,10676,0.0,213,False,0.3164187967777252,0.35729554295539856,True,0.6227521501172791,-4209.60986328125,-1152.819091796875,-1567.2957763671875,-1567.2957763671875,11.898012161254883
23,images/0023_real.png,real,45917,0.0,918,False,0.43259188532829285,0.4024411737918854,True,0.9495699765441752,-5689.5478515625,-2853.619873046875,-3161.2080078125,-3161.2080078125,10.502290725708008
24,images/0024_real.png,real,25878,0.0,517,False,0.39230015873908997,0.5904951095581055,True,0.9010946051602815,-5402.15625,-2025.93310546875,-2873.435546875,-2873.435546875,12.848872184753418
25,images/0025_real.png,real,17262,0.0,345,False,0.7561883330345154,0.09250719845294952,False,0.9581704456606723,-3262.98779296875,-377.1484375,-708.3703002929688,-708.3703002929688,13.239612579345703
26,images/0026_real.png,real,16713,0.0,334,False,0.30443504452705383,0.40940314531326294,True,0.6024237685691947,-3500.5673828125,-572.80615234375,-911.080322265625,-911.080322265625,47.48705291748047
27,images/0027_real.png,real,23369,0.0,467,False,0.4396880865097046,0.681795597076416,True,0.9659890539483972,-4116.27490234375,-1378.973876953125,-1750.298828125,-1750.298828125,22.193880081176758
28,images/0028_real.png,real,9717,0.0,194,False,0.47724589705467224,0.5535266399383545,True,0.9702892885066459,-6559.2451171875,-3563.79443359375,-3936.08935546875,-3936.08935546875,23.63863754272461
29,images/0029_real.png,real,4768,0.0,95,False,0.22582286596298218,0.5027399659156799,True,0.5089913995308835,-7748.5380859375,-4439.16748046875,-5053.23583984375,-5053.23583984375,20.103439331054688
30,images/0030_real.png,real,22015,0.0,440,False,0.1779097616672516,0.5433512926101685,True,0.49960906958561374,-4663.197265625,-1816.078125,-2215.99755859375,-2215.99755859375,7.223971843719482
31,images/0031_real.png,real,3775,0.0,75,False,0.5419198274612427,0.30602219700813293,True,0.9667709147771697,-7326.16748046875,-4286.3896484375,-4807.744140625,-4807.744140625,8.043678283691406
32,images/0032_real.png,real,38296,0.0,765,False,0.16659027338027954,0.006598281674087048,False,0.39366692728694297,-4752.95849609375,-1921.342041015625,-2529.00830078125,-2529.00830078125,16.58304214477539
33,images/0033_real.png,real,17073,0.0,341,False,0.3689618706703186,0.5378938317298889,True,0.8131352619233776,-3195.814453125,-539.6201171875,-821.996337890625,-821.996337890625,9.74826431274414
34,images/0034_real.png,real,27473,0.0,549,False,0.27544111013412476,0.009014985524117947,False,0.47068021892103207,-7969.9267578125,-5026.18212890625,-5910.6689453125,-5910.6689453125,17.12917709350586
35,images/0035_real.png,real,25626,0.0,512,False,0.24447813630104065,0.4384402930736542,True,0.5152462861610633,-14096.5673828125,-11168.515625,-11632.80859375,-11632.80859375,8.253145217895508
36,images/0036_real.png,real,22148,0.0,442,False,0.2795211672782898,0.26492780447006226,True,0.5551211884284597,-9282.296875,-6133.66748046875,-6545.2451171875,-6545.2451171875,10.603964805603027
37,images/0037_real.png,real,39283,0.0,785,False,0.25772395730018616,0.010410264134407043,False,0.44487881157154024,-5975.453125,-2876.048583984375,-3359.48876953125,-3359.48876953125,8.800113677978516
38,images/0038_real.png,real,46213,0.0,924,False,0.271311491727829,0.07539074122905731,True,0.5156372165754496,-5576.6083984375,-2422.49462890625,-2976.882080078125,-2976.882080078125,12.500701904296875
39,images/0039_real.png,real,48573,0.0,971,False,0.19305948913097382,0.6788926124572754,True,0.5054730258014073,-11051.70703125,-8271.130859375,-8938.53125,-8938.53125,25.203149795532227
40,images/0040_real.png,real,40065,0.0,801,False,0.4039773941040039,0.4211618900299072,True,0.9194683346364347,-4896.57666015625,-1918.98193359375,-2390.60400390625,-2390.60400390625,11.566437721252441
41,images/0041_real.png,real,47256,0.0,945,False,0.3131715953350067,0.5758349299430847,True,0.6239249413604379,-7516.82861328125,-4817.900390625,-5628.26025390625,-5628.26025390625,13.614643096923828
42,images/0042_real.png,real,22470,0.0,449,False,0.5494551062583923,0.26786720752716064,True,0.9663799843627834,-3971.332763671875,-987.722412109375,-1360.7430419921875,-1360.7430419921875,9.691703796386719
43,images/0043_real.png,real,44139,0.0,882,False,0.3773358166217804,0.27436864376068115,True,0.8334636434714621,-5049.08935546875,-2328.48828125,-2846.9423828125,-2846.9423828125,10.524242401123047
44,images/0044_real.png,real,44407,0.0,888,False,0.3433983623981476,0.43873485922813416,True,0.7099296325254105,-9603.396484375,-6535.41845703125,-6866.60791015625,-6866.60791015625,8.351192474365234
45,images/0045_real.png,real,34854,0.0,697,False,0.40703192353248596,0.02718084491789341,False,0.8749022673964035,-5267.796875,-2278.81689453125,-2773.5390625,-2773.5390625,10.8700590133667
46,images/0046_real.png,real,20630,0.0,412,False,0.2990575432777405,0.12805896997451782,True,0.568803752931978,-4527.61279296875,-2047.673095703125,-2426.59130859375,-2426.59130859375,14.5382661819458
47,images/0047_real.png,real,21675,0.0,433,False,0.3835445046424866,0.7214813232421875,True,0.8706020328381547,-5278.42724609375,-2598.4580078125,-2927.34375,-2927.34375,18.9825439453125
48,images/0048_real.png,real,17150,0.0,343,False,0.29556775093078613,0.022022956982254982,False,0.5273651290070367,-3206.10595703125,-247.90771484375,-522.4728393554688,-522.4728393554688,9.900590896606445
49,images/0049_real.png,real,31966,0.0,639,False,0.3533954322338104,0.15206745266914368,True,0.7243940578577013,-6517.5224609375,-3445.1416015625,-3973.1171875,-3973.1171875,9.243206977844238
50,images/0050_real.png,real,37633,0.0,752,False,0.27851229906082153,0.0057998294942080975,False,0.45777951524628613,-5755.2158203125,-2724.879638671875,-3249.982666015625,-3249.982666015625,12.50924301147461
51,images/0051_real.png,real,27959,0.0,559,False,0.3509996831417084,0.3152473568916321,True,0.7302580140734949,-3519.87255859375,-790.2236328125,-1389.1402587890625,-1389.1402587890625,13.154706954956055
52,images/0052_real.png,real,7785,0.0,155,False,0.386451780796051,0.14195440709590912,False,0.8522283033620016,-4117.55078125,-1056.23046875,-1399.404296875,-1399.404296875,10.360356330871582
53,images/0053_real.png,real,41103,0.0,822,False,0.29303815960884094,0.012849795632064342,False,0.4996090695856138,-5344.419921875,-2710.21337890625,-3138.99169921875,-3138.99169921875,22.53244400024414
54,images/0054_real.png,real,31860,0.0,637,False,0.7776446342468262,0.6850548982620239,True,0.9976544175136826,-5763.552734375,-3033.5810546875,-3486.78759765625,-3486.78759765625,23.061613082885742
55,images/0055_real.png,real,2555,0.0,51,False,0.5243234038352966,0.5853260159492493,True,0.9784988272087569,-5445.90625,-2733.295654296875,-3538.508056640625,-3538.508056640625,12.157986640930176
56,images/0056_real.png,real,28631,0.0,572,False,0.261497437953949,0.02534571848809719,False,0.48045347928068804,-5930.109375,-2963.60205078125,-3643.830078125,-3643.830078125,8.539464950561523
57,images/0057_real.png,real,26054,0.0,521,False,0.26042458415031433,0.06862475723028183,False,0.4960906958561376,-4796.22265625,-1949.788818359375,-2463.97607421875,-2463.97607421875,12.708252906799316
58,images/0058_real.png,real,6897,0.0,137,False,0.4837716221809387,0.7395620942115784,True,0.978889757623143,-3341.5908203125,-209.392822265625,-540.0838623046875,-540.0838623046875,15.362095832824707
59,images/0059_real.png,real,3275,0.0,65,False,0.23856773972511292,0.4546518325805664,True,0.5117279124315872,-3497.296142578125,-852.4443359375,-1440.14453125,-1440.14453125,18.02682113647461
60,images/0060_real.png,real,40160,0.0,803,False,0.3000600337982178,0.32564592361450195,True,0.5895230648944487,-4120.17333984375,-1147.831298828125,-1389.85546875,-1389.85546875,13.074910163879395
61,images/0061_real.png,real,19977,0.0,399,False,0.2709117531776428,0.08086472749710083,False,0.5152462861610634,-4844.5439453125,-1542.66015625,-2236.408935546875,-2236.408935546875,12.206592559814453
62,images/0062_real.png,real,3313,0.0,66,False,0.3391990065574646,0.24403032660484314,True,0.6872556684910086,-3249.9658203125,-663.083984375,-1025.7010498046875,-1025.7010498046875,14.18722152709961
63,images/0063_real.png,real,40057,0.0,801,False,0.27486833930015564,0.044006604701280594,False,0.5156372165754496,-6925.115234375,-3947.5205078125,-4368.6357421875,-4368.6357421875,21.281240463256836
64,images/0064_generated_none.png,generated_none,41468,0.0,829,False,0.29914358258247375,0.0002041353436652571,False,0.16575449569976544,1720.67626953125,4554.05859375,4369.11328125,4369.11328125,245.60499572753906
65,images/0065_generated_none.png,generated_none,29514,0.0,590,False,0.2711367905139923,0.00011585747415665537,False,0.0746677091477717,3332.73291015625,6468.54443359375,5786.0380859375,5786.0380859375,230.57211303710938
66,images/0066_generated_none.png,generated_none,36951,0.0,739,False,0.39087045192718506,0.00022574671311303973,False,0.4812353401094605,2158.21875,4708.8876953125,4403.73193359375,4403.73193359375,241.49855041503906
67,images/0067_generated_none.png,generated_none,35529,0.0,710,False,0.2696981728076935,0.00020521468832157552,False,0.11806098514464425,2104.985595703125,5245.1669921875,4613.34912109375,4613.34912109375,306.351806640625
68,images/0068_generated_none.png,generated_none,39027,0.0,780,False,0.3050115704536438,8.780842472333461e-05,False,0.12470680218921032,2271.905517578125,5767.591796875,5301.14453125,5301.14453125,241.39537048339844
69,images/0069_generated_none.png,generated_none,25428,0.0,508,False,0.23035025596618652,0.00019493022409733385,False,0.07623143080531665,2360.36328125,5586.357421875,5048.091796875,5048.091796875,260.1181640625
70,images/0070_generated_none.png,generated_none,42304,0.0,846,False,0.2735237777233124,0.00018446528702042997,False,0.11297888975762314,3864.921875,7044.20703125,6237.96044921875,6237.96044921875,205.5830078125
71,images/0071_generated_none.png,generated_none,35299,0.0,705,False,0.37525007128715515,0.00023080577375367284,False,0.43041438623924944,2521.4267578125,5524.6416015625,5240.8642578125,5240.8642578125,228.1872100830078
72,images/0072_generated_none.png,generated_none,30439,0.0,608,False,0.2211655080318451,0.0023180770222097635,False,0.35731039874902265,1155.929931640625,4321.2490234375,4019.926025390625,4019.926025390625,301.94183349609375
73,images/0073_generated_none.png,generated_none,4134,0.0,82,False,0.30174097418785095,0.006057304330170155,False,0.498436278342455,1683.9908447265625,4670.35546875,4261.1220703125,4261.1220703125,227.50875854492188
74,images/0074_generated_none.png,generated_none,37986,0.0,759,False,0.3045879602432251,0.0002448748564347625,False,0.20992963252541047,706.6697998046875,4233.39697265625,3795.28125,3795.28125,311.6902770996094
75,images/0075_generated_none.png,generated_none,36633,0.0,732,False,0.2749180495738983,0.0001154958808911033,False,0.0836591086786552,1399.810791015625,4797.310546875,4369.07421875,4369.07421875,304.9239807128906
76,images/0076_generated_none.png,generated_none,41576,0.0,831,False,0.258823961019516,0.0005339283379726112,False,0.26856919468334634,3188.919921875,6237.4267578125,5659.103515625,5659.103515625,237.4504852294922
77,images/0077_generated_none.png,generated_none,28328,0.0,566,False,0.29160234332084656,0.0002342189836781472,False,0.17200938232994528,2553.273193359375,5311.41064453125,4943.72265625,4943.72265625,225.70989990234375
78,images/0078_generated_none.png,generated_none,24266,0.0,485,False,0.2628249526023865,0.00036711289430968463,False,0.21266614542611417,2433.81689453125,5526.79931640625,4992.611328125,4992.611328125,270.30853271484375
79,images/0079_generated_none.png,generated_none,11578,0.0,231,False,0.33068758249282837,0.0038094469346106052,False,0.544175136825645,2336.856689453125,5229.2509765625,4980.1005859375,4980.1005859375,231.70237731933594
80,images/0080_generated_none.png,generated_none,5354,0.0,107,False,0.365300714969635,0.0019713896326720715,False,0.6336982017200938,2211.119873046875,5243.6875,4479.9091796875,4479.9091796875,300.6419677734375
81,images/0081_generated_none.png,generated_none,45031,0.0,900,False,0.3413901627063751,0.0002864942653104663,False,0.3342455043002346,2279.0654296875,5775.34619140625,5279.5908203125,5279.5908203125,240.44189453125
82,images/0082_generated_none.png,generated_none,4663,0.0,93,False,0.3334488868713379,0.0007590643363073468,False,0.464034401876466,2240.58837890625,5088.1728515625,4701.080078125,4701.080078125,213.81993103027344
83,images/0083_generated_none.png,generated_none,17115,0.0,342,False,0.2948846220970154,0.0015859314007684588,False,0.4093041438623925,1768.055908203125,4763.228515625,4498.9716796875,4498.9716796875,240.33087158203125
84,images/0084_generated_none.png,generated_none,30819,0.0,616,False,0.35827723145484924,0.00045504234731197357,False,0.4730258014073495,2466.76318359375,5143.16259765625,4609.2734375,4609.2734375,277.6152038574219
85,images/0085_generated_none.png,generated_none,1587,0.0,31,False,0.2955465316772461,8.247186633525416e-05,False,0.09773260359655982,1815.333251953125,4828.5498046875,4430.009765625,4430.009765625,267.4162292480469
86,images/0086_generated_none.png,generated_none,10676,0.0,213,False,0.33169955015182495,0.0012803648132830858,False,0.48553557466770914,1902.319580078125,4959.1103515625,4625.24169921875,4625.24169921875,254.208984375
87,images/0087_generated_none.png,generated_none,45917,0.0,918,False,0.33300599455833435,0.0002346017718082294,False,0.27247849882720876,1491.2451171875,4327.1728515625,4042.107666015625,4042.107666015625,271.1239013671875
88,images/0088_generated_none.png,generated_none,25878,0.0,517,False,0.31547603011131287,0.00010359859152231365,False,0.14816262705238467,2713.411376953125,6089.634765625,5287.8779296875,5287.8779296875,239.25018310546875
89,images/0089_generated_none.png,generated_none,17262,0.0,345,False,0.34873509407043457,0.0006824278389103711,False,0.49609069585613763,2358.162109375,5244.00146484375,4928.6865234375,4928.6865234375,208.53848266601562
90,images/0090_generated_none.png,generated_none,16713,0.0,334,False,0.3072468042373657,0.001820526784285903,False,0.44761532447224395,2417.3232421875,5345.08447265625,5094.8876953125,5094.8876953125,209.51834106445312
91,images/0091_generated_none.png,generated_none,23369,0.0,467,False,0.35610973834991455,0.00013748306082561612,False,0.29124315871774825,1746.3162841796875,4483.6171875,4126.3193359375,4126.3193359375,205.80645751953125
92,images/0092_generated_none.png,generated_none,9717,0.0,194,False,0.2702048420906067,0.0007287425687536597,False,0.3248631743549648,2005.0283203125,5000.47900390625,4558.6572265625,4558.6572265625,245.3944854736328
93,images/0093_generated_none.png,generated_none,4768,0.0,95,False,0.383078932762146,0.00023245603370014578,False,0.4546520719311963,2007.58447265625,5316.955078125,4909.37109375,4909.37109375,232.77464294433594
94,images/0094_generated_none.png,generated_none,22015,0.0,440,False,0.32282307744026184,0.0005383631796576083,False,0.38506645817044566,2750.301513671875,5597.4208984375,5198.38623046875,5198.38623046875,223.4168243408203
95,images/0095_generated_none.png,generated_none,3775,0.0,75,False,0.397470086812973,0.0006231810548342764,False,0.6637998436278343,1344.69873046875,4384.4765625,4078.5673828125,4078.5673828125,273.2571105957031
96,images/0096_generated_none.png,generated_none,38296,0.0,765,False,0.32888829708099365,0.0005822348175570369,False,0.41399530883502733,2630.9140625,5462.5302734375,5055.1953125,5055.1953125,229.81178283691406
97,images/0097_generated_none.png,generated_none,17073,0.0,341,False,0.27401676774024963,0.00029827613616362214,False,0.18569194683346366,1538.003173828125,4194.197265625,3991.400390625,3991.400390625,257.18841552734375
98,images/0098_generated_none.png,generated_none,27473,0.0,549,False,0.2900603711605072,0.0003608591796364635,False,0.246677091477717,2057.93310546875,5001.677734375,4278.33642578125,4278.33642578125,308.024169921875
99,images/0099_generated_none.png,generated_none,25626,0.0,512,False,0.263871431350708,0.00022456751321442425,False,0.1293979671618452,2014.180419921875,4942.232421875,4217.65966796875,4217.65966796875,306.0436096191406
100,images/0100_generated_none.png,generated_none,22148,0.0,442,False,0.3101998269557953,8.209348743548617e-05,False,0.1254886630179828,2963.61328125,6112.24267578125,5662.95458984375,5662.95458984375,226.2792510986328
101,images/0101_generated_none.png,generated_none,39283,0.0,785,False,0.2753061354160309,0.0007223758148029447,False,0.33698201720093823,1194.6466064453125,4294.05126953125,3897.201416015625,3897.201416015625,319.9460144042969
102,images/0102_generated_none.png,generated_none,46213,0.0,924,False,0.3018612265586853,0.00016854483692441136,False,0.15207193119624707,1434.4613037109375,4588.5751953125,4188.86181640625,4188.86181640625,252.5184326171875
103,images/0103_generated_none.png,generated_none,48573,0.0,971,False,0.3071659207344055,0.0009269789443351328,False,0.4093041438623925,2487.294921875,5267.87109375,4631.240234375,4631.240234375,256.3522644042969
104,images/0104_generated_none.png,generated_none,40065,0.0,801,False,0.34025973081588745,0.0005059096729382873,False,0.43158717748240816,1366.5201416015625,4344.11474609375,3973.467529296875,3973.467529296875,274.6239318847656
105,images/0105_generated_none.png,generated_none,47256,0.0,945,False,0.3032587170600891,0.00016890685947146267,False,0.15480844409695074,2110.994873046875,4809.9228515625,4158.75439453125,4158.75439453125,301.9808349609375
106,images/0106_generated_none.png,generated_none,22470,0.0,449,False,0.35926613211631775,0.00013145082630217075,False,0.29906176700547304,2225.935546875,5209.5458984375,4979.8828125,4979.8828125,223.81130981445312
107,images/0107_generated_none.png,generated_none,44139,0.0,882,False,0.2937542498111725,0.00048374771722592413,False,0.2986708365910868,2994.56591796875,5715.1669921875,5192.7724609375,5192.7724609375,219.22096252441406
108,images/0108_generated_none.png,generated_none,44407,0.0,888,False,0.2691378891468048,0.00045097185648046434,False,0.2517591868647381,997.0367431640625,4065.0146484375,3665.42431640625,3665.42431640625,312.5431823730469
109,images/0109_generated_none.png,generated_none,34854,0.0,697,False,0.26314759254455566,0.0005030843312852085,False,0.2638780297107115,1665.034423828125,4654.0146484375,4213.67041015625,4213.67041015625,269.5589294433594
110,images/0110_generated_none.png,generated_none,20630,0.0,412,False,0.32532811164855957,0.012664644047617912,False,0.5731039874902267,2666.43115234375,5146.37109375,4780.1142578125,4780.1142578125,241.01077270507812
111,images/0111_generated_none.png,generated_none,21675,0.0,433,False,0.2646215260028839,0.0001810585818020627,False,0.0985144644253323,2102.215576171875,4782.1845703125,4395.5458984375,4395.5458984375,261.17755126953125
112,images/0112_generated_none.png,generated_none,17150,0.0,343,False,0.3198849558830261,0.0006287939031608403,False,0.3940578577013292,2046.3297119140625,5004.52783203125,4736.01904296875,4736.01904296875,237.77276611328125
113,images/0113_generated_none.png,generated_none,31966,0.0,639,False,0.34708842635154724,0.0008071807096712291,False,0.5078186082877248,3186.21044921875,6258.59130859375,5858.6552734375,5858.6552734375,211.84898376464844
114,images/0114_generated_none.png,generated_none,37633,0.0,752,False,0.27652034163475037,0.00010154232586501166,False,0.08287724784988272,1677.2591552734375,4707.59521484375,4336.1142578125,4336.1142578125,274.9065246582031
115,images/0115_generated_none.png,generated_none,27959,0.0,559,False,0.24154730141162872,0.0012467426713556051,False,0.3275996872556685,2050.074951171875,4779.7236328125,4174.7568359375,4174.7568359375,280.00616455078125
116,images/0116_generated_none.png,generated_none,7785,0.0,155,False,0.38858532905578613,0.0007307413616217673,False,0.6614542611415168,2057.9599609375,5119.2802734375,4878.5478515625,4878.5478515625,245.91754150390625
117,images/0117_generated_none.png,generated_none,41103,0.0,822,False,0.29536202549934387,0.0002048066380666569,False,0.1563721657544957,2238.718017578125,4872.9248046875,4488.69140625,4488.69140625,205.98495483398438
118,images/0118_generated_none.png,generated_none,31860,0.0,637,False,0.3852308690547943,0.002529473975300789,False,0.7267396403440187,2436.0810546875,5166.052734375,4939.1318359375,4939.1318359375,231.8582763671875
119,images/0119_generated_none.png,generated_none,2555,0.0,51,False,0.3059811294078827,0.00019265701121184975,False,0.17279124315871774,532.2362060546875,3244.8466796875,2665.98779296875,2665.98779296875,327.5722351074219
120,images/0120_generated_none.png,generated_none,28631,0.0,572,False,0.25155699253082275,0.00040439041913487017,False,0.20680218921032056,2687.73095703125,5654.23828125,5162.4814453125,5162.4814453125,236.90924072265625
121,images/0121_generated_none.png,generated_none,26054,0.0,521,False,0.3278472125530243,0.00016034668078646064,False,0.21149335418295542,2957.271484375,5803.705078125,5301.173828125,5301.173828125,232.75888061523438
122,images/0122_generated_none.png,generated_none,6897,0.0,137,False,0.2733743190765381,0.005266084335744381,False,0.4437060203283815,2295.146484375,5427.3447265625,5156.82177734375,5156.82177734375,215.73423767089844
123,images/0123_generated_none.png,generated_none,3275,0.0,65,False,0.4058094024658203,0.0007718481356278062,False,0.7130570758405004,2484.87451171875,5129.7265625,4535.216796875,4535.216796875,227.0251922607422
124,images/0124_generated_none.png,generated_none,40160,0.0,803,False,0.3287428617477417,0.00016315834363922477,False,0.21540265832681782,2497.818603515625,5470.16064453125,5269.28076171875,5269.28076171875,222.31089782714844
125,images/0125_generated_none.png,generated_none,19977,0.0,399,False,0.36444225907325745,0.0001911964063765481,False,0.35144644253322904,3322.72900390625,6624.61279296875,5942.4033203125,5942.4033203125,233.93038940429688
126,images/0126_generated_none.png,generated_none,3313,0.0,66,False,0.27977100014686584,0.001111467950977385,False,0.3749022673964034,1699.40234375,4286.2841796875,3911.02685546875,3911.02685546875,256.0802001953125
127,images/0127_generated_none.png,generated_none,40057,0.0,801,False,0.34219855070114136,0.00042704696534201503,False,0.4081313526192338,1952.3450927734375,4929.93994140625,4567.56298828125,4567.56298828125,247.69284057617188
128,images/0128_generated_dot.png,generated_dot,41468,0.0,829,False,0.31261539459228516,0.0002069021575152874,False,0.1919468334636435,1988.4447021484375,4821.82666015625,4633.5888671875,4633.5888671875,244.73204040527344
129,images/0129_generated_dot.png,generated_dot,29514,0.0,590,False,0.26483696699142456,0.0001501435472164303,False,0.0867865519937451,2702.85986328125,5838.67138671875,5142.16796875,5142.16796875,231.90374755859375
130,images/0130_generated_dot.png,generated_dot,36951,0.0,739,False,0.39240774512290955,0.00024318195937667042,False,0.49960906958561374,2307.357421875,4858.0263671875,4549.0771484375,4549.0771484375,240.40773010253906
131,images/0131_generated_dot.png,generated_dot,35529,0.0,710,False,0.28241628408432007,0.00018923194147646427,False,0.12822517591868648,2548.205810546875,5688.3876953125,5050.71728515625,5050.71728515625,283.30694580078125
132,images/0132_generated_dot.png,generated_dot,39027,0.0,780,False,0.30850380659103394,8.468478335998952e-05,False,0.12587959343236904,2238.625732421875,5734.3115234375,5265.5615234375,5265.5615234375,236.4860382080078
133,images/0133_generated_dot.png,generated_dot,25428,0.0,508,False,0.22817112505435944,0.00019244287977926433,False,0.0727130570758405,2265.029052734375,5491.0234375,4949.29638671875,4949.29638671875,257.9750671386719
134,images/0134_generated_dot.png,generated_dot,42304,0.0,846,False,0.26859423518180847,0.0002091933274641633,False,0.12314308053166537,3457.12939453125,6636.4150390625,5823.40625,5823.40625,198.58465576171875
135,images/0135_generated_dot.png,generated_dot,35299,0.0,705,False,0.3822754919528961,0.00022987589181866497,False,0.45269741985926504,2473.294921875,5476.509765625,5189.3642578125,5189.3642578125,227.97706604003906
136,images/0136_generated_dot.png,generated_dot,30439,0.0,608,False,0.23984552919864655,0.0025845973286777735,False,0.37412040656763096,1572.1810302734375,4737.50048828125,4424.861328125,4424.861328125,294.664306640625
137,images/0137_generated_dot.png,generated_dot,4134,0.0,82,False,0.30425629019737244,0.006015102379024029,False,0.5015637216575449,1686.2021484375,4672.56689453125,4259.33349609375,4259.33349609375,228.0895538330078
138,images/0138_generated_dot.png,generated_dot,37986,0.0,759,False,0.3183400332927704,0.0002609233488328755,False,0.24315871774824083,1408.582763671875,4935.3095703125,4482.7939453125,4482.7939453125,304.93914794921875
139,images/0139_generated_dot.png,generated_dot,36633,0.0,732,False,0.30214911699295044,0.00011558706319192424,False,0.12783424550430023,2072.95361328125,5470.45361328125,5036.4619140625,5036.4619140625,297.60498046875
140,images/0140_generated_dot.png,generated_dot,41576,0.0,831,False,0.25211241841316223,0.000595410296227783,False,0.27286942924159496,2871.857177734375,5920.3642578125,5328.87255859375,5328.87255859375,224.67356872558594
141,images/0141_generated_dot.png,generated_dot,28328,0.0,566,False,0.2856821119785309,0.0002345512039028108,False,0.16849100860046912,2527.6982421875,5285.8359375,4915.126953125,4915.126953125,226.68212890625
142,images/0142_generated_dot.png,generated_dot,24266,0.0,485,False,0.23935724794864655,0.00038406671956181526,False,0.1962470680218921,2238.47802734375,5331.46044921875,4775.6708984375,4775.6708984375,268.5751037597656
143,images/0143_generated_dot.png,generated_dot,11578,0.0,231,False,0.329231321811676,0.0035209213383495808,False,0.5371383893666928,2335.17041015625,5227.56494140625,4968.7490234375,4968.7490234375,234.81967163085938
144,images/0144_generated_dot.png,generated_dot,5354,0.0,107,False,0.3317301273345947,0.0021464673336595297,False,0.5203283815480845,1791.3096923828125,4823.87744140625,4048.83056640625,4048.83056640625,300.0738525390625
145,images/0145_generated_dot.png,generated_dot,45031,0.0,900,False,0.34079691767692566,0.0003064915945287794,False,0.3416731821735731,2026.114990234375,5522.3955078125,5020.2900390625,5020.2900390625,233.50497436523438
146,images/0146_generated_dot.png,generated_dot,4663,0.0,93,False,0.3275958299636841,0.0008318636100739241,False,0.4511336982017201,2120.555419921875,4968.1396484375,4577.6416015625,4577.6416015625,209.13352966308594
147,images/0147_generated_dot.png,generated_dot,17115,0.0,342,False,0.30196982622146606,0.0016261680284515023,False,0.4315871774824081,1822.05029296875,4817.22265625,4550.89453125,4550.89453125,233.1480712890625
148,images/0148_generated_dot.png,generated_dot,30819,0.0,616,False,0.3674499988555908,0.0004983169492334127,False,0.5265832681782643,2664.91748046875,5341.31689453125,4805.97412109375,4805.97412109375,269.8937683105469
149,images/0149_generated_dot.png,generated_dot,1587,0.0,31,False,0.30981338024139404,8.98250364116393e-05,False,0.13096168881939016,2032.484375,5045.70068359375,4640.974609375,4640.974609375,263.89703369140625
150,images/0150_generated_dot.png,generated_dot,10676,0.0,213,False,0.3351147770881653,0.0011620003497228026,False,0.4941360437842064,1862.0341796875,4918.8251953125,4582.3818359375,4582.3818359375,251.26376342773438
151,images/0151_generated_dot.png,generated_dot,45917,0.0,918,False,0.34368422627449036,0.00023800873896107078,False,0.31118060985144647,2038.236572265625,4874.16455078125,4582.8076171875,4582.8076171875,263.2688903808594
152,images/0152_generated_dot.png,generated_dot,25878,0.0,517,False,0.3090740144252777,0.00010357100109104067,False,0.13330727130570758,2653.78662109375,6030.009765625,5215.61767578125,5215.61767578125,236.4518585205078
153,images/0153_generated_dot.png,generated_dot,17262,0.0,345,False,0.3513716459274292,0.0006863330490887165,False,0.5113369820172009,2293.7236328125,5179.56298828125,4861.17578125,4861.17578125,206.179931640625
154,images/0154_generated_dot.png,generated_dot,16713,0.0,334,False,0.31045567989349365,0.0015703021781519055,False,0.4390148553557467,2325.6708984375,5253.43212890625,5001.2900390625,5001.2900390625,207.9531707763672
155,images/0155_generated_dot.png,generated_dot,23369,0.0,467,False,0.3583391606807709,0.0001354402193101123,False,0.3002345582486317,1756.755126953125,4494.05615234375,4136.13037109375,4136.13037109375,206.46531677246094
156,images/0156_generated_dot.png,generated_dot,9717,0.0,194,False,0.2683108150959015,0.0006552232662215829,False,0.30688037529319784,1883.8485107421875,4879.29931640625,4436.4013671875,4436.4013671875,242.39381408691406
157,images/0157_generated_dot.png,generated_dot,4768,0.0,95,False,0.3781037926673889,0.00023819951456971467,False,0.4440969507427678,1644.77734375,4954.14794921875,4541.67626953125,4541.67626953125,223.96868896484375
158,images/0158_generated_dot.png,generated_dot,22015,0.0,440,False,0.3150259256362915,0.0005082194111309946,False,0.35496481626270526,2661.95654296875,5509.07568359375,5107.16162109375,5107.16162109375,219.75392150878906
159,images/0159_generated_dot.png,generated_dot,3775,0.0,75,False,0.3983641266822815,0.0006526312208734453,False,0.6727912431587177,1594.8609619140625,4634.638671875,4328.35986328125,4328.35986328125,269.1438293457031
160,images/0160_generated_dot.png,generated_dot,38296,0.0,765,False,0.3218259811401367,0.0005778959020972252,False,0.3924941360437842,2446.39306640625,5278.009765625,4861.04052734375,4861.04052734375,226.63726806640625
161,images/0161_generated_dot.png,generated_dot,17073,0.0,341,False,0.2761893570423126,0.00025506637757644057,False,0.16888193901485538,1580.051513671875,4236.24609375,4023.509765625,4023.509765625,249.3896484375
162,images/0162_generated_dot.png,generated_dot,27473,0.0,549,False,0.3295477628707886,0.00038910467992536724,False,0.3510555121188429,2710.74658203125,5654.4912109375,4915.2685546875,4915.2685546875,292.852294921875
163,images/0163_generated_dot.png,generated_dot,25626,0.0,512,False,0.2654819190502167,0.00021731157903559506,False,0.1266614542611415,2192.941650390625,5120.994140625,4389.31298828125,4389.31298828125,296.1123352050781
164,images/0164_generated_dot.png,generated_dot,22148,0.0,442,False,0.2944396734237671,8.532701031072065e-05,False,0.09734167318217357,2645.02685546875,5793.65625,5340.2890625,5340.2890625,225.7754669189453
165,images/0165_generated_dot.png,generated_dot,39283,0.0,785,False,0.30011090636253357,0.0006724116974510252,False,0.36630179827990617,2039.833740234375,5139.23828125,4736.529296875,4736.529296875,302.76177978515625
166,images/0166_generated_dot.png,generated_dot,46213,0.0,924,False,0.3020792007446289,0.0001534139009891078,False,0.1493354182955434,1512.0830078125,4666.19677734375,4255.1708984375,4255.1708984375,251.75845336914062
167,images/0167_generated_dot.png,generated_dot,48573,0.0,971,False,0.30316027998924255,0.0010705615859478712,False,0.40852228303362004,2392.828369140625,5173.40478515625,4528.24609375,4528.24609375,256.0659484863281
168,images/0168_generated_dot.png,generated_dot,40065,0.0,801,False,0.34150612354278564,0.0004174796340521425,False,0.40500390930414387,1824.5589599609375,4802.15380859375,4425.126953125,4425.126953125,264.3111572265625
169,images/0169_generated_dot.png,generated_dot,47256,0.0,945,False,0.31016117334365845,0.0001901898067444563,False,0.17357310398749023,2411.73681640625,5110.6650390625,4448.13525390625,4448.13525390625,295.20379638671875
170,images/0170_generated_dot.png,generated_dot,22470,0.0,449,False,0.35531705617904663,0.00012755588977597654,False,0.28186082877247853,2132.5234375,5116.1337890625,4882.49853515625,4882.49853515625,222.37266540527344
171,images/0171_generated_dot.png,generated_dot,44139,0.0,882,False,0.28878650069236755,0.0004847505479119718,False,0.29358874120406564,2839.7333984375,5560.33447265625,5033.39990234375,5033.39990234375,218.14517211914062
172,images/0172_generated_dot.png,generated_dot,44407,0.0,888,False,0.27954524755477905,0.00036225750227458775,False,0.24042220484753715,1712.53564453125,4780.513671875,4382.5673828125,4382.5673828125,308.4833984375
173,images/0173_generated_dot.png,generated_dot,34854,0.0,697,False,0.27278590202331543,0.00047320875455625355,False,0.26974198592650506,1927.6126708984375,4916.5927734375,4472.4296875,4472.4296875,269.2759704589844
174,images/0174_generated_dot.png,generated_dot,20630,0.0,412,False,0.3257766366004944,0.013420009054243565,False,0.5774042220484754,2605.88134765625,5085.8212890625,4719.6240234375,4719.6240234375,238.8780975341797
175,images/0175_generated_dot.png,generated_dot,21675,0.0,433,False,0.2688736915588379,0.00018336359062232077,False,0.10242376856919469,2352.23779296875,5032.20703125,4640.73828125,4640.73828125,253.5237579345703
176,images/0176_generated_dot.png,generated_dot,17150,0.0,343,False,0.3188605010509491,0.0006344977300614119,False,0.39093041438623927,2069.62841796875,5027.82666015625,4756.45703125,4756.45703125,238.818115234375
177,images/0177_generated_dot.png,generated_dot,31966,0.0,639,False,0.34559366106987,0.0008514104411005974,False,0.508209538702111,2891.83935546875,5964.22021484375,5556.23876953125,5556.23876953125,204.65127563476562
178,images/0178_generated_dot.png,generated_dot,37633,0.0,752,False,0.28879836201667786,9.48231463553384e-05,False,0.09343236903831117,1964.68701171875,4995.0234375,4621.447265625,4621.447265625,265.96990966796875
179,images/0179_generated_dot.png,generated_dot,27959,0.0,559,False,0.25184014439582825,0.0011004727566614747,False,0.3287724784988272,2590.97802734375,5320.626953125,4705.349609375,4705.349609375,263.616455078125
180,images/0180_generated_dot.png,generated_dot,7785,0.0,155,False,0.3878731429576874,0.0007454391452483833,False,0.6630179827990618,2107.578125,5168.8984375,4925.46240234375,4925.46240234375,243.87789916992188
181,images/0181_generated_dot.png,generated_dot,41103,0.0,822,False,0.29446059465408325,0.00019229500321671367,False,0.14464425332290853,2214.843017578125,4849.0498046875,4461.18017578125,4461.18017578125,204.45529174804688
182,images/0182_generated_dot.png,generated_dot,31860,0.0,637,False,0.3902592658996582,0.0023210414219647646,False,0.7388584831899923,2325.3828125,5055.3544921875,4820.8779296875,4820.8779296875,232.2557373046875
183,images/0183_generated_dot.png,generated_dot,2555,0.0,51,False,0.3186083734035492,0.00021963074686937034,False,0.21931196247068022,1474.490966796875,4187.1015625,3614.1552734375,3614.1552734375,322.4791564941406
184,images/0184_generated_dot.png,generated_dot,28631,0.0,572,False,0.25446784496307373,0.0004479563212953508,False,0.2310398749022674,2448.644775390625,5415.15234375,4916.20458984375,4916.20458984375,229.71583557128906
185,images/0185_generated_dot.png,generated_dot,26054,0.0,521,False,0.32661330699920654,0.00016117932682391256,False,0.20680218921032056,2803.05029296875,5649.484375,5136.365234375,5136.365234375,233.59112548828125
186,images/0186_generated_dot.png,generated_dot,6897,0.0,137,False,0.27321672439575195,0.006689013447612524,False,0.4569976544175137,2070.978271484375,5203.17626953125,4917.939453125,4917.939453125,212.1986083984375
187,images/0187_generated_dot.png,generated_dot,3275,0.0,65,False,0.40938714146614075,0.0007152052712626755,False,0.7083659108678655,2241.2314453125,4886.0830078125,4286.1513671875,4286.1513671875,223.6484375
188,images/0188_generated_dot.png,generated_dot,40160,0.0,803,False,0.3208707571029663,0.00015260303916875273,False,0.18842845973416733,2298.427734375,5270.76953125,5058.24755859375,5058.24755859375,221.32232666015625
189,images/0189_generated_dot.png,generated_dot,19977,0.0,399,False,0.3604211211204529,0.00017728700186125934,False,0.32681782642689605,2929.1416015625,6231.025390625,5544.17529296875,5544.17529296875,233.02944946289062
190,images/0190_generated_dot.png,generated_dot,3313,0.0,66,False,0.2748121917247772,0.0009410063503310084,False,0.356137607505864,1618.11328125,4204.9951171875,3822.282470703125,3822.282470703125,251.473388671875
191,images/0191_generated_dot.png,generated_dot,40057,0.0,801,False,0.3486190438270569,0.0004232045903336257,False,0.42415949960906957,1962.50634765625,4940.10107421875,4572.5546875,4572.5546875,246.52342224121094
192,images/0192_generated_direct.png,generated_direct,41468,0.0,829,False,0.3114480674266815,0.00019554361642803997,False,0.18060985144644254,1997.5714111328125,4830.95361328125,4648.64599609375,4648.64599609375,245.15054321289062
193,images/0193_generated_direct.png,generated_direct,29514,0.0,590,False,0.2627952992916107,0.00014343266957439482,False,0.07584050039093042,2689.77392578125,5825.58544921875,5147.552734375,5147.552734375,234.37245178222656
194,images/0194_generated_direct.png,generated_direct,36951,0.0,739,False,0.38833773136138916,0.00022941299539525062,False,0.47302580140734946,2328.494873046875,4879.16357421875,4574.875,4574.875,232.24899291992188
195,images/0195_generated_direct.png,generated_direct,35529,0.0,710,False,0.2879144847393036,0.00023166718892753124,False,0.16692728694292414,2486.685546875,5626.8671875,5003.8291015625,5003.8291015625,298.30364990234375
196,images/0196_generated_direct.png,generated_direct,39027,0.0,780,False,0.3053753972053528,8.714770228834823e-05,False,0.12509773260359655,2278.56591796875,5774.251953125,5318.2939453125,5318.2939453125,238.87295532226562
197,images/0197_generated_direct.png,generated_direct,25428,0.0,508,False,0.23187780380249023,0.00020226900232955813,False,0.08014073494917905,2316.22021484375,5542.21484375,5020.38623046875,5020.38623046875,251.7720947265625
198,images/0198_generated_direct.png,generated_direct,42304,0.0,846,False,0.26697611808776855,0.00021238464978523552,False,0.12509773260359658,3496.696044921875,6675.9814453125,5873.8046875,5873.8046875,200.6168670654297
199,images/0199_generated_direct.png,generated_direct,35299,0.0,705,False,0.39424261450767517,0.00023207598133012652,False,0.4980453479280688,2530.80078125,5534.015625,5255.94482421875,5255.94482421875,227.17660522460938
200,images/0200_generated_direct.png,generated_direct,30439,0.0,608,False,0.22562451660633087,0.0027828512247651815,False,0.3686473807662236,1650.452392578125,4815.771484375,4525.3154296875,4525.3154296875,284.55950927734375
201,images/0201_generated_direct.png,generated_direct,4134,0.0,82,False,0.30326715111732483,0.005623841658234596,False,0.4980453479280688,1680.2117919921875,4666.57666015625,4263.685546875,4263.685546875,227.40089416503906
202,images/0202_generated_direct.png,generated_direct,37986,0.0,759,False,0.3329263925552368,0.0002556958934292197,False,0.28342455043002346,1496.339599609375,5023.06640625,4589.21875,4589.21875,298.6773986816406
203,images/0203_generated_direct.png,generated_direct,36633,0.0,732,False,0.31240323185920715,0.00013820806634612381,False,0.1512900703674746,2029.095947265625,5426.595703125,5007.8935546875,5007.8935546875,309.5083923339844
204,images/0204_generated_direct.png,generated_direct,41576,0.0,831,False,0.2578539550304413,0.0005705382791347802,False,0.2732603596559812,2828.441650390625,5876.9482421875,5300.1181640625,5300.1181640625,230.82789611816406
205,images/0205_generated_direct.png,generated_direct,28328,0.0,566,False,0.28804755210876465,0.0002347435656702146,False,0.17005473025801407,2534.828369140625,5292.9658203125,4928.62646484375,4928.62646484375,227.7216339111328
206,images/0206_generated_direct.png,generated_direct,24266,0.0,485,False,0.24841468036174774,0.00038505965494550765,False,0.20132916340891321,2294.99609375,5387.978515625,4858.712890625,4858.712890625,269.7680358886719
207,images/0207_generated_direct.png,generated_direct,11578,0.0,231,False,0.3346145451068878,0.0037486329674720764,False,0.5559030492572322,2373.033203125,5265.427734375,5017.9638671875,5017.9638671875,232.35964965820312
208,images/0208_generated_direct.png,generated_direct,5354,0.0,107,False,0.38757139444351196,0.002199126174673438,False,0.7275215011727912,1841.190185546875,4873.7578125,4117.3095703125,4117.3095703125,323.1579895019531
209,images/0209_generated_direct.png,generated_direct,45031,0.0,900,False,0.3379400372505188,0.0002933816867880523,False,0.32603596559812353,2076.017578125,5572.29833984375,5083.47265625,5083.47265625,229.91673278808594
210,images/0210_generated_direct.png,generated_direct,4663,0.0,93,False,0.3243761360645294,0.0009013029048219323,False,0.4437060203283815,2112.27783203125,4959.8623046875,4577.91796875,4577.91796875,211.29441833496094
211,images/0211_generated_direct.png,generated_direct,17115,0.0,342,False,0.299275279045105,0.0015557664446532726,False,0.41985926505082094,1801.8636474609375,4797.0361328125,4539.38232421875,4539.38232421875,237.0753631591797
212,images/0212_generated_direct.png,generated_direct,30819,0.0,616,False,0.36097630858421326,0.0004671346687246114,False,0.48670836591086786,2570.8017578125,5247.201171875,4726.50732421875,4726.50732421875,283.8836975097656
213,images/0213_generated_direct.png,generated_direct,1587,0.0,31,False,0.306090772151947,9.513251279713586e-05,False,0.12861610633307272,1983.437255859375,4996.6533203125,4605.17578125,4605.17578125,268.8668518066406
214,images/0214_generated_direct.png,generated_direct,10676,0.0,213,False,0.33622467517852783,0.0012118209851905704,False,0.5,1937.250732421875,4994.04150390625,4667.10302734375,4667.10302734375,246.25755310058594
215,images/0215_generated_direct.png,generated_direct,45917,0.0,918,False,0.3407202661037445,0.0002407871070317924,False,0.3064894448788116,2072.427734375,4908.35546875,4623.052734375,4623.052734375,257.6891784667969
216,images/0216_generated_direct.png,generated_direct,25878,0.0,517,False,0.31027570366859436,0.00011020668898709118,False,0.13682564503518374,2694.49609375,6070.71923828125,5278.66015625,5278.66015625,238.66104125976562
217,images/0217_generated_direct.png,generated_direct,17262,0.0,345,False,0.35184839367866516,0.0006796438829042017,False,0.5105551211884285,2278.03173828125,5163.87109375,4852.541015625,4852.541015625,208.39010620117188
218,images/0218_generated_direct.png,generated_direct,16713,0.0,334,False,0.3052486777305603,0.0015861514257267118,False,0.43354182955433934,2335.390869140625,5263.15234375,5015.6884765625,5015.6884765625,207.69247436523438
219,images/0219_generated_direct.png,generated_direct,23369,0.0,467,False,0.3677993714809418,0.00012895777763333172,False,0.3326817826426896,1772.8983154296875,4510.19921875,4158.4873046875,4158.4873046875,208.76510620117188
220,images/0220_generated_direct.png,generated_direct,9717,0.0,194,False,0.270452082157135,0.0006566933589056134,False,0.3096168881939015,1918.166259765625,4913.6171875,4488.80029296875,4488.80029296875,241.00686645507812
221,images/0221_generated_direct.png,generated_direct,4768,0.0,95,False,0.3834477663040161,0.0002392577735008672,False,0.45973416731821737,1658.77587890625,4968.146484375,4574.1845703125,4574.1845703125,223.8527374267578
222,images/0222_generated_direct.png,generated_direct,22015,0.0,440,False,0.3147854208946228,0.0005147840711288154,False,0.3557466770914777,2663.76416015625,5510.88330078125,5116.25390625,5116.25390625,222.52359008789062
223,images/0223_generated_direct.png,generated_direct,3775,0.0,75,False,0.3998633921146393,0.0006379414116963744,False,0.671618451915559,1587.3697509765625,4627.1474609375,4327.48046875,4327.48046875,276.6834411621094
224,images/0224_generated_direct.png,generated_direct,38296,0.0,765,False,0.32404062151908875,0.0005692390841431916,False,0.3901485535574668,2470.408203125,5302.0244140625,4900.830078125,4900.830078125,227.42489624023438
225,images/0225_generated_direct.png,generated_direct,17073,0.0,341,False,0.26667651534080505,0.000387891021091491,False,0.22556684910086006,1479.0489501953125,4135.2431640625,3942.105224609375,3942.105224609375,273.8709716796875
226,images/0226_generated_direct.png,generated_direct,27473,0.0,549,False,0.32681310176849365,0.0004082435043528676,False,0.3467552775605942,2701.836669921875,5645.5810546875,4924.3955078125,4924.3955078125,294.4305114746094
227,images/0227_generated_direct.png,generated_direct,25626,0.0,512,False,0.26830047369003296,0.00022339755378197879,False,0.13330727130570758,2256.373779296875,5184.42578125,4466.4287109375,4466.4287109375,301.31317138671875
228,images/0228_generated_direct.png,generated_direct,22148,0.0,442,False,0.29926612973213196,8.872775651980191e-05,False,0.11336982017200939,2691.423828125,5840.05322265625,5397.41845703125,5397.41845703125,227.75286865234375
229,images/0229_generated_direct.png,generated_direct,39283,0.0,785,False,0.2851979434490204,0.0006753037450835109,False,0.3385457388584832,2123.97412109375,5223.37890625,4832.9931640625,4832.9931640625,290.5589294433594
230,images/0230_generated_direct.png,generated_direct,46213,0.0,924,False,0.2973611652851105,0.00015430206258315593,False,0.13799843627834246,1568.9066162109375,4723.0205078125,4335.7919921875,4335.7919921875,248.73770141601562
231,images/0231_generated_direct.png,generated_direct,48573,0.0,971,False,0.3064839839935303,0.0009827656904235482,False,0.4096950742767787,2506.50537109375,5287.08203125,4653.4443359375,4653.4443359375,253.7312469482422
232,images/0232_generated_direct.png,generated_direct,40065,0.0,801,False,0.34613651037216187,0.00044742628233507276,False,0.4233776387802971,1819.7119140625,4797.306640625,4433.02392578125,4433.02392578125,268.63232421875
233,images/0233_generated_direct.png,generated_direct,47256,0.0,945,False,0.3078462779521942,0.00017392229347024113,False,0.16575449569976544,2473.52587890625,5172.4541015625,4528.4716796875,4528.4716796875,286.19775390625
234,images/0234_generated_direct.png,generated_direct,22470,0.0,449,False,0.35419684648513794,0.00013381140888668597,False,0.2845973416731822,2152.514404296875,5136.125,4910.3916015625,4910.3916015625,221.3303680419922
235,images/0235_generated_direct.png,generated_direct,44139,0.0,882,False,0.28924721479415894,0.0004867206735070795,False,0.29476153244722436,2860.52001953125,5581.12109375,5064.5458984375,5064.5458984375,218.79661560058594
236,images/0236_generated_direct.png,generated_direct,44407,0.0,888,False,0.2770848870277405,0.00035513119655661285,False,0.22947615324472245,1755.7861328125,4823.76416015625,4434.5498046875,4434.5498046875,311.04638671875
237,images/0237_generated_direct.png,generated_direct,34854,0.0,697,False,0.27903786301612854,0.00046599950292147696,False,0.27756059421422985,1893.171875,4882.15185546875,4450.87353515625,4450.87353515625,271.0682067871094
238,images/0238_generated_direct.png,generated_direct,20630,0.0,412,False,0.32807114720344543,0.013482892885804176,False,0.5879593432369038,2671.244873046875,5151.1845703125,4795.9521484375,4795.9521484375,238.97958374023438
239,images/0239_generated_direct.png,generated_direct,21675,0.0,433,False,0.2713330090045929,0.0001726802292978391,False,0.1055512118842846,2315.408203125,4995.37744140625,4620.7802734375,4620.7802734375,265.8524475097656
240,images/0240_generated_direct.png,generated_direct,17150,0.0,343,False,0.31570303440093994,0.00064664869569242,False,0.3874120406567631,2094.58935546875,5052.78759765625,4788.38671875,4788.38671875,241.86923217773438
241,images/0241_generated_direct.png,generated_direct,31966,0.0,639,False,0.33314719796180725,0.0008478020317852497,False,0.4683346364347146,2892.89501953125,5965.27587890625,5564.353515625,5564.353515625,205.78439331054688
242,images/0242_generated_direct.png,generated_direct,37633,0.0,752,False,0.2922109067440033,9.316764771938324e-05,False,0.09577795152462862,1924.39306640625,4954.7294921875,4596.2373046875,4596.2373046875,272.39056396484375
243,images/0243_generated_direct.png,generated_direct,27959,0.0,559,False,0.25008514523506165,0.0011500666150823236,False,0.3275996872556685,2674.071533203125,5403.720703125,4809.6845703125,4809.6845703125,253.7269287109375
244,images/0244_generated_direct.png,generated_direct,7785,0.0,155,False,0.3896254003047943,0.000743143493309617,False,0.6677091477716967,2169.1689453125,5230.4892578125,4992.158203125,4992.158203125,242.81321716308594
245,images/0245_generated_direct.png,generated_direct,41103,0.0,822,False,0.29491111636161804,0.00020711141405627131,False,0.1594996090695856,2213.46875,4847.67529296875,4465.26513671875,4465.26513671875,208.76943969726562
246,images/0246_generated_direct.png,generated_direct,31860,0.0,637,False,0.3865789473056793,0.002049659378826618,False,0.718921032056294,2390.580078125,5120.5517578125,4894.87109375,4894.87109375,229.93714904785156
247,images/0247_generated_direct.png,generated_direct,2555,0.0,51,False,0.30593007802963257,0.00021972694958094507,False,0.19546520719311963,1631.75146484375,4344.3623046875,3783.22900390625,3783.22900390625,280.7954406738281
248,images/0248_generated_direct.png,generated_direct,28631,0.0,572,False,0.25709807872772217,0.0004365440981928259,False,0.22830336200156373,2528.135498046875,5494.642578125,5003.78369140625,5003.78369140625,227.30300903320312
249,images/0249_generated_direct.png,generated_direct,26054,0.0,521,False,0.32515689730644226,0.00015621758939232677,False,0.19976544175136823,2849.543212890625,5695.97705078125,5194.4443359375,5194.4443359375,233.11891174316406
250,images/0250_generated_direct.png,generated_direct,6897,0.0,137,False,0.27478599548339844,0.0058861481957137585,False,0.45230648944487883,2117.80029296875,5249.998046875,4983.26123046875,4983.26123046875,209.7526397705078
251,images/0251_generated_direct.png,generated_direct,3275,0.0,65,False,0.41475364565849304,0.000671517220325768,False,0.7079749804534793,2250.53173828125,4895.3837890625,4307.619140625,4307.619140625,225.48875427246094
252,images/0252_generated_direct.png,generated_direct,40160,0.0,803,False,0.31878337264060974,0.00015814190555829555,False,0.18256450351837375,2322.248291015625,5294.59033203125,5093.59765625,5093.59765625,222.21609497070312
253,images/0253_generated_direct.png,generated_direct,19977,0.0,399,False,0.3657231032848358,0.00018920001457445323,False,0.3534010946051603,2867.264892578125,6169.1484375,5499.1201171875,5499.1201171875,246.16209411621094
254,images/0254_generated_direct.png,generated_direct,3313,0.0,66,False,0.27246999740600586,0.001062035677023232,False,0.3565285379202502,1663.07421875,4249.9560546875,3883.123046875,3883.123046875,253.97935485839844
255,images/0255_generated_direct.png,generated_direct,40057,0.0,801,False,0.33284303545951843,0.00040228597936220467,False,0.36004691164972635,2043.00634765625,5020.60107421875,4660.33203125,4660.33203125,234.86936950683594
256,images/0256_real_corrupt_0.25.png,real_corrupt_0.25,41468,0.25,829,False,0.20994843542575836,0.037826474756002426,False,0.45777951524628613,-3586.22607421875,-752.843994140625,-966.521484375,-966.521484375,240.00897216796875
257,images/0257_real_corrupt_0.25.png,real_corrupt_0.25,29514,0.25,590,False,0.2596646249294281,0.004710686393082142,False,0.41594996090695857,-5444.1220703125,-2308.310546875,-3087.44091796875,-3087.44091796875,274.8287048339844
258,images/0258_real_corrupt_0.25.png,real_corrupt_0.25,36951,0.25,739,False,0.3497687876224518,0.06251506507396698,True,0.6942924159499609,-2946.52001953125,-395.851318359375,-746.2425537109375,-746.2425537109375,224.98497009277344
259,images/0259_real_corrupt_0.25.png,real_corrupt_0.25,35529,0.25,710,False,0.3780413568019867,0.008882519789040089,False,0.7560594214229868,-1813.75830078125,1326.42333984375,633.3031005859375,633.3031005859375,176.84695434570312
260,images/0260_real_corrupt_0.25.png,real_corrupt_0.25,39027,0.25,780,False,0.552746593952179,0.211183100938797,False,0.9628616106333072,-4494.4931640625,-998.80712890625,-1498.039306640625,-1498.039306640625,256.2157287597656
261,images/0261_real_corrupt_0.25.png,real_corrupt_0.25,25428,0.25,508,False,0.34581097960472107,0.11774268746376038,True,0.691164972634871,-4631.08251953125,-1405.088134765625,-2028.25048828125,-2028.25048828125,269.52935791015625
262,images/0262_real_corrupt_0.25.png,real_corrupt_0.25,42304,0.25,846,False,0.24597539007663727,0.0011755883460864425,False,0.328381548084441,-5450.56396484375,-2271.278564453125,-3062.39990234375,-3062.39990234375,281.9814147949219
263,images/0263_real_corrupt_0.25.png,real_corrupt_0.25,35299,0.25,705,False,0.3922554552555084,0.00081465276889503,False,0.6841282251759186,-3135.93505859375,-132.72021484375,-429.0248718261719,-429.0248718261719,235.30763244628906
264,images/0264_real_corrupt_0.25.png,real_corrupt_0.25,30439,0.25,608,False,0.2805148661136627,0.0017344069201499224,False,0.40265832681782643,-2696.953125,468.3662109375,125.65435028076172,125.65435028076172,200.98680114746094
265,images/0265_real_corrupt_0.25.png,real_corrupt_0.25,4134,0.25,82,False,0.375282347202301,0.12643693387508392,False,0.8135261923377639,-2226.78173828125,759.5830078125,290.4630432128906,290.4630432128906,168.11550903320312
266,images/0266_real_corrupt_0.25.png,real_corrupt_0.25,37986,0.25,759,False,0.26099148392677307,0.0008378650527447462,False,0.32564503518373733,-4691.48193359375,-1164.7548828125,-1570.267822265625,-1570.267822265625,251.72125244140625
267,images/0267_real_corrupt_0.25.png,real_corrupt_0.25,36633,0.25,732,False,0.2564156651496887,0.0013233122881501913,False,0.3424550430023456,-5952.7275390625,-2555.2275390625,-3001.955078125,-3001.955078125,289.72515869140625
268,images/0268_real_corrupt_0.25.png,real_corrupt_0.25,41576,0.25,831,False,0.5646364092826843,0.019192298874258995,False,0.9190774042220484,-3598.213134765625,-549.706298828125,-1152.3359375,-1152.3359375,249.9428253173828
269,images/0269_real_corrupt_0.25.png,real_corrupt_0.25,28328,0.25,566,False,0.27827024459838867,0.0029710428789258003,False,0.42611415168100075,-1535.80712890625,1222.330322265625,812.9617919921875,812.9617919921875,182.0644989013672
270,images/0270_real_corrupt_0.25.png,real_corrupt_0.25,24266,0.25,485,False,0.4142357110977173,0.00043891454697586596,False,0.6407349491790462,-3433.27001953125,-340.28759765625,-943.781982421875,-943.781982421875,243.20169067382812
271,images/0271_real_corrupt_0.25.png,real_corrupt_0.25,11578,0.25,231,False,0.6572927832603455,0.19460317492485046,True,0.9675527756059421,-2993.155517578125,-100.760986328125,-359.4719543457031,-359.4719543457031,212.51568603515625
272,images/0272_real_corrupt_0.25.png,real_corrupt_0.25,5354,0.25,107,False,0.34344521164894104,0.277561217546463,True,0.7040656763096169,-9923.759765625,-6891.1923828125,-7735.1767578125,-7735.1767578125,336.65765380859375
273,images/0273_real_corrupt_0.25.png,real_corrupt_0.25,45031,0.25,900,False,0.19920752942562103,0.116426482796669,True,0.4741985926505082,-4246.4892578125,-750.20849609375,-1278.666015625,-1278.666015625,248.43333435058594
274,images/0274_real_corrupt_0.25.png,real_corrupt_0.25,4663,0.25,93,False,0.5123418569564819,0.23751436173915863,True,0.9585613760750586,-5280.08154296875,-2432.4970703125,-2820.578125,-2820.578125,274.8603515625
275,images/0275_real_corrupt_0.25.png,real_corrupt_0.25,17115,0.25,342,False,0.2941212058067322,0.001475972356274724,False,0.3995308835027365,-2301.7353515625,693.43701171875,415.92669677734375,415.92669677734375,187.1149139404297
276,images/0276_real_corrupt_0.25.png,real_corrupt_0.25,30819,0.25,616,False,0.1972050815820694,0.23005588352680206,True,0.48553557466770914,-1889.437255859375,786.962158203125,217.07302856445312,217.07302856445312,200.40330505371094
277,images/0277_real_corrupt_0.25.png,real_corrupt_0.25,1587,0.25,31,False,0.2624741792678833,0.0041838595643639565,False,0.41516810007818605,-3592.473876953125,-579.257568359375,-992.9908447265625,-992.9908447265625,224.23550415039062
278,images/0278_real_corrupt_0.25.png,real_corrupt_0.25,10676,0.25,213,False,0.24534918367862701,0.001061663730069995,False,0.3232994526974199,-2234.818359375,821.972412109375,452.1152038574219,452.1152038574219,200.53292846679688
279,images/0279_real_corrupt_0.25.png,real_corrupt_0.25,45917,0.25,918,False,0.3374585211277008,0.0003642640949692577,False,0.36473807662236124,-3262.6865234375,-426.758544921875,-758.1294555664062,-758.1294555664062,229.3602294921875
280,images/0280_real_corrupt_0.25.png,real_corrupt_0.25,25878,0.25,517,False,0.21008813381195068,0.2596234083175659,True,0.4921813917122752,-3205.4638671875,170.75927734375,-644.334716796875,-644.334716796875,213.3484649658203
281,images/0281_real_corrupt_0.25.png,real_corrupt_0.25,17262,0.25,345,False,0.5641098618507385,0.19903235137462616,False,0.9616888193901485,-1574.10595703125,1311.7333984375,1004.5638427734375,1004.5638427734375,162.0421142578125
282,images/0282_real_corrupt_0.25.png,real_corrupt_0.25,16713,0.25,334,False,0.3237992525100708,0.04491174966096878,False,0.6063330727130571,-2151.038330078125,776.722900390625,460.5430908203125,460.5430908203125,175.9893341064453
283,images/0283_real_corrupt_0.25.png,real_corrupt_0.25,23369,0.25,467,False,0.4794800579547882,0.5504574775695801,True,0.9718530101641908,-2845.838134765625,-108.537109375,-472.7386779785156,-472.7386779785156,194.7557830810547
284,images/0284_real_corrupt_0.25.png,real_corrupt_0.25,9717,0.25,194,False,0.3706815540790558,0.23416011035442352,True,0.8017982799061767,-4306.89599609375,-1311.4453125,-1768.755615234375,-1768.755615234375,240.4393310546875
285,images/0285_real_corrupt_0.25.png,real_corrupt_0.25,4768,0.25,95,False,0.278629869222641,0.3689230680465698,True,0.5605942142298671,-5631.1201171875,-2321.74951171875,-2838.052734375,-2838.052734375,275.963134765625
286,images/0286_real_corrupt_0.25.png,real_corrupt_0.25,22015,0.25,440,False,0.1713053584098816,0.30450940132141113,True,0.48553557466770914,-2700.626953125,146.4921875,-257.8480224609375,-257.8480224609375,217.6116485595703
287,images/0287_real_corrupt_0.25.png,real_corrupt_0.25,3775,0.25,75,False,0.3962937295436859,0.013128664344549179,False,0.8303362001563721,-5061.9052734375,-2022.12744140625,-2514.17626953125,-2514.17626953125,262.3712158203125
288,images/0288_real_corrupt_0.25.png,real_corrupt_0.25,38296,0.25,765,False,0.3539818525314331,0.0006433242233470082,False,0.5086004691164973,-2510.44482421875,321.171630859375,-206.18991088867188,-206.18991088867188,220.731689453125
289,images/0289_real_corrupt_0.25.png,real_corrupt_0.25,17073,0.25,341,False,0.2609114348888397,0.004044592846184969,False,0.41047693510555117,-1746.4833984375,909.7109375,642.236083984375,642.236083984375,158.42111206054688
290,images/0290_real_corrupt_0.25.png,real_corrupt_0.25,27473,0.25,549,False,0.21420502662658691,0.0031340825371444225,False,0.3721657544956998,-4910.8349609375,-1967.09033203125,-2687.11962890625,-2687.11962890625,285.2386779785156
291,images/0291_real_corrupt_0.25.png,real_corrupt_0.25,25626,0.25,512,False,0.17253167927265167,0.051286861300468445,True,0.4550430023455825,-9664.1953125,-6736.14306640625,-7347.1728515625,-7347.1728515625,347.56280517578125
292,images/0292_real_corrupt_0.25.png,real_corrupt_0.25,22148,0.25,442,False,0.24400904774665833,0.1317511349916458,True,0.4941360437842064,-6834.3330078125,-3685.70361328125,-4039.47119140625,-4039.47119140625,303.7494812011719
293,images/0293_real_corrupt_0.25.png,real_corrupt_0.25,39283,0.25,785,False,0.26671940088272095,0.0008748114923946559,False,0.3358092259577795,-3404.5810546875,-305.176513671875,-694.031005859375,-694.031005859375,242.0513458251953
294,images/0294_real_corrupt_0.25.png,real_corrupt_0.25,46213,0.25,924,False,0.33657482266426086,0.031885258853435516,False,0.6415168100078186,-4029.627197265625,-875.513427734375,-1362.2833251953125,-1362.2833251953125,235.40679931640625
295,images/0295_real_corrupt_0.25.png,real_corrupt_0.25,48573,0.25,971,False,0.1525094211101532,0.19667033851146698,True,0.473807662236122,-7623.1748046875,-4842.5986328125,-5511.26416015625,-5511.26416015625,326.1659851074219
296,images/0296_real_corrupt_0.25.png,real_corrupt_0.25,40065,0.25,801,False,0.3700847327709198,0.02440868690609932,False,0.7603596559812353,-3040.3798828125,-62.78515625,-468.06988525390625,-468.06988525390625,211.15936279296875
297,images/0297_real_corrupt_0.25.png,real_corrupt_0.25,47256,0.25,945,False,0.2638881206512451,0.24408946931362152,True,0.5269741985926505,-5055.8603515625,-2356.93212890625,-3078.421630859375,-3078.421630859375,268.10400390625
298,images/0298_real_corrupt_0.25.png,real_corrupt_0.25,22470,0.25,449,False,0.37035369873046875,0.18122598528862,True,0.7967161845191555,-2632.373046875,351.2373046875,24.724531173706055,24.724531173706055,183.80044555664062
299,images/0299_real_corrupt_0.25.png,real_corrupt_0.25,44139,0.25,882,False,0.3332732915878296,0.017497044056653976,False,0.6118060985144644,-3140.87353515625,-420.2724609375,-961.3206787109375,-961.3206787109375,251.1897735595703
300,images/0300_real_corrupt_0.25.png,real_corrupt_0.25,44407,0.25,888,False,0.4794903099536896,0.08584503829479218,True,0.937842064112588,-7049.0419921875,-3981.06396484375,-4482.15576171875,-4482.15576171875,326.9895324707031
301,images/0301_real_corrupt_0.25.png,real_corrupt_0.25,34854,0.25,697,False,0.34834420680999756,0.007842372171580791,False,0.6333072713057075,-3259.761474609375,-270.781494140625,-746.6329345703125,-746.6329345703125,221.34991455078125
302,images/0302_real_corrupt_0.25.png,real_corrupt_0.25,20630,0.25,412,False,0.2609822154045105,0.004208330996334553,False,0.41282251759186867,-2485.476806640625,-5.537109375,-376.1915283203125,-376.1915283203125,214.23114013671875
303,images/0303_real_corrupt_0.25.png,real_corrupt_0.25,21675,0.25,433,False,0.37620997428894043,0.47246283292770386,True,0.8397185301016419,-3268.280517578125,-588.311279296875,-951.89208984375,-951.89208984375,234.92636108398438
304,images/0304_real_corrupt_0.25.png,real_corrupt_0.25,17150,0.25,343,False,0.38971585035324097,0.0020664725452661514,False,0.7294761532447225,-2078.629638671875,879.568603515625,628.3008422851562,628.3008422851562,163.3249969482422
305,images/0305_real_corrupt_0.25.png,real_corrupt_0.25,31966,0.25,639,False,0.37897995114326477,0.08217621594667435,False,0.8166536356528538,-4146.45166015625,-1074.07080078125,-1591.7340087890625,-1591.7340087890625,242.15420532226562
306,images/0306_real_corrupt_0.25.png,real_corrupt_0.25,37633,0.25,752,False,0.2966068387031555,0.00037865631747990847,False,0.2677873338545739,-3622.847412109375,-592.51123046875,-1010.862060546875,-1010.862060546875,234.81150817871094
307,images/0307_real_corrupt_0.25.png,real_corrupt_0.25,27959,0.25,559,False,0.3191884458065033,0.00508844293653965,False,0.5226739640344018,-1576.4058837890625,1153.2430419921875,576.71337890625,576.71337890625,198.24771118164062
308,images/0308_real_corrupt_0.25.png,real_corrupt_0.25,7785,0.25,155,False,0.32453539967536926,0.11362644284963608,False,0.6223612197028929,-3014.93994140625,46.38037109375,-248.6540985107422,-248.6540985107422,193.81646728515625
309,images/0309_real_corrupt_0.25.png,real_corrupt_0.25,41103,0.25,822,False,0.23335792124271393,0.0006465272163040936,False,0.2720875684128225,-3539.72607421875,-905.51953125,-1326.2056884765625,-1326.2056884765625,244.41824340820312
310,images/0310_real_corrupt_0.25.png,real_corrupt_0.25,31860,0.25,637,False,0.46071407198905945,0.004566569346934557,False,0.8459734167318217,-3863.703125,-1133.7314453125,-1421.4661865234375,-1421.4661865234375,248.61734008789062
311,images/0311_real_corrupt_0.25.png,real_corrupt_0.25,2555,0.25,51,False,0.320202499628067,0.19336152076721191,True,0.6219702892885066,-3723.294921875,-1010.684326171875,-1687.659423828125,-1687.659423828125,241.3968048095703
312,images/0312_real_corrupt_0.25.png,real_corrupt_0.25,28631,0.25,572,False,0.29151248931884766,0.03022196516394615,False,0.5265832681782643,-3902.471923828125,-935.964599609375,-1530.2706298828125,-1530.2706298828125,250.50656127929688
313,images/0313_real_corrupt_0.25.png,real_corrupt_0.25,26054,0.25,521,False,0.3135266602039337,0.005404161289334297,False,0.5121188428459734,-2565.75830078125,280.675537109375,-213.98275756835938,-213.98275756835938,223.53494262695312
314,images/0314_real_corrupt_0.25.png,real_corrupt_0.25,6897,0.25,137,False,0.2633657157421112,0.3719407916069031,True,0.5340109460516028,-1835.1165771484375,1297.0814208984375,958.5675659179688,958.5675659179688,169.92173767089844
315,images/0315_real_corrupt_0.25.png,real_corrupt_0.25,3275,0.25,65,False,0.23919300734996796,0.4587116241455078,True,0.5140734949179045,-2104.124755859375,540.72705078125,-15.246238708496094,-15.246238708496094,179.2591552734375
316,images/0316_real_corrupt_0.25.png,real_corrupt_0.25,40160,0.25,803,False,0.3007615804672241,0.3723994791507721,True,0.5957779515246286,-2542.797607421875,429.54443359375,175.82313537597656,175.82313537597656,193.02362060546875
317,images/0317_real_corrupt_0.25.png,real_corrupt_0.25,19977,0.25,399,False,0.33844277262687683,0.011305131949484348,False,0.6157154026583268,-2508.010009765625,793.873779296875,97.46798706054688,97.46798706054688,208.72314453125
318,images/0318_real_corrupt_0.25.png,real_corrupt_0.25,3313,0.25,66,False,0.4225832223892212,0.08499205112457275,True,0.9155590304925723,-1984.7294921875,602.15234375,232.84141540527344,232.84141540527344,188.61074829101562
319,images/0319_real_corrupt_0.25.png,real_corrupt_0.25,40057,0.25,801,False,0.2436087727546692,0.009161166846752167,False,0.4284597341673182,-5026.759765625,-2049.1650390625,-2472.447265625,-2472.447265625,278.65869140625
320,images/0320_real_corrupt_0.75.png,real_corrupt_0.75,41468,0.75,829,False,0.37289130687713623,0.00015590725524816662,False,0.3745113369820172,2999.65185546875,5833.0341796875,5636.02392578125,5636.02392578125,245.87306213378906
321,images/0321_real_corrupt_0.75.png,real_corrupt_0.75,29514,0.75,590,False,0.29729217290878296,0.0002564475580584258,False,0.19859265050820954,4054.77490234375,7190.58642578125,6484.35498046875,6484.35498046875,285.4165344238281
322,images/0322_real_corrupt_0.75.png,real_corrupt_0.75,36951,0.75,739,False,0.36485806107521057,0.00041729718213900924,False,0.48866301798279904,3768.63623046875,6319.3046875,6002.603515625,6002.603515625,230.04339599609375
323,images/0323_real_corrupt_0.75.png,real_corrupt_0.75,35529,0.75,710,False,0.41458725929260254,0.0003507581423036754,False,0.6059421422986708,4777.90966796875,7918.09130859375,7272.953125,7272.953125,236.48655700683594
324,images/0324_real_corrupt_0.75.png,real_corrupt_0.75,39027,0.75,780,False,0.3493388891220093,0.00014195198309607804,False,0.2650508209538702,3345.812255859375,6841.498046875,6385.8310546875,6385.8310546875,261.1907043457031
325,images/0325_real_corrupt_0.75.png,real_corrupt_0.75,25428,0.75,508,False,0.29539650678634644,0.00017030029266607016,False,0.1383893666927287,3696.007568359375,6922.001953125,6403.7373046875,6403.7373046875,270.151611328125
326,images/0326_real_corrupt_0.75.png,real_corrupt_0.75,42304,0.75,846,False,0.33049875497817993,0.00020905288693029433,False,0.2470680218921032,4004.5908203125,7183.8759765625,6392.859375,6392.859375,281.534912109375
327,images/0327_real_corrupt_0.75.png,real_corrupt_0.75,35299,0.75,705,False,0.4026211202144623,0.00020307804516050965,False,0.48670836591086786,3713.767333984375,6716.982421875,6442.2880859375,6442.2880859375,228.01937866210938
328,images/0328_real_corrupt_0.75.png,real_corrupt_0.75,30439,0.75,608,False,0.351047545671463,0.0013400412863120437,False,0.5559030492572322,3638.75048828125,6804.06982421875,6511.201171875,6511.201171875,230.12786865234375
329,images/0329_real_corrupt_0.75.png,real_corrupt_0.75,4134,0.75,82,False,0.3749611973762512,0.005590986926108599,False,0.7290852228303362,2896.856201171875,5883.220703125,5486.1240234375,5486.1240234375,239.0574188232422
330,images/0330_real_corrupt_0.75.png,real_corrupt_0.75,37986,0.75,759,False,0.34698373079299927,0.00024298469361383468,False,0.32134480062548865,3394.78125,6921.50830078125,6483.8330078125,6483.8330078125,252.67100524902344
331,images/0331_real_corrupt_0.75.png,real_corrupt_0.75,36633,0.75,732,False,0.31491950154304504,0.00020328581740614027,False,0.19390148553557465,2974.65234375,6372.15234375,5955.2001953125,5955.2001953125,296.3421630859375
332,images/0332_real_corrupt_0.75.png,real_corrupt_0.75,41576,0.75,831,False,0.3697354197502136,0.0004272127989679575,False,0.5125097732603596,4436.43603515625,7484.94287109375,6907.837890625,6907.837890625,242.82186889648438
333,images/0333_real_corrupt_0.75.png,real_corrupt_0.75,28328,0.75,566,False,0.3807535171508789,0.0002636823046486825,False,0.4655981235340109,3748.77001953125,6506.9072265625,6150.0419921875,6150.0419921875,226.88914489746094
334,images/0334_real_corrupt_0.75.png,real_corrupt_0.75,24266,0.75,485,False,0.36476930975914,0.00046592840226367116,False,0.5027365129007036,4235.994140625,7328.9765625,6790.0205078125,6790.0205078125,254.68896484375
335,images/0335_real_corrupt_0.75.png,real_corrupt_0.75,11578,0.75,231,False,0.3722708225250244,0.0024365191347897053,False,0.6798279906176701,3297.2197265625,6189.6142578125,5936.802734375,5936.802734375,248.77288818359375
336,images/0336_real_corrupt_0.75.png,real_corrupt_0.75,5354,0.75,107,False,0.4425189197063446,0.0006661061779595912,False,0.7263487099296325,3028.453369140625,6061.02099609375,5326.5830078125,5326.5830078125,365.8066101074219
337,images/0337_real_corrupt_0.75.png,real_corrupt_0.75,45031,0.75,900,False,0.37810778617858887,0.00027320822118781507,False,0.4683346364347146,3645.220703125,7141.50146484375,6632.3896484375,6632.3896484375,254.0245819091797
338,images/0338_real_corrupt_0.75.png,real_corrupt_0.75,4663,0.75,93,False,0.39733344316482544,0.000762545911129564,False,0.6950742767787335,2778.69970703125,5626.2841796875,5217.654296875,5217.654296875,283.6468505859375
339,images/0339_real_corrupt_0.75.png,real_corrupt_0.75,17115,0.75,342,False,0.3354327082633972,0.005404065363109112,False,0.5766223612197029,3138.1123046875,6133.28466796875,5862.5419921875,5862.5419921875,232.89759826660156
340,images/0340_real_corrupt_0.75.png,real_corrupt_0.75,30819,0.75,616,False,0.42494824528694153,0.0005010174936614931,False,0.6727912431587177,4549.70361328125,7226.10302734375,6721.63720703125,6721.63720703125,222.7655029296875
341,images/0341_real_corrupt_0.75.png,real_corrupt_0.75,1587,0.75,31,False,0.37924763560295105,0.0005584945320151746,False,0.5903049257232212,3950.083984375,6963.30029296875,6547.76953125,6547.76953125,246.55165100097656
342,images/0342_real_corrupt_0.75.png,real_corrupt_0.75,10676,0.75,213,False,0.38510429859161377,0.0018111401004716754,False,0.7048475371383893,3675.81884765625,6732.609375,6400.04345703125,6400.04345703125,231.8272705078125
343,images/0343_real_corrupt_0.75.png,real_corrupt_0.75,45917,0.75,918,False,0.3446170389652252,0.00031406243215315044,False,0.353010164190774,3360.43408203125,6196.3623046875,5896.455078125,5896.455078125,244.06666564941406
344,images/0344_real_corrupt_0.75.png,real_corrupt_0.75,25878,0.75,517,False,0.37165823578834534,0.00015409332991112024,False,0.36982017200938233,3942.61669921875,7318.83984375,6505.97900390625,6505.97900390625,241.71865844726562
345,images/0345_real_corrupt_0.75.png,real_corrupt_0.75,17262,0.75,345,False,0.40435826778411865,0.0006642491789534688,False,0.6888193901485535,3377.0908203125,6262.93017578125,5939.28759765625,5939.28759765625,223.84555053710938
346,images/0346_real_corrupt_0.75.png,real_corrupt_0.75,16713,0.75,334,False,0.37181371450424194,0.003961595706641674,False,0.6989835809225957,3384.6904296875,6312.45166015625,6058.68359375,6058.68359375,225.28317260742188
347,images/0347_real_corrupt_0.75.png,real_corrupt_0.75,23369,0.75,467,False,0.3761451840400696,7.285615720320493e-05,False,0.3487099296325254,2466.99658203125,5204.2978515625,4859.19921875,4859.19921875,242.7050018310547
348,images/0348_real_corrupt_0.75.png,real_corrupt_0.75,9717,0.75,194,False,0.35171031951904297,0.0010535184992477298,False,0.5453479280688037,3060.8193359375,6056.27001953125,5612.82861328125,5612.82861328125,268.6271667480469
349,images/0349_real_corrupt_0.75.png,real_corrupt_0.75,4768,0.75,95,False,0.3682672679424286,0.00034451496321707964,False,0.4655981235340109,2826.70361328125,6136.07421875,5735.07861328125,5735.07861328125,268.9315490722656
350,images/0350_real_corrupt_0.75.png,real_corrupt_0.75,22015,0.75,440,False,0.3853820562362671,0.0007122304523363709,False,0.6450351837372947,3874.23291015625,6721.35205078125,6324.826171875,6324.826171875,228.05816650390625
351,images/0351_real_corrupt_0.75.png,real_corrupt_0.75,3775,0.75,75,False,0.4255196154117584,0.0010452629067003727,False,0.7513682564503519,3030.26416015625,6070.0419921875,5775.2919921875,5775.2919921875,276.6728515625
352,images/0352_real_corrupt_0.75.png,real_corrupt_0.75,38296,0.75,765,False,0.3808814585208893,0.000665097264572978,False,0.6188428459734168,3921.65673828125,6753.2734375,6341.34375,6341.34375,238.4173583984375
353,images/0353_real_corrupt_0.75.png,real_corrupt_0.75,17073,0.75,341,False,0.34163546562194824,0.0016003361670300364,False,0.5355746677091477,3385.333251953125,6041.52734375,5827.2646484375,5827.2646484375,227.38766479492188
354,images/0354_real_corrupt_0.75.png,real_corrupt_0.75,27473,0.75,549,False,0.4137560725212097,0.0005258032470010221,False,0.674745895230649,3966.781982421875,6910.5263671875,6182.95166015625,6182.95166015625,302.1267395019531
355,images/0355_real_corrupt_0.75.png,real_corrupt_0.75,25626,0.75,512,False,0.3185778558254242,0.0003016819537151605,False,0.2642689601250977,3549.81396484375,6477.8662109375,5759.09033203125,5759.09033203125,336.6793518066406
356,images/0356_real_corrupt_0.75.png,real_corrupt_0.75,22148,0.75,442,False,0.39245447516441345,9.656354814069346e-05,False,0.41790461297888976,2986.70263671875,6135.33203125,5698.4111328125,5698.4111328125,307.7308044433594
357,images/0357_real_corrupt_0.75.png,real_corrupt_0.75,39283,0.75,785,False,0.33005914092063904,0.00048724724911153316,False,0.3893666927286943,4120.75341796875,7220.158203125,6850.58984375,6850.58984375,241.3116912841797
358,images/0358_real_corrupt_0.75.png,real_corrupt_0.75,46213,0.75,924,False,0.3243725001811981,0.0001852839341154322,False,0.20680218921032056,3025.033203125,6179.14697265625,5828.4970703125,5828.4970703125,248.9664764404297
359,images/0359_real_corrupt_0.75.png,real_corrupt_0.75,48573,0.75,971,False,0.3357427716255188,0.0006899342406541109,False,0.46012509773260357,2424.77099609375,5205.34765625,4590.00537109375,4590.00537109375,344.1565856933594
360,images/0360_real_corrupt_0.75.png,real_corrupt_0.75,40065,0.75,801,False,0.35400882363319397,0.0002249748504254967,False,0.3412822517591868,3520.53759765625,6498.13232421875,6123.0,6123.0,237.53143310546875
361,images/0361_real_corrupt_0.75.png,real_corrupt_0.75,47256,0.75,945,False,0.4095684885978699,0.0002777299378067255,False,0.5543393275996873,3960.650390625,6659.57861328125,5989.1015625,5989.1015625,295.25927734375
362,images/0362_real_corrupt_0.75.png,real_corrupt_0.75,22470,0.75,449,False,0.4115348756313324,7.411863043671474e-05,False,0.4464425332290852,3229.90185546875,6213.51220703125,5988.255859375,5988.255859375,245.8813934326172
363,images/0363_real_corrupt_0.75.png,real_corrupt_0.75,44139,0.75,882,False,0.3493421971797943,0.0005089769838377833,False,0.4581704456606724,3926.32080078125,6646.921875,6131.951171875,6131.951171875,246.34152221679688
364,images/0364_real_corrupt_0.75.png,real_corrupt_0.75,44407,0.75,888,False,0.35627180337905884,0.0003108733508270234,False,0.39288506645817045,2518.072265625,5586.05029296875,5212.95068359375,5212.95068359375,316.7129821777344
365,images/0365_real_corrupt_0.75.png,real_corrupt_0.75,34854,0.75,697,False,0.3648286759853363,0.0003230661968700588,False,0.4370602032838155,3457.751220703125,6446.7314453125,5993.48583984375,5993.48583984375,259.0224304199219
366,images/0366_real_corrupt_0.75.png,real_corrupt_0.75,20630,0.75,412,False,0.3986709415912628,0.004291420802474022,False,0.7912431587177482,4024.80810546875,6504.748046875,6154.5244140625,6154.5244140625,242.1393585205078
367,images/0367_real_corrupt_0.75.png,real_corrupt_0.75,21675,0.75,433,False,0.3479984700679779,0.0001696725666988641,False,0.27638780297107113,3786.0400390625,6466.00927734375,6087.462890625,6087.462890625,258.1801452636719
368,images/0368_real_corrupt_0.75.png,real_corrupt_0.75,17150,0.75,343,False,0.3643561899662018,0.0004047185939271003,False,0.47576231430805316,3258.32861328125,6216.52685546875,5959.55078125,5959.55078125,236.19822692871094
369,images/0369_real_corrupt_0.75.png,real_corrupt_0.75,31966,0.75,639,False,0.37411901354789734,0.0005954570369794965,False,0.5824863174354964,3701.980712890625,6774.361328125,6374.52734375,6374.52734375,259.1566467285156
370,images/0370_real_corrupt_0.75.png,real_corrupt_0.75,37633,0.75,752,False,0.3766922950744629,9.521983156446368e-05,False,0.36161063330727133,3676.329345703125,6706.66552734375,6337.94580078125,6337.94580078125,250.11929321289062
371,images/0371_real_corrupt_0.75.png,real_corrupt_0.75,27959,0.75,559,False,0.3623683750629425,0.0005882242112420499,False,0.5308835027365129,4350.82470703125,7080.4736328125,6494.69580078125,6494.69580078125,231.1662139892578
372,images/0372_real_corrupt_0.75.png,real_corrupt_0.75,7785,0.75,155,False,0.42266741394996643,0.0007725427276454866,False,0.733776387802971,3319.17822265625,6380.49853515625,6143.611328125,6143.611328125,247.60704040527344
373,images/0373_real_corrupt_0.75.png,real_corrupt_0.75,41103,0.75,822,False,0.3198135495185852,0.0003438734565861523,False,0.2967161845191556,3161.45703125,5795.66357421875,5417.5595703125,5417.5595703125,240.06825256347656
374,images/0374_real_corrupt_0.75.png,real_corrupt_0.75,31860,0.75,637,False,0.3766252398490906,0.0008279997273348272,False,0.6309616888193902,3242.8583984375,5972.830078125,5746.5244140625,5746.5244140625,268.42816162109375
375,images/0375_real_corrupt_0.75.png,real_corrupt_0.75,2555,0.75,51,False,0.3298510015010834,0.00028495173319242895,False,0.2935887412040657,2857.561767578125,5570.17236328125,5007.642578125,5007.642578125,276.90216064453125
376,images/0376_real_corrupt_0.75.png,real_corrupt_0.75,28631,0.75,572,False,0.2751716077327728,0.0004357102734502405,False,0.2587959343236904,3724.447998046875,6690.955078125,6213.2373046875,6213.2373046875,249.4481964111328
377,images/0377_real_corrupt_0.75.png,real_corrupt_0.75,26054,0.75,521,False,0.3840488791465759,0.00019713879737537354,False,0.4323690383111806,4149.3779296875,6995.8115234375,6510.13671875,6510.13671875,239.09092712402344
378,images/0378_real_corrupt_0.75.png,real_corrupt_0.75,6897,0.75,137,False,0.3280511498451233,0.0014496352523565292,False,0.4812353401094605,3328.953125,6461.1513671875,6202.57861328125,6202.57861328125,224.93125915527344
379,images/0379_real_corrupt_0.75.png,real_corrupt_0.75,3275,0.75,65,False,0.3989792764186859,0.0016157818026840687,False,0.7404222048475371,3792.2734375,6437.125,5839.79345703125,5839.79345703125,233.4650115966797
380,images/0380_real_corrupt_0.75.png,real_corrupt_0.75,40160,0.75,803,False,0.4056745767593384,0.00023744185455143452,False,0.5226739640344019,3449.58544921875,6421.927734375,6225.2138671875,6225.2138671875,252.5306396484375
381,images/0381_real_corrupt_0.75.png,real_corrupt_0.75,19977,0.75,399,False,0.3732098937034607,0.00023392256116494536,False,0.4233776387802971,4868.9462890625,8170.830078125,7487.42578125,7487.42578125,227.50083923339844
382,images/0382_real_corrupt_0.75.png,real_corrupt_0.75,3313,0.75,66,False,0.3975253403186798,0.0025547868572175503,False,0.7681782642689601,3370.76416015625,5957.64599609375,5594.6865234375,5594.6865234375,238.8611297607422
383,images/0383_real_corrupt_0.75.png,real_corrupt_0.75,40057,0.75,801,False,0.34401166439056396,0.00034170845174230635,False,0.37294761532447224,3010.9384765625,5988.533203125,5633.4345703125,5633.4345703125,268.4254455566406
384,images/0384_generated_none_corrupt_0.25.png,generated_none_corrupt_0.25,41468,0.25,829,False,0.3685259521007538,0.00014972938515711576,False,0.3534010946051603,2921.7587890625,5755.140625,5572.04345703125,5572.04345703125,257.4177551269531
385,images/0385_generated_none_corrupt_0.25.png,generated_none_corrupt_0.25,29514,0.25,590,False,0.3280595541000366,0.00034866691567003727,False,0.32720875684128226,4689.0859375,7824.8974609375,7145.7705078125,7145.7705078125,246.43492126464844
386,images/0386_generated_none_corrupt_0.25.png,generated_none_corrupt_0.25,36951,0.25,739,False,0.3863724172115326,0.0003596710739657283,False,0.5437842064112588,3406.298095703125,5956.966796875,5639.9775390625,5639.9775390625,260.4221496582031
387,images/0387_generated_none_corrupt_0.25.png,generated_none_corrupt_0.25,35529,0.25,710,False,0.37610316276550293,0.00035016171750612557,False,0.5035183737294762,3718.1689453125,6858.3505859375,6228.58251953125,6228.58251953125,324.68536376953125
388,images/0388_generated_none_corrupt_0.25.png,generated_none_corrupt_0.25,39027,0.25,780,False,0.3727838695049286,0.00013980190851725638,False,0.3612197028928851,3577.4150390625,7073.10107421875,6622.7841796875,6622.7841796875,255.6607666015625
389,images/0389_generated_none_corrupt_0.25.png,generated_none_corrupt_0.25,25428,0.25,508,False,0.3192237615585327,0.00014344262308441103,False,0.1751368256450352,3711.64208984375,6937.63671875,6385.0087890625,6385.0087890625,273.98663330078125
390,images/0390_generated_none_corrupt_0.25.png,generated_none_corrupt_0.25,42304,0.25,846,False,0.35721972584724426,0.00019783183233812451,False,0.3295543393275997,5142.53759765625,8321.8232421875,7518.728515625,7518.728515625,225.75396728515625
391,images/0391_generated_none_corrupt_0.25.png,generated_none_corrupt_0.25,35299,0.25,705,False,0.39469677209854126,0.00026895629707723856,False,0.5226739640344019,3704.35205078125,6707.56689453125,6433.08984375,6433.08984375,241.5723114013672
392,images/0392_generated_none_corrupt_0.25.png,generated_none_corrupt_0.25,30439,0.25,608,False,0.31759750843048096,0.0012132428819313645,False,0.44175136825645034,2618.17333984375,5783.49267578125,5485.92529296875,5485.92529296875,307.5673828125
393,images/0393_generated_none_corrupt_0.25.png,generated_none_corrupt_0.25,4134,0.25,82,False,0.33321744203567505,0.0065595791675150394,False,0.5781860828772478,2849.1552734375,5835.52001953125,5450.46875,5450.46875,241.20065307617188
394,images/0394_generated_none_corrupt_0.25.png,generated_none_corrupt_0.25,37986,0.25,759,False,0.36517131328582764,0.0002514480729587376,False,0.3979671618451916,2405.1845703125,5931.91162109375,5482.3447265625,5482.3447265625,316.0155029296875
395,images/0395_generated_none_corrupt_0.25.png,generated_none_corrupt_0.25,36633,0.25,732,False,0.33488988876342773,0.0002291253040311858,False,0.27756059421422985,2941.27783203125,6338.77783203125,5916.56005859375,5916.56005859375,316.52947998046875
396,images/0396_generated_none_corrupt_0.25.png,generated_none_corrupt_0.25,41576,0.25,831,False,0.3277796506881714,0.00037821088335476816,False,0.3408913213448006,4486.5341796875,7535.041015625,6965.54296875,6965.54296875,252.45523071289062
397,images/0397_generated_none_corrupt_0.25.png,generated_none_corrupt_0.25,28328,0.25,566,False,0.3644017279148102,0.0002686257939785719,False,0.40656763096168885,3730.91796875,6489.0556640625,6120.46630859375,6120.46630859375,243.30311584472656
398,images/0398_generated_none_corrupt_0.25.png,generated_none_corrupt_0.25,24266,0.25,485,False,0.33567529916763306,0.000372595910448581,False,0.36473807662236124,3812.275634765625,6905.2578125,6387.1875,6387.1875,288.7232666015625
399,images/0399_generated_none_corrupt_0.25.png,generated_none_corrupt_0.25,11578,0.25,231,False,0.3633839786052704,0.0022384936455637217,False,0.6333072713057075,3535.9697265625,6428.3642578125,6173.341796875,6173.341796875,245.7259063720703
400,images/0400_generated_none_corrupt_0.25.png,generated_none_corrupt_0.25,5354,0.25,107,False,0.4638243019580841,0.0007017233874648809,False,0.7384675527756059,4105.5791015625,7138.146484375,6405.70654296875,6405.70654296875,314.4318542480469
401,images/0401_generated_none_corrupt_0.25.png,generated_none_corrupt_0.25,45031,0.25,900,False,0.363500714302063,0.0002485367585904896,False,0.3889757623143081,3598.2705078125,7094.55126953125,6595.21728515625,6595.21728515625,254.91915893554688
402,images/0402_generated_none_corrupt_0.25.png,generated_none_corrupt_0.25,4663,0.25,93,False,0.37722426652908325,0.0005458650412037969,False,0.5836591086786552,3422.528564453125,6270.11328125,5881.48583984375,5881.48583984375,236.72451782226562
403,images/0403_generated_none_corrupt_0.25.png,generated_none_corrupt_0.25,17115,0.25,342,False,0.32125362753868103,0.005092563107609749,False,0.5308835027365129,2957.21435546875,5952.38671875,5696.625,5696.625,253.8498077392578
404,images/0404_generated_none_corrupt_0.25.png,generated_none_corrupt_0.25,30819,0.25,616,False,0.38675782084465027,0.0005371601437218487,False,0.6149335418295544,3852.25048828125,6528.64990234375,6014.6962890625,6014.6962890625,287.15240478515625
405,images/0405_generated_none_corrupt_0.25.png,generated_none_corrupt_0.25,1587,0.25,31,False,0.3468706011772156,0.0003395829116925597,False,0.3745113369820172,3301.041015625,6314.25732421875,5915.060546875,5915.060546875,279.89227294921875
406,images/0406_generated_none_corrupt_0.25.png,generated_none_corrupt_0.25,10676,0.25,213,False,0.39397305250167847,0.0016949503915384412,False,0.735340109460516,3220.55419921875,6277.3447265625,5922.849609375,5922.849609375,267.6430358886719
407,images/0407_generated_none_corrupt_0.25.png,generated_none_corrupt_0.25,45917,0.25,918,False,0.3950671851634979,0.00029333573183976114,False,0.5347928068803753,2812.686279296875,5648.6142578125,5364.4794921875,5364.4794921875,285.5216979980469
408,images/0408_generated_none_corrupt_0.25.png,generated_none_corrupt_0.25,25878,0.25,517,False,0.3954780399799347,0.00011343045480316505,False,0.4300234558248632,4035.6923828125,7411.91552734375,6611.0634765625,6611.0634765625,246.25291442871094
409,images/0409_generated_none_corrupt_0.25.png,generated_none_corrupt_0.25,17262,0.25,345,False,0.38906776905059814,0.0007408263627439737,False,0.6661454261141517,3486.6376953125,6372.47705078125,6052.37939453125,6052.37939453125,224.68878173828125
410,images/0410_generated_none_corrupt_0.25.png,generated_none_corrupt_0.25,16713,0.25,334,False,0.34600237011909485,0.003432996105402708,False,0.5860046911649727,3569.837890625,6497.59912109375,6242.90234375,6242.90234375,228.071533203125
411,images/0411_generated_none_corrupt_0.25.png,generated_none_corrupt_0.25,23369,0.25,467,False,0.4193956255912781,0.00010582465620245785,False,0.4671618451915559,2803.514404296875,5540.8154296875,5196.40625,5196.40625,225.6073455810547
412,images/0412_generated_none_corrupt_0.25.png,generated_none_corrupt_0.25,9717,0.25,194,False,0.34962761402130127,0.0013413815759122372,False,0.547302580140735,3298.7021484375,6294.15283203125,5858.1015625,5858.1015625,260.1277770996094
413,images/0413_generated_none_corrupt_0.25.png,generated_none_corrupt_0.25,4768,0.25,95,False,0.42880338430404663,0.0002935095108114183,False,0.5805316653635653,3292.39013671875,6601.7607421875,6191.62890625,6191.62890625,248.08119201660156
414,images/0414_generated_none_corrupt_0.25.png,generated_none_corrupt_0.25,22015,0.25,440,False,0.3728910982608795,0.000634344294667244,False,0.5824863174354964,3942.310546875,6789.4296875,6386.93896484375,6386.93896484375,237.3599853515625
415,images/0415_generated_none_corrupt_0.25.png,generated_none_corrupt_0.25,3775,0.25,75,False,0.4087429642677307,0.0006602084613405168,False,0.6939014855355747,2759.25341796875,5799.03125,5518.0927734375,5518.0927734375,289.1856994628906
416,images/0416_generated_none_corrupt_0.25.png,generated_none_corrupt_0.25,38296,0.25,765,False,0.3708012104034424,0.000595816527493298,False,0.5672400312744332,3834.310546875,6665.9267578125,6269.3515625,6269.3515625,243.2982635498047
417,images/0417_generated_none_corrupt_0.25.png,generated_none_corrupt_0.25,17073,0.25,341,False,0.28294625878334045,0.0016145718982443213,False,0.39796716184519154,2814.1904296875,5470.384765625,5285.5830078125,5285.5830078125,274.6361083984375
418,images/0418_generated_none_corrupt_0.25.png,generated_none_corrupt_0.25,27473,0.25,549,False,0.4325575530529022,0.000411896500736475,False,0.6454261141516809,3633.283203125,6577.02783203125,5847.8984375,5847.8984375,317.4324035644531
419,images/0419_generated_none_corrupt_0.25.png,generated_none_corrupt_0.25,25626,0.25,512,False,0.33280742168426514,0.0003044966433662921,False,0.3092259577795152,3733.875,6661.92724609375,5951.466796875,5951.466796875,315.9862976074219
420,images/0420_generated_none_corrupt_0.25.png,generated_none_corrupt_0.25,22148,0.25,442,False,0.3495017886161804,8.42811496113427e-05,False,0.2439405785770133,4238.419921875,7387.04931640625,6946.603515625,6946.603515625,239.52999877929688
421,images/0421_generated_none_corrupt_0.25.png,generated_none_corrupt_0.25,39283,0.25,785,False,0.33161628246307373,0.0005214944831095636,False,0.4053948397185301,2748.659912109375,5848.064453125,5461.31884765625,5461.31884765625,330.050048828125
422,images/0422_generated_none_corrupt_0.25.png,generated_none_corrupt_0.25,46213,0.25,924,False,0.3480527400970459,0.000220635105506517,False,0.31196247068021893,2762.44384765625,5916.5576171875,5515.9921875,5515.9921875,266.8041687011719
423,images/0423_generated_none_corrupt_0.25.png,generated_none_corrupt_0.25,48573,0.25,971,False,0.3500552177429199,0.000516911968588829,False,0.46442533229085226,3794.392333984375,6574.96875,5953.47216796875,5953.47216796875,268.1275634765625
424,images/0424_generated_none_corrupt_0.25.png,generated_none_corrupt_0.25,40065,0.25,801,False,0.3642900884151459,0.00069231609813869,False,0.562157935887412,2820.15087890625,5797.74560546875,5428.2578125,5428.2578125,287.89813232421875
425,images/0425_generated_none_corrupt_0.25.png,generated_none_corrupt_0.25,47256,0.25,945,False,0.3658401370048523,0.0003006673068739474,False,0.42611415168100075,3685.083740234375,6384.01171875,5730.72802734375,5730.72802734375,316.71685791015625
426,images/0426_generated_none_corrupt_0.25.png,generated_none_corrupt_0.25,22470,0.25,449,False,0.37308454513549805,8.141659782268107e-05,False,0.33854573885848316,3425.5947265625,6409.205078125,6188.8759765625,6188.8759765625,238.39755249023438
427,images/0427_generated_none_corrupt_0.25.png,generated_none_corrupt_0.25,44139,0.25,882,False,0.34761056303977966,0.00046448601642623544,False,0.4323690383111806,4187.494140625,6908.09521484375,6376.26708984375,6376.26708984375,234.5000457763672
428,images/0428_generated_none_corrupt_0.25.png,generated_none_corrupt_0.25,44407,0.25,888,False,0.3133842349052429,0.00032312548137269914,False,0.26739640344018767,2536.55517578125,5604.533203125,5209.283203125,5209.283203125,323.2497863769531
429,images/0429_generated_none_corrupt_0.25.png,generated_none_corrupt_0.25,34854,0.25,697,False,0.3081756830215454,0.00036859523970633745,False,0.2869429241594996,3001.513427734375,5990.4931640625,5555.2607421875,5555.2607421875,282.70965576171875
430,images/0430_generated_none_corrupt_0.25.png,generated_none_corrupt_0.25,20630,0.25,412,False,0.3775857090950012,0.003442447865381837,False,0.7142298670836591,3917.521240234375,6397.4609375,6046.24072265625,6046.24072265625,257.903564453125
431,images/0431_generated_none_corrupt_0.25.png,generated_none_corrupt_0.25,21675,0.25,433,False,0.29736676812171936,0.00021141715114936233,False,0.1712275215011728,3429.862060546875,6109.8310546875,5727.7177734375,5727.7177734375,276.9316101074219
432,images/0432_generated_none_corrupt_0.25.png,generated_none_corrupt_0.25,17150,0.25,343,False,0.320613294839859,0.000507304968778044,False,0.36982017200938233,3244.21337890625,6202.41162109375,5934.2939453125,5934.2939453125,247.51939392089844
433,images/0433_generated_none_corrupt_0.25.png,generated_none_corrupt_0.25,31966,0.25,639,False,0.39413949847221375,0.0005778679624199867,False,0.6493354182955434,4380.2783203125,7452.6591796875,7062.3017578125,7062.3017578125,225.57965087890625
434,images/0434_generated_none_corrupt_0.25.png,generated_none_corrupt_0.25,37633,0.25,752,False,0.3771795630455017,6.033283716533333e-05,False,0.35144644253322904,3037.38818359375,6067.724609375,5711.583984375,5711.583984375,292.62457275390625
435,images/0435_generated_none_corrupt_0.25.png,generated_none_corrupt_0.25,27959,0.25,559,False,0.30724331736564636,0.0007027764804661274,False,0.3858483189992181,3499.577392578125,6229.2265625,5628.720703125,5628.720703125,293.9822998046875
436,images/0436_generated_none_corrupt_0.25.png,generated_none_corrupt_0.25,7785,0.25,155,False,0.406568706035614,0.0006889249198138714,False,0.6985926505082096,3299.014404296875,6360.3349609375,6122.19189453125,6122.19189453125,261.0602111816406
437,images/0437_generated_none_corrupt_0.25.png,generated_none_corrupt_0.25,41103,0.25,822,False,0.32638031244277954,0.0004129617882426828,False,0.34714620797498047,3337.572265625,5971.77880859375,5591.3154296875,5591.3154296875,228.2753143310547
438,images/0438_generated_none_corrupt_0.25.png,generated_none_corrupt_0.25,31860,0.25,637,False,0.4300180971622467,0.0013349164510145783,False,0.767787333854574,3652.9658203125,6382.9375,6156.34765625,6156.34765625,248.01181030273438
439,images/0439_generated_none_corrupt_0.25.png,generated_none_corrupt_0.25,2555,0.25,51,False,0.3301602900028229,0.00022392546816263348,False,0.2591868647380766,2045.315673828125,4757.92626953125,4192.40185546875,4192.40185546875,344.2281799316406
440,images/0440_generated_none_corrupt_0.25.png,generated_none_corrupt_0.25,28631,0.25,572,False,0.3012896776199341,0.00045822293031960726,False,0.3092259577795152,3979.94140625,6946.44873046875,6463.82177734375,6463.82177734375,251.13592529296875
441,images/0441_generated_none_corrupt_0.25.png,generated_none_corrupt_0.25,26054,0.25,521,False,0.3586900532245636,0.0002096428070217371,False,0.3451915559030493,4198.80078125,7045.234375,6549.91015625,6549.91015625,247.07821655273438
442,images/0442_generated_none_corrupt_0.25.png,generated_none_corrupt_0.25,6897,0.25,137,False,0.32859206199645996,0.0012831003405153751,False,0.4777169663799844,3458.239501953125,6590.4375,6336.61328125,6336.61328125,229.4162139892578
443,images/0443_generated_none_corrupt_0.25.png,generated_none_corrupt_0.25,3275,0.25,65,False,0.40062329173088074,0.0024534789845347404,False,0.7724784988272088,3745.7666015625,6390.6181640625,5804.2626953125,5804.2626953125,244.715087890625
444,images/0444_generated_none_corrupt_0.25.png,generated_none_corrupt_0.25,40160,0.25,803,False,0.40430939197540283,0.00021156032744329423,False,0.5046911649726349,3682.83642578125,6655.1787109375,6458.35546875,6458.35546875,237.48208618164062
445,images/0445_generated_none_corrupt_0.25.png,generated_none_corrupt_0.25,19977,0.25,399,False,0.3684239983558655,0.0002766375837381929,False,0.4296325254104769,4692.2919921875,7994.17578125,7314.69189453125,7314.69189453125,249.76068115234375
446,images/0446_generated_none_corrupt_0.25.png,generated_none_corrupt_0.25,3313,0.25,66,False,0.3801882266998291,0.0024650641717016697,False,0.7068021892103206,2953.60546875,5540.4873046875,5185.11328125,5185.11328125,268.954345703125
447,images/0447_generated_none_corrupt_0.25.png,generated_none_corrupt_0.25,40057,0.25,801,False,0.3599579334259033,0.0003427164629101753,False,0.42845973416731825,3247.550537109375,6225.1455078125,5852.31884765625,5852.31884765625,261.3407287597656
448,images/0448_generated_none_corrupt_0.75.png,generated_none_corrupt_0.75,41468,0.75,829,False,0.3542563319206238,0.00016915191372390836,False,0.3029710711493354,5543.3974609375,8376.779296875,8204.1787109375,8204.1787109375,269.98968505859375
449,images/0449_generated_none_corrupt_0.75.png,generated_none_corrupt_0.75,29514,0.75,590,False,0.33258137106895447,0.0007232490461319685,False,0.45269741985926504,7573.1748046875,10708.986328125,10031.19140625,10031.19140625,263.7676696777344
450,images/0450_generated_none_corrupt_0.75.png,generated_none_corrupt_0.75,36951,0.75,739,False,0.34711045026779175,0.0003567985841073096,False,0.38819390148553556,6153.7314453125,8704.400390625,8347.3955078125,8347.3955078125,278.9807434082031
451,images/0451_generated_none_corrupt_0.75.png,generated_none_corrupt_0.75,35529,0.75,710,False,0.3882845342159271,0.00033032693318091333,False,0.5301016419077405,7154.11865234375,10294.30078125,9693.9208984375,9693.9208984375,328.0646057128906
452,images/0452_generated_none_corrupt_0.75.png,generated_none_corrupt_0.75,39027,0.75,780,False,0.39945366978645325,0.0001962512033060193,False,0.47888975762314306,6330.17724609375,9825.86328125,9411.82421875,9411.82421875,267.1097106933594
453,images/0453_generated_none_corrupt_0.75.png,generated_none_corrupt_0.75,25428,0.75,508,False,0.32820045948028564,0.0001434980658814311,False,0.2032838154808444,6680.5283203125,9906.5224609375,9372.490234375,9372.490234375,269.8485107421875
454,images/0454_generated_none_corrupt_0.75.png,generated_none_corrupt_0.75,42304,0.75,846,False,0.36649084091186523,0.0006399898556992412,False,0.5547302580140735,7720.28125,10899.56640625,10120.44921875,10120.44921875,252.8367156982422
455,images/0455_generated_none_corrupt_0.75.png,generated_none_corrupt_0.75,35299,0.75,705,False,0.3867075741291046,0.0003455003898125142,False,0.5387021110242377,6234.943359375,9238.158203125,8995.0341796875,8995.0341796875,253.33616638183594
456,images/0456_generated_none_corrupt_0.75.png,generated_none_corrupt_0.75,30439,0.75,608,False,0.3642774224281311,0.0006636824109591544,False,0.552384675527756,5911.89306640625,9077.212890625,8765.2724609375,8765.2724609375,305.3197021484375
457,images/0457_generated_none_corrupt_0.75.png,generated_none_corrupt_0.75,4134,0.75,82,False,0.3934616148471832,0.00196745409630239,False,0.7380766223612196,5446.4140625,8432.779296875,8080.2041015625,8080.2041015625,254.78514099121094
458,images/0458_generated_none_corrupt_0.75.png,generated_none_corrupt_0.75,37986,0.75,759,False,0.3607015013694763,0.000312537798890844,False,0.40852228303362004,5944.19384765625,9470.9208984375,9032.2294921875,9032.2294921875,321.1488952636719
459,images/0459_generated_none_corrupt_0.75.png,generated_none_corrupt_0.75,36633,0.75,732,False,0.30072686076164246,0.00021662421931978315,False,0.18256450351837372,6225.51220703125,9623.01171875,9209.658203125,9209.658203125,315.1646728515625
460,images/0460_generated_none_corrupt_0.75.png,generated_none_corrupt_0.75,41576,0.75,831,False,0.36266520619392395,0.0004462066281121224,False,0.48709929632525406,7290.6484375,10339.1552734375,9767.025390625,9767.025390625,254.92063903808594
461,images/0461_generated_none_corrupt_0.75.png,generated_none_corrupt_0.75,28328,0.75,566,False,0.36614957451820374,0.0003031903470400721,False,0.4292415949960907,6290.19091796875,9048.328125,8681.1044921875,8681.1044921875,256.5682373046875
462,images/0462_generated_none_corrupt_0.75.png,generated_none_corrupt_0.75,24266,0.75,485,False,0.38333624601364136,0.00033083645394071937,False,0.5113369820172009,6922.83984375,10015.822265625,9518.517578125,9518.517578125,281.84552001953125
463,images/0463_generated_none_corrupt_0.75.png,generated_none_corrupt_0.75,11578,0.75,231,False,0.334804892539978,0.0015302696265280247,False,0.506645817044566,6072.58154296875,8964.9765625,8712.2919921875,8712.2919921875,256.5574951171875
464,images/0464_generated_none_corrupt_0.75.png,generated_none_corrupt_0.75,5354,0.75,107,False,0.4115971028804779,0.00036909483605995774,False,0.6129788897576232,8103.74365234375,11136.3115234375,10449.076171875,10449.076171875,315.105224609375
465,images/0465_generated_none_corrupt_0.75.png,generated_none_corrupt_0.75,45031,0.75,900,False,0.33784019947052,0.00027104312903247774,False,0.31548084440969504,6487.123046875,9983.404296875,9489.8515625,9489.8515625,262.16827392578125
466,images/0466_generated_none_corrupt_0.75.png,generated_none_corrupt_0.75,4663,0.75,93,False,0.3996455669403076,0.0002488616737537086,False,0.517982799061767,5914.7763671875,8762.361328125,8381.3896484375,8381.3896484375,255.46942138671875
467,images/0467_generated_none_corrupt_0.75.png,generated_none_corrupt_0.75,17115,0.75,342,False,0.323982834815979,0.005875420290976763,False,0.5430023455824863,5557.580078125,8552.751953125,8311.841796875,8311.841796875,256.9017028808594
468,images/0468_generated_none_corrupt_0.75.png,generated_none_corrupt_0.75,30819,0.75,616,False,0.3935006856918335,0.000580031774006784,False,0.646989835809226,6794.68212890625,9471.08203125,9019.28125,9019.28125,286.8255310058594
469,images/0469_generated_none_corrupt_0.75.png,generated_none_corrupt_0.75,1587,0.75,31,False,0.37466850876808167,0.000649164489004761,False,0.596559812353401,6411.5732421875,9424.7890625,9020.869140625,9020.869140625,288.03802490234375
470,images/0470_generated_none_corrupt_0.75.png,generated_none_corrupt_0.75,10676,0.75,213,False,0.3732195198535919,0.002168066333979368,False,0.6767005473025801,6144.083984375,9200.875,8841.3515625,8841.3515625,260.08251953125
471,images/0471_generated_none_corrupt_0.75.png,generated_none_corrupt_0.75,45917,0.75,918,False,0.4347037374973297,0.0002706095401663333,False,0.575058639562158,5705.716796875,8541.64453125,8232.0380859375,8232.0380859375,294.78497314453125
472,images/0472_generated_none_corrupt_0.75.png,generated_none_corrupt_0.75,25878,0.75,517,False,0.41486895084381104,0.00015189066471066326,False,0.4878811571540266,6702.59033203125,10078.8134765625,9296.7548828125,9296.7548828125,262.2861022949219
473,images/0473_generated_none_corrupt_0.75.png,generated_none_corrupt_0.75,17262,0.75,345,False,0.36668136715888977,0.0009087245562113822,False,0.5946051602814699,5860.91259765625,8746.751953125,8418.7060546875,8418.7060546875,247.81956481933594
474,images/0474_generated_none_corrupt_0.75.png,generated_none_corrupt_0.75,16713,0.75,334,False,0.33743876218795776,0.0038640764541924,False,0.5656763096168882,6002.703125,8930.46484375,8683.521484375,8683.521484375,251.4663543701172
475,images/0475_generated_none_corrupt_0.75.png,generated_none_corrupt_0.75,23369,0.75,467,False,0.417658269405365,0.0001336096174782142,False,0.4769351055512119,5119.185546875,7856.486328125,7530.7294921875,7530.7294921875,249.9004669189453
476,images/0476_generated_none_corrupt_0.75.png,generated_none_corrupt_0.75,9717,0.75,194,False,0.35049372911453247,0.0016737933037802577,False,0.5668491008600469,6107.6513671875,9103.1015625,8686.5478515625,8686.5478515625,259.1181335449219
477,images/0477_generated_none_corrupt_0.75.png,generated_none_corrupt_0.75,4768,0.75,95,False,0.4091503322124481,0.0003483695036265999,False,0.5953870211102423,6057.7919921875,9367.162109375,8957.7294921875,8957.7294921875,254.44883728027344
478,images/0478_generated_none_corrupt_0.75.png,generated_none_corrupt_0.75,22015,0.75,440,False,0.3480846583843231,0.000572505930904299,False,0.4683346364347146,6443.66796875,9290.787109375,8888.9765625,8888.9765625,251.3065948486328
479,images/0479_generated_none_corrupt_0.75.png,generated_none_corrupt_0.75,3775,0.75,75,False,0.3766784071922302,0.0016338858986273408,False,0.671618451915559,5842.8388671875,8882.6171875,8616.66796875,8616.66796875,294.1319580078125
480,images/0480_generated_none_corrupt_0.75.png,generated_none_corrupt_0.75,38296,0.75,765,False,0.3336099684238434,0.0006828519981354475,False,0.44878811571540267,6496.7822265625,9328.3984375,8937.6767578125,8937.6767578125,254.10055541992188
481,images/0481_generated_none_corrupt_0.75.png,generated_none_corrupt_0.75,17073,0.75,341,False,0.351992130279541,0.0030375043861567974,False,0.6063330727130571,5665.6650390625,8321.859375,8137.97900390625,8137.97900390625,277.1683349609375
482,images/0482_generated_none_corrupt_0.75.png,generated_none_corrupt_0.75,27473,0.75,549,False,0.3899475336074829,0.00047052052104845643,False,0.6012509773260359,7037.56005859375,9981.3046875,9238.2880859375,9238.2880859375,314.8005676269531
483,images/0483_generated_none_corrupt_0.75.png,generated_none_corrupt_0.75,25626,0.75,512,False,0.3844985067844391,0.0003741035470739007,False,0.5445660672400313,7447.62744140625,10375.6796875,9669.5712890625,9669.5712890625,307.742919921875
484,images/0484_generated_none_corrupt_0.75.png,generated_none_corrupt_0.75,22148,0.75,442,False,0.3684433698654175,0.00012767089356202632,False,0.336591086786552,6886.89306640625,10035.5224609375,9608.794921875,9608.794921875,252.64195251464844
485,images/0485_generated_none_corrupt_0.75.png,generated_none_corrupt_0.75,39283,0.75,785,False,0.36832860112190247,0.00046653967001475394,False,0.5191555903049258,6104.37646484375,9203.78125,8818.458984375,8818.458984375,341.0760498046875
486,images/0486_generated_none_corrupt_0.75.png,generated_none_corrupt_0.75,46213,0.75,924,False,0.3744918704032898,0.00021814988576807082,False,0.4186864738076622,5632.22998046875,8786.34375,8415.841796875,8415.841796875,271.4906921386719
487,images/0487_generated_none_corrupt_0.75.png,generated_none_corrupt_0.75,48573,0.75,971,False,0.33125320076942444,0.0004901671782135963,False,0.3944487881157154,6673.611328125,9454.1875,8876.970703125,8876.970703125,263.7436218261719
488,images/0488_generated_none_corrupt_0.75.png,generated_none_corrupt_0.75,40065,0.75,801,False,0.3672894537448883,0.00029613907099701464,False,0.42924159499609066,5933.8583984375,8911.453125,8549.7421875,8549.7421875,304.2221374511719
489,images/0489_generated_none_corrupt_0.75.png,generated_none_corrupt_0.75,47256,0.75,945,False,0.3909423351287842,0.00035498756915330887,False,0.5566849100860047,7178.2607421875,9877.189453125,9172.90625,9172.90625,309.3429260253906
490,images/0490_generated_none_corrupt_0.75.png,generated_none_corrupt_0.75,22470,0.75,449,False,0.3696494400501251,0.00013266420864965767,False,0.3455824863174355,5975.99609375,8959.6064453125,8742.291015625,8742.291015625,254.62640380859375
491,images/0491_generated_none_corrupt_0.75.png,generated_none_corrupt_0.75,44139,0.75,882,False,0.35631734132766724,0.00032916004420258105,False,0.4061767005473026,6703.677734375,9424.279296875,8907.47265625,8907.47265625,250.167236328125
492,images/0492_generated_none_corrupt_0.75.png,generated_none_corrupt_0.75,44407,0.75,888,False,0.334749311208725,0.0003184718079864979,False,0.32603596559812353,5875.056640625,8943.03515625,8545.521484375,8545.521484375,312.2010803222656
493,images/0493_generated_none_corrupt_0.75.png,generated_none_corrupt_0.75,34854,0.75,697,False,0.3433929979801178,0.00033647820237092674,False,0.3639562157935887,6058.193359375,9047.173828125,8585.5546875,8585.5546875,278.53521728515625
494,images/0494_generated_none_corrupt_0.75.png,generated_none_corrupt_0.75,20630,0.75,412,False,0.4110502302646637,0.0009064235491678119,False,0.7322126661454261,6603.1689453125,9083.1083984375,8769.193359375,8769.193359375,269.615234375
495,images/0495_generated_none_corrupt_0.75.png,generated_none_corrupt_0.75,21675,0.75,433,False,0.31982487440109253,0.00019829612574540079,False,0.2060203283815481,6299.0703125,8979.0390625,8615.0771484375,8615.0771484375,295.7569885253906
496,images/0496_generated_none_corrupt_0.75.png,generated_none_corrupt_0.75,17150,0.75,343,False,0.3481457531452179,0.0004440929042175412,False,0.42689601250977327,5805.55712890625,8763.755859375,8514.115234375,8514.115234375,251.29415893554688
497,images/0497_generated_none_corrupt_0.75.png,generated_none_corrupt_0.75,31966,0.75,639,False,0.3833065927028656,0.0005061938427388668,False,0.5875684128225176,6888.25732421875,9960.638671875,9567.1044921875,9567.1044921875,249.4049530029297
498,images/0498_generated_none_corrupt_0.75.png,generated_none_corrupt_0.75,37633,0.75,752,False,0.4044368863105774,7.560998346889392e-05,False,0.434714620797498,6053.9111328125,9084.2470703125,8755.65625,8755.65625,297.1302490234375
499,images/0499_generated_none_corrupt_0.75.png,generated_none_corrupt_0.75,27959,0.75,559,False,0.3620185852050781,0.0005439507658593357,False,0.5203283815480844,6620.36376953125,9350.0126953125,8765.150390625,8765.150390625,303.0052185058594
500,images/0500_generated_none_corrupt_0.75.png,generated_none_corrupt_0.75,7785,0.75,155,False,0.36857450008392334,0.0006175903836265206,False,0.5625488663017983,6014.75,9076.0703125,8848.845703125,8848.845703125,261.89532470703125
501,images/0501_generated_none_corrupt_0.75.png,generated_none_corrupt_0.75,41103,0.75,822,False,0.2994670867919922,0.0003851827059406787,False,0.27834245504300237,5702.7509765625,8336.95703125,7970.24658203125,7970.24658203125,252.01898193359375
502,images/0502_generated_none_corrupt_0.75.png,generated_none_corrupt_0.75,31860,0.75,637,False,0.4453250765800476,0.00042059653787873685,False,0.6587177482408131,6258.40380859375,8988.375,8797.9208984375,8797.9208984375,253.2054443359375
503,images/0503_generated_none_corrupt_0.75.png,generated_none_corrupt_0.75,2555,0.75,51,False,0.388555109500885,0.00020793416479136795,False,0.4581704456606724,5482.85546875,8195.4658203125,7592.505859375,7592.505859375,337.4623718261719
504,images/0504_generated_none_corrupt_0.75.png,generated_none_corrupt_0.75,28631,0.75,572,False,0.3499302268028259,0.0006430032663047314,False,0.4906176700547302,6734.353515625,9700.861328125,9228.658203125,9228.658203125,256.7915954589844
505,images/0505_generated_none_corrupt_0.75.png,generated_none_corrupt_0.75,26054,0.75,521,False,0.37452930212020874,0.00025737949181348085,False,0.4433150899139953,6838.638671875,9685.072265625,9199.6015625,9199.6015625,262.09625244140625
506,images/0506_generated_none_corrupt_0.75.png,generated_none_corrupt_0.75,6897,0.75,137,False,0.31402769684791565,0.0004518842324614525,False,0.3291634089132135,5962.962890625,9095.1611328125,8857.8984375,8857.8984375,248.6719207763672
507,images/0507_generated_none_corrupt_0.75.png,generated_none_corrupt_0.75,3275,0.75,65,False,0.361009418964386,0.0074556428007781506,False,0.6806098514464425,6444.3173828125,9089.1689453125,8504.4072265625,8504.4072265625,258.4939880371094
508,images/0508_generated_none_corrupt_0.75.png,generated_none_corrupt_0.75,40160,0.75,803,False,0.3941698372364044,0.00024275470059365034,False,0.5046911649726349,6242.0771484375,9214.4189453125,9039.232421875,9039.232421875,251.91717529296875
509,images/0509_generated_none_corrupt_0.75.png,generated_none_corrupt_0.75,19977,0.75,399,False,0.38747555017471313,0.0004012535500805825,False,0.5625488663017982,7549.54833984375,10851.431640625,10196.3427734375,10196.3427734375,262.4918518066406
510,images/0510_generated_none_corrupt_0.75.png,generated_none_corrupt_0.75,3313,0.75,66,False,0.3903292715549469,0.005559027194976807,False,0.7806880375293198,5786.826171875,8373.7080078125,8050.064453125,8050.064453125,265.6221008300781
511,images/0511_generated_none_corrupt_0.75.png,generated_none_corrupt_0.75,40057,0.75,801,False,0.4149678647518158,0.00028498764731921256,False,0.5680218921032056,6058.4072265625,9036.001953125,8641.60546875,8641.60546875,266.71258544921875
512,images/0512_generated_dot_corrupt_0.25.png,generated_dot_corrupt_0.25,41468,0.25,829,False,0.36743807792663574,0.00014566782920155674,False,0.34323690383111805,3131.819091796875,5965.201171875,5780.0126953125,5780.0126953125,256.23797607421875
513,images/0513_generated_dot_corrupt_0.25.png,generated_dot_corrupt_0.25,29514,0.25,590,False,0.3164040446281433,0.00022222341794986278,False,0.21540265832681782,4199.2275390625,7335.0390625,6648.5556640625,6648.5556640625,244.51605224609375
514,images/0514_generated_dot_corrupt_0.25.png,generated_dot_corrupt_0.25,36951,0.25,739,False,0.38660213351249695,0.00036112696398049593,False,0.5476935105551212,3523.1259765625,6073.794921875,5752.8505859375,5752.8505859375,258.4595642089844
515,images/0515_generated_dot_corrupt_0.25.png,generated_dot_corrupt_0.25,35529,0.25,710,False,0.3731447458267212,0.00034170402796007693,False,0.48514464425332293,4062.30322265625,7202.48486328125,6571.68359375,6571.68359375,300.52606201171875
516,images/0516_generated_dot_corrupt_0.25.png,generated_dot_corrupt_0.25,39027,0.25,780,False,0.3737163245677948,0.00013169203884899616,False,0.36278342455043,3557.4814453125,7053.16748046875,6600.521484375,6600.521484375,249.01065063476562
517,images/0517_generated_dot_corrupt_0.25.png,generated_dot_corrupt_0.25,25428,0.25,508,False,0.31740909814834595,0.00014922049012966454,False,0.1743549648162627,3628.513671875,6854.5078125,6297.8974609375,6297.8974609375,273.0760803222656
518,images/0518_generated_dot_corrupt_0.25.png,generated_dot_corrupt_0.25,42304,0.25,846,False,0.33995458483695984,0.00017001711239572614,False,0.25723221266614543,4828.0556640625,8007.3408203125,7200.05859375,7200.05859375,221.86964416503906
519,images/0519_generated_dot_corrupt_0.25.png,generated_dot_corrupt_0.25,35299,0.25,705,False,0.3970203399658203,0.0002673199924174696,False,0.5238467552775605,3665.17822265625,6668.39306640625,6391.0146484375,6391.0146484375,241.74691772460938
520,images/0520_generated_dot_corrupt_0.25.png,generated_dot_corrupt_0.25,30439,0.25,608,False,0.3342936635017395,0.0011804120149463415,False,0.49257232212666147,2940.382080078125,6105.701171875,5803.064453125,5803.064453125,302.03271484375
521,images/0521_generated_dot_corrupt_0.25.png,generated_dot_corrupt_0.25,4134,0.25,82,False,0.34002548456192017,0.006588065531104803,False,0.6059421422986708,2849.218994140625,5835.583984375,5446.3134765625,5446.3134765625,241.7120819091797
522,images/0522_generated_dot_corrupt_0.25.png,generated_dot_corrupt_0.25,37986,0.25,759,False,0.3718644976615906,0.0002648303343448788,False,0.4382329945269742,2933.76220703125,6460.4892578125,6000.75537109375,6000.75537109375,310.724609375
523,images/0523_generated_dot_corrupt_0.25.png,generated_dot_corrupt_0.25,36633,0.25,732,False,0.334802508354187,0.0002240810135845095,False,0.2748240813135262,3456.7529296875,6854.2529296875,6425.54345703125,6425.54345703125,309.7737731933594
524,images/0524_generated_dot_corrupt_0.25.png,generated_dot_corrupt_0.25,41576,0.25,831,False,0.314805805683136,0.000364525563782081,False,0.2982799061767005,4232.43798828125,7280.94482421875,6700.7060546875,6700.7060546875,242.08273315429688
525,images/0525_generated_dot_corrupt_0.25.png,generated_dot_corrupt_0.25,28328,0.25,566,False,0.3629826605319977,0.00027214939473196864,False,0.40383111806098515,3712.86865234375,6471.005859375,6099.662109375,6099.662109375,244.40725708007812
526,images/0526_generated_dot_corrupt_0.25.png,generated_dot_corrupt_0.25,24266,0.25,485,False,0.31991496682167053,0.0003755489888135344,False,0.3178264268960125,3659.82080078125,6752.80322265625,6220.6396484375,6220.6396484375,287.29052734375
527,images/0527_generated_dot_corrupt_0.25.png,generated_dot_corrupt_0.25,11578,0.25,231,False,0.3603505790233612,0.002099530305713415,False,0.6153244722439406,3534.2314453125,6426.6259765625,6165.4130859375,6165.4130859375,248.3262176513672
528,images/0528_generated_dot_corrupt_0.25.png,generated_dot_corrupt_0.25,5354,0.25,107,False,0.4530102610588074,0.0009154481231234968,False,0.7599687255668491,3771.135498046875,6803.703125,6061.38525390625,6061.38525390625,315.46240234375
529,images/0529_generated_dot_corrupt_0.25.png,generated_dot_corrupt_0.25,45031,0.25,900,False,0.35423389077186584,0.00024306112027261406,False,0.3534010946051603,3397.12451171875,6893.4052734375,6392.169921875,6392.169921875,250.56700134277344
530,images/0530_generated_dot_corrupt_0.25.png,generated_dot_corrupt_0.25,4663,0.25,93,False,0.3720259666442871,0.000572300108615309,False,0.5668491008600469,3328.49658203125,6176.0810546875,5785.42578125,5785.42578125,233.05059814453125
531,images/0531_generated_dot_corrupt_0.25.png,generated_dot_corrupt_0.25,17115,0.25,342,False,0.32448524236679077,0.0048822020180523396,False,0.5351837372947615,2997.96240234375,5993.134765625,5735.54052734375,5735.54052734375,247.90045166015625
532,images/0532_generated_dot_corrupt_0.25.png,generated_dot_corrupt_0.25,30819,0.25,616,False,0.39144566655158997,0.0005521941347979009,False,0.6333072713057075,3999.895263671875,6676.294921875,6162.5986328125,6162.5986328125,279.77154541015625
533,images/0533_generated_dot_corrupt_0.25.png,generated_dot_corrupt_0.25,1587,0.25,31,False,0.3579327464103699,0.00036126116174273193,False,0.43666927286942925,3468.20703125,6481.42333984375,6075.923828125,6075.923828125,276.1084289550781
534,images/0534_generated_dot_corrupt_0.25.png,generated_dot_corrupt_0.25,10676,0.25,213,False,0.3947516083717346,0.001592793851159513,False,0.7318217357310399,3185.0234375,6241.814453125,5885.8408203125,5885.8408203125,265.4470520019531
535,images/0535_generated_dot_corrupt_0.25.png,generated_dot_corrupt_0.25,45917,0.25,918,False,0.4073450565338135,0.00029019449721090496,False,0.5570758405003909,3240.29833984375,6076.2265625,5788.134765625,5788.134765625,277.6537170410156
536,images/0536_generated_dot_corrupt_0.25.png,generated_dot_corrupt_0.25,25878,0.25,517,False,0.3956518769264221,0.00011439403897384182,False,0.43080531665363564,3985.124267578125,7361.34765625,6550.26123046875,6550.26123046875,244.41683959960938
537,images/0537_generated_dot_corrupt_0.25.png,generated_dot_corrupt_0.25,17262,0.25,345,False,0.38970035314559937,0.0007278816192410886,False,0.663408913213448,3432.2275390625,6318.06689453125,5995.46630859375,5995.46630859375,223.33731079101562
538,images/0538_generated_dot_corrupt_0.25.png,generated_dot_corrupt_0.25,16713,0.25,334,False,0.34073832631111145,0.00330363935790956,False,0.5746677091477717,3500.447998046875,6428.208984375,6172.50634765625,6172.50634765625,226.9959259033203
539,images/0539_generated_dot_corrupt_0.25.png,generated_dot_corrupt_0.25,23369,0.25,467,False,0.4188309609889984,0.00010501847282284871,False,0.46637998436278344,2811.626708984375,5548.927734375,5203.90771484375,5203.90771484375,226.11500549316406
540,images/0540_generated_dot_corrupt_0.25.png,generated_dot_corrupt_0.25,9717,0.25,194,False,0.34427276253700256,0.0013336818665266037,False,0.5301016419077405,3200.280517578125,6195.7314453125,5759.1298828125,5759.1298828125,258.0696105957031
541,images/0541_generated_dot_corrupt_0.25.png,generated_dot_corrupt_0.25,4768,0.25,95,False,0.41770613193511963,0.000264421891188249,False,0.5586395621579359,2999.177978515625,6308.548828125,5897.7099609375,5897.7099609375,244.7403564453125
542,images/0542_generated_dot_corrupt_0.25.png,generated_dot_corrupt_0.25,22015,0.25,440,False,0.3713574707508087,0.0006213922169990838,False,0.571931196247068,3870.46044921875,6717.57958984375,6312.8955078125,6312.8955078125,235.16317749023438
543,images/0543_generated_dot_corrupt_0.25.png,generated_dot_corrupt_0.25,3775,0.25,75,False,0.4088535010814667,0.0006945785135030746,False,0.7052384675527756,2952.40478515625,5992.1826171875,5708.8408203125,5708.8408203125,284.8268127441406
544,images/0544_generated_dot_corrupt_0.25.png,generated_dot_corrupt_0.25,38296,0.25,765,False,0.3697700798511505,0.0006015255930833519,False,0.5652853792025019,3685.927978515625,6517.54443359375,6116.1181640625,6116.1181640625,241.1298370361328
545,images/0545_generated_dot_corrupt_0.25.png,generated_dot_corrupt_0.25,17073,0.25,341,False,0.2830294072628021,0.00152156176045537,False,0.39093041438623927,2838.843505859375,5495.0380859375,5307.85205078125,5307.85205078125,268.8808288574219
546,images/0546_generated_dot_corrupt_0.25.png,generated_dot_corrupt_0.25,27473,0.25,549,False,0.4373001754283905,0.00040562395588494837,False,0.6442533229085223,4140.57080078125,7084.3154296875,6345.419921875,6345.419921875,302.7193603515625
547,images/0547_generated_dot_corrupt_0.25.png,generated_dot_corrupt_0.25,25626,0.25,512,False,0.32706761360168457,0.00030142004834488034,False,0.2904612978889758,3868.36572265625,6796.41796875,6076.2509765625,6076.2509765625,307.55419921875
548,images/0548_generated_dot_corrupt_0.25.png,generated_dot_corrupt_0.25,22148,0.25,442,False,0.3375362157821655,8.264844655059278e-05,False,0.20562939796716184,3989.10009765625,7137.7294921875,6693.359375,6693.359375,240.117919921875
549,images/0549_generated_dot_corrupt_0.25.png,generated_dot_corrupt_0.25,39283,0.25,785,False,0.33762407302856445,0.0004711986402980983,False,0.40891321344800624,3401.625732421875,6501.0302734375,6112.1904296875,6112.1904296875,315.94940185546875
550,images/0550_generated_dot_corrupt_0.25.png,generated_dot_corrupt_0.25,46213,0.25,924,False,0.3496631681919098,0.0002137173869414255,False,0.3135261923377639,2824.677734375,5978.79150390625,5567.4814453125,5567.4814453125,265.45831298828125
551,images/0551_generated_dot_corrupt_0.25.png,generated_dot_corrupt_0.25,48573,0.25,971,False,0.3508952558040619,0.0005251963157206774,False,0.47146207974980453,3717.427490234375,6498.00390625,5868.884765625,5868.884765625,268.58819580078125
552,images/0552_generated_dot_corrupt_0.25.png,generated_dot_corrupt_0.25,40065,0.25,801,False,0.3670501410961151,0.0005862744874320924,False,0.5476935105551212,3180.7578125,6158.3525390625,5782.20556640625,5782.20556640625,275.9669189453125
553,images/0553_generated_dot_corrupt_0.25.png,generated_dot_corrupt_0.25,47256,0.25,945,False,0.3774473965167999,0.00030107563361525536,False,0.4761532447224394,3923.2783203125,6622.20654296875,5956.69921875,5956.69921875,310.4699401855469
554,images/0554_generated_dot_corrupt_0.25.png,generated_dot_corrupt_0.25,22470,0.25,449,False,0.3725254535675049,8.498347597196698e-05,False,0.3405003909304144,3350.07177734375,6333.68212890625,6110.50537109375,6110.50537109375,237.32652282714844
555,images/0555_generated_dot_corrupt_0.25.png,generated_dot_corrupt_0.25,44139,0.25,882,False,0.34172677993774414,0.0004560965171549469,False,0.4171227521501173,4064.114990234375,6784.7158203125,6249.9892578125,6249.9892578125,234.1182403564453
556,images/0556_generated_dot_corrupt_0.25.png,generated_dot_corrupt_0.25,44407,0.25,888,False,0.33342793583869934,0.00032411550637334585,False,0.3244722439405786,3095.702392578125,6163.6806640625,5768.8466796875,5768.8466796875,321.5323791503906
557,images/0557_generated_dot_corrupt_0.25.png,generated_dot_corrupt_0.25,34854,0.25,697,False,0.3124992251396179,0.0003524824569467455,False,0.28186082877247853,3210.15771484375,6199.1376953125,5758.9873046875,5758.9873046875,281.3828125
558,images/0558_generated_dot_corrupt_0.25.png,generated_dot_corrupt_0.25,20630,0.25,412,False,0.3750080168247223,0.00395158538594842,False,0.712275215011728,3871.899658203125,6351.83935546875,5998.88671875,5998.88671875,255.74789428710938
559,images/0559_generated_dot_corrupt_0.25.png,generated_dot_corrupt_0.25,21675,0.25,433,False,0.2963986098766327,0.00021057846606709063,False,0.16810007818608286,3624.00439453125,6303.9736328125,5915.53857421875,5915.53857421875,269.22174072265625
560,images/0560_generated_dot_corrupt_0.25.png,generated_dot_corrupt_0.25,17150,0.25,343,False,0.31997185945510864,0.0005122742149978876,False,0.3706020328381548,3259.8701171875,6218.068359375,5948.0029296875,5948.0029296875,248.6890411376953
561,images/0561_generated_dot_corrupt_0.25.png,generated_dot_corrupt_0.25,31966,0.25,639,False,0.3924141824245453,0.0006215645698830485,False,0.6516810007818609,4147.904296875,7220.28515625,6826.265625,6826.265625,222.67164611816406
562,images/0562_generated_dot_corrupt_0.25.png,generated_dot_corrupt_0.25,37633,0.25,752,False,0.38169798254966736,5.911005428060889e-05,False,0.3655199374511337,3263.01513671875,6293.3515625,5939.3193359375,5939.3193359375,283.72412109375
563,images/0563_generated_dot_corrupt_0.25.png,generated_dot_corrupt_0.25,27959,0.25,559,False,0.3184809982776642,0.000616477511357516,False,0.3842845973416732,3916.126953125,6645.77587890625,6033.734375,6033.734375,277.86767578125
564,images/0564_generated_dot_corrupt_0.25.png,generated_dot_corrupt_0.25,7785,0.25,155,False,0.40645840764045715,0.0006857142434455454,False,0.6970289288506646,3338.019775390625,6399.33984375,6157.8076171875,6157.8076171875,259.0374450683594
565,images/0565_generated_dot_corrupt_0.25.png,generated_dot_corrupt_0.25,41103,0.25,822,False,0.3258841633796692,0.0004138351941946894,False,0.3475371383893667,3319.7822265625,5953.98876953125,5570.80029296875,5570.80029296875,227.20164489746094
566,images/0566_generated_dot_corrupt_0.25.png,generated_dot_corrupt_0.25,31860,0.25,637,False,0.42958003282546997,0.0013936978066340089,False,0.7689601250977326,3560.75048828125,6290.72216796875,6057.451171875,6057.451171875,249.4870147705078
567,images/0567_generated_dot_corrupt_0.25.png,generated_dot_corrupt_0.25,2555,0.25,51,False,0.34153908491134644,0.0002058400568785146,False,0.2818608287724785,2789.31201171875,5501.9228515625,4936.67236328125,4936.67236328125,339.18536376953125
568,images/0568_generated_dot_corrupt_0.25.png,generated_dot_corrupt_0.25,28631,0.25,572,False,0.289394736289978,0.00046314133214764297,False,0.2857701329163409,3786.90869140625,6753.416015625,6267.50830078125,6267.50830078125,245.67752075195312
569,images/0569_generated_dot_corrupt_0.25.png,generated_dot_corrupt_0.25,26054,0.25,521,False,0.3570299446582794,0.00020843262609560043,False,0.33815480844409695,4079.0595703125,6925.4931640625,6421.7001953125,6421.7001953125,248.5404052734375
570,images/0570_generated_dot_corrupt_0.25.png,generated_dot_corrupt_0.25,6897,0.25,137,False,0.31932517886161804,0.001690338016487658,False,0.46950742767787335,3279.96728515625,6412.1650390625,6148.43310546875,6148.43310546875,227.0576934814453
571,images/0571_generated_dot_corrupt_0.25.png,generated_dot_corrupt_0.25,3275,0.25,65,False,0.40077075362205505,0.0020066136494278908,False,0.7595777951524628,3553.455078125,6198.306640625,5606.32861328125,5606.32861328125,242.9393310546875
572,images/0572_generated_dot_corrupt_0.25.png,generated_dot_corrupt_0.25,40160,0.25,803,False,0.4022027254104614,0.00020546678570099175,False,0.490226739640344,3525.77392578125,6498.1162109375,6293.74951171875,6293.74951171875,237.03237915039062
573,images/0573_generated_dot_corrupt_0.25.png,generated_dot_corrupt_0.25,19977,0.25,399,False,0.36362379789352417,0.000280325097264722,False,0.41008600469116496,4386.57470703125,7688.45849609375,7004.5283203125,7004.5283203125,250.79074096679688
574,images/0574_generated_dot_corrupt_0.25.png,generated_dot_corrupt_0.25,3313,0.25,66,False,0.3727235794067383,0.0023482225369662046,False,0.6770914777169663,2887.87109375,5474.7529296875,5112.5185546875,5112.5185546875,266.42974853515625
575,images/0575_generated_dot_corrupt_0.25.png,generated_dot_corrupt_0.25,40057,0.25,801,False,0.36123016476631165,0.00033959513530135155,False,0.4331508991399531,3252.5478515625,6230.142578125,5851.603515625,5851.603515625,260.2176818847656
576,images/0576_generated_dot_corrupt_0.75.png,generated_dot_corrupt_0.75,41468,0.75,829,False,0.3543417453765869,0.0001697375118965283,False,0.3045347928068804,5614.89013671875,8448.2724609375,8275.025390625,8275.025390625,268.6351318359375
577,images/0577_generated_dot_corrupt_0.75.png,generated_dot_corrupt_0.75,29514,0.75,590,False,0.33184823393821716,0.0007125571719370782,False,0.4499609069585614,7419.47607421875,10555.287109375,9876.8203125,9876.8203125,263.64471435546875
578,images/0578_generated_dot_corrupt_0.75.png,generated_dot_corrupt_0.75,36951,0.75,739,False,0.34611111879348755,0.0003562821657396853,False,0.38506645817044566,6192.8369140625,8743.505859375,8385.6142578125,8385.6142578125,276.96600341796875
579,images/0579_generated_dot_corrupt_0.75.png,generated_dot_corrupt_0.75,35529,0.75,710,False,0.3884439170360565,0.00033154746051877737,False,0.5332290852228303,7263.28564453125,10403.466796875,9801.87890625,9801.87890625,312.6105041503906
580,images/0580_generated_dot_corrupt_0.75.png,generated_dot_corrupt_0.75,39027,0.75,780,False,0.40001964569091797,0.0001963632821571082,False,0.4812353401094605,6320.92138671875,9816.607421875,9401.1005859375,9401.1005859375,265.7070617675781
581,images/0581_generated_dot_corrupt_0.75.png,generated_dot_corrupt_0.75,25428,0.75,508,False,0.32839131355285645,0.00014442566316574812,False,0.20445660672400312,6645.9111328125,9871.9052734375,9336.8603515625,9336.8603515625,270.8492431640625
582,images/0582_generated_dot_corrupt_0.75.png,generated_dot_corrupt_0.75,42304,0.75,846,False,0.36865925788879395,0.0006338714738376439,False,0.5664581704456607,7620.54443359375,10799.830078125,10017.9248046875,10017.9248046875,252.14065551757812
583,images/0583_generated_dot_corrupt_0.75.png,generated_dot_corrupt_0.75,35299,0.75,705,False,0.38732993602752686,0.000344619998941198,False,0.5371383893666927,6222.69091796875,9225.90625,8981.806640625,8981.806640625,253.51333618164062
584,images/0584_generated_dot_corrupt_0.75.png,generated_dot_corrupt_0.75,30439,0.75,608,False,0.36359959840774536,0.0006610120763070881,False,0.5492572322126661,6029.38427734375,9194.703125,8884.34375,8884.34375,298.5638732910156
585,images/0585_generated_dot_corrupt_0.75.png,generated_dot_corrupt_0.75,4134,0.75,82,False,0.3931039273738861,0.001998559106141329,False,0.7404222048475371,5440.0869140625,8426.451171875,8071.849609375,8071.849609375,254.5396270751953
586,images/0586_generated_dot_corrupt_0.75.png,generated_dot_corrupt_0.75,37986,0.75,759,False,0.3610415458679199,0.00031828644569031894,False,0.4167318217357311,6108.98486328125,9635.7119140625,9193.08203125,9193.08203125,316.3731384277344
587,images/0587_generated_dot_corrupt_0.75.png,generated_dot_corrupt_0.75,36633,0.75,732,False,0.30065178871154785,0.00021694069437216967,False,0.18295543393275998,6399.353515625,9796.853515625,9380.796875,9380.796875,309.59185791015625
588,images/0588_generated_dot_corrupt_0.75.png,generated_dot_corrupt_0.75,41576,0.75,831,False,0.3630322515964508,0.0004447816463652998,False,0.4863174354964816,7182.5244140625,10231.03125,9657.443359375,9657.443359375,254.69406127929688
589,images/0589_generated_dot_corrupt_0.75.png,generated_dot_corrupt_0.75,28328,0.75,566,False,0.36594775319099426,0.00030329739092849195,False,0.42885066458170445,6289.54443359375,9047.681640625,8680.208984375,8680.208984375,256.47857666015625
590,images/0590_generated_dot_corrupt_0.75.png,generated_dot_corrupt_0.75,24266,0.75,485,False,0.38400810956954956,0.00033119774889200926,False,0.5168100078186082,6872.4501953125,9965.4326171875,9468.1357421875,9468.1357421875,283.62091064453125
591,images/0591_generated_dot_corrupt_0.75.png,generated_dot_corrupt_0.75,11578,0.75,231,False,0.3342759311199188,0.0015320914098992944,False,0.5046911649726349,6076.6865234375,8969.0810546875,8715.78515625,8715.78515625,257.0691223144531
592,images/0592_generated_dot_corrupt_0.75.png,generated_dot_corrupt_0.75,5354,0.75,107,False,0.41330385208129883,0.0003700180968735367,False,0.6149335418295543,7995.6845703125,11028.251953125,10335.31640625,10335.31640625,317.1580810546875
593,images/0593_generated_dot_corrupt_0.75.png,generated_dot_corrupt_0.75,45031,0.75,900,False,0.337777316570282,0.0002701274352148175,False,0.3135261923377639,6411.13525390625,9907.416015625,9411.8486328125,9411.8486328125,262.4078674316406
594,images/0594_generated_dot_corrupt_0.75.png,generated_dot_corrupt_0.75,4663,0.75,93,False,0.3994225263595581,0.00025047356029972434,False,0.5175918686473808,5882.91015625,8730.494140625,8348.3896484375,8348.3896484375,254.9176025390625
595,images/0595_generated_dot_corrupt_0.75.png,generated_dot_corrupt_0.75,17115,0.75,342,False,0.3246801793575287,0.00586321484297514,False,0.54573885848319,5558.8271484375,8554.0,8311.494140625,8311.494140625,255.41513061523438
596,images/0596_generated_dot_corrupt_0.75.png,generated_dot_corrupt_0.75,30819,0.75,616,False,0.3947840631008148,0.0005727212410420179,False,0.6497263487099296,6832.9912109375,9509.390625,9053.427734375,9053.427734375,282.70574951171875
597,images/0597_generated_dot_corrupt_0.75.png,generated_dot_corrupt_0.75,1587,0.75,31,False,0.37434735894203186,0.0006458531133830547,False,0.5922595777951525,6455.81298828125,9469.029296875,9063.322265625,9063.322265625,286.1304931640625
598,images/0598_generated_dot_corrupt_0.75.png,generated_dot_corrupt_0.75,10676,0.75,213,False,0.3731488287448883,0.0021395182702690363,False,0.6739640344018765,6126.58837890625,9183.37890625,8823.6708984375,8823.6708984375,259.7606506347656
599,images/0599_generated_dot_corrupt_0.75.png,generated_dot_corrupt_0.75,45917,0.75,918,False,0.434245228767395,0.0002677749143913388,False,0.571931196247068,5854.01220703125,8689.9404296875,8379.7890625,8379.7890625,288.3724060058594
600,images/0600_generated_dot_corrupt_0.75.png,generated_dot_corrupt_0.75,25878,0.75,517,False,0.41589394211769104,0.000151849802932702,False,0.48827208756841284,6683.650390625,10059.873046875,9277.642578125,9277.642578125,260.9506530761719
601,images/0601_generated_dot_corrupt_0.75.png,generated_dot_corrupt_0.75,17262,0.75,345,False,0.36732563376426697,0.0009030091459862888,False,0.5961688819390148,5841.00927734375,8726.8486328125,8398.099609375,8398.099609375,247.56167602539062
602,images/0602_generated_dot_corrupt_0.75.png,generated_dot_corrupt_0.75,16713,0.75,334,False,0.33761003613471985,0.003877731040120125,False,0.568803752931978,5980.1787109375,8907.939453125,8660.7451171875,8660.7451171875,251.3115997314453
603,images/0603_generated_dot_corrupt_0.75.png,generated_dot_corrupt_0.75,23369,0.75,467,False,0.4170759618282318,0.00013357307761907578,False,0.47615324472243936,5122.0166015625,7859.3173828125,7533.37646484375,7533.37646484375,249.99850463867188
604,images/0604_generated_dot_corrupt_0.75.png,generated_dot_corrupt_0.75,9717,0.75,194,False,0.35086649656295776,0.001664566108956933,False,0.5672400312744331,6070.4912109375,9065.94140625,8648.4052734375,8648.4052734375,259.10382080078125
605,images/0605_generated_dot_corrupt_0.75.png,generated_dot_corrupt_0.75,4768,0.75,95,False,0.4099974036216736,0.0003465660265646875,False,0.5969507427677874,5954.765625,9264.13671875,8854.16796875,8854.16796875,254.51319885253906
606,images/0606_generated_dot_corrupt_0.75.png,generated_dot_corrupt_0.75,22015,0.75,440,False,0.34793686866760254,0.0005743933143094182,False,0.4687255668491008,6417.9501953125,9265.0693359375,8862.697265625,8862.697265625,251.01890563964844
607,images/0607_generated_dot_corrupt_0.75.png,generated_dot_corrupt_0.75,3775,0.75,75,False,0.3765617311000824,0.0016697143437340856,False,0.6724003127443315,5907.21875,8946.99609375,8679.671875,8679.671875,290.7777099609375
608,images/0608_generated_dot_corrupt_0.75.png,generated_dot_corrupt_0.75,38296,0.75,765,False,0.33389031887054443,0.0006770031177438796,False,0.44800625488663015,6442.35205078125,9273.96875,8882.9697265625,8882.9697265625,254.19924926757812
609,images/0609_generated_dot_corrupt_0.75.png,generated_dot_corrupt_0.75,17073,0.75,341,False,0.35344335436820984,0.003037945367395878,False,0.6121970289288506,5662.47509765625,8318.669921875,8132.646484375,8132.646484375,275.8232727050781
610,images/0610_generated_dot_corrupt_0.75.png,generated_dot_corrupt_0.75,27473,0.75,549,False,0.388688325881958,0.0004673852527048439,False,0.5961688819390148,7196.5341796875,10140.279296875,9393.8232421875,9393.8232421875,304.45648193359375
611,images/0611_generated_dot_corrupt_0.75.png,generated_dot_corrupt_0.75,25626,0.75,512,False,0.38554152846336365,0.0003769184404518455,False,0.5484753713838937,7487.8173828125,10415.869140625,9708.443359375,9708.443359375,303.4696350097656
612,images/0612_generated_dot_corrupt_0.75.png,generated_dot_corrupt_0.75,22148,0.75,442,False,0.3687039911746979,0.00012852874351665378,False,0.3389366692728694,6814.4677734375,9963.09765625,9534.5341796875,9534.5341796875,253.23983764648438
613,images/0613_generated_dot_corrupt_0.75.png,generated_dot_corrupt_0.75,39283,0.75,785,False,0.37098515033721924,0.0004756306007038802,False,0.5336200156372166,6344.0927734375,9443.4970703125,9054.234375,9054.234375,331.43902587890625
614,images/0614_generated_dot_corrupt_0.75.png,generated_dot_corrupt_0.75,46213,0.75,924,False,0.37456560134887695,0.0002178883005399257,False,0.41946833463643474,5648.34375,8802.45703125,8431.5107421875,8431.5107421875,270.9009704589844
615,images/0615_generated_dot_corrupt_0.75.png,generated_dot_corrupt_0.75,48573,0.75,971,False,0.3308476209640503,0.0004911914584226906,False,0.3940578577013292,6650.2431640625,9430.8193359375,8852.30859375,8852.30859375,263.7112121582031
616,images/0616_generated_dot_corrupt_0.75.png,generated_dot_corrupt_0.75,40065,0.75,801,False,0.3671358823776245,0.0002901392581406981,False,0.42650508209538707,6062.9951171875,9040.58984375,8676.87109375,8676.87109375,293.0262451171875
617,images/0617_generated_dot_corrupt_0.75.png,generated_dot_corrupt_0.75,47256,0.75,945,False,0.391739159822464,0.0003567988460417837,False,0.5609851446442533,7256.4013671875,9955.330078125,9254.5283203125,9254.5283203125,302.4691162109375
618,images/0618_generated_dot_corrupt_0.75.png,generated_dot_corrupt_0.75,22470,0.75,449,False,0.3698362410068512,0.00013249949552118778,False,0.34675527756059427,5948.806640625,8932.4169921875,8714.6552734375,8714.6552734375,254.37257385253906
619,images/0619_generated_dot_corrupt_0.75.png,generated_dot_corrupt_0.75,44139,0.75,882,False,0.3563326895236969,0.00032739737071096897,False,0.40539483971853013,6666.78955078125,9387.390625,8869.6279296875,8869.6279296875,249.8672637939453
620,images/0620_generated_dot_corrupt_0.75.png,generated_dot_corrupt_0.75,44407,0.75,888,False,0.33220669627189636,0.0003156792954541743,False,0.3127443315089914,6082.63916015625,9150.6171875,8746.240234375,8746.240234375,307.1738586425781
621,images/0621_generated_dot_corrupt_0.75.png,generated_dot_corrupt_0.75,34854,0.75,697,False,0.34320029616355896,0.0003393848310224712,False,0.36591086786551996,6133.1845703125,9122.1640625,8659.646484375,8659.646484375,275.5470275878906
622,images/0622_generated_dot_corrupt_0.75.png,generated_dot_corrupt_0.75,20630,0.75,412,False,0.411016047000885,0.0009021533187478781,False,0.7298670836591087,6588.08740234375,9068.02734375,8753.4755859375,8753.4755859375,267.96221923828125
623,images/0623_generated_dot_corrupt_0.75.png,generated_dot_corrupt_0.75,21675,0.75,433,False,0.3186276853084564,0.00019724883895833045,False,0.2001563721657545,6366.7412109375,9046.7109375,8679.537109375,8679.537109375,287.67401123046875
624,images/0624_generated_dot_corrupt_0.75.png,generated_dot_corrupt_0.75,17150,0.75,343,False,0.34781020879745483,0.00044478228664956987,False,0.42611415168100075,5811.0146484375,8769.212890625,8519.599609375,8519.599609375,251.42808532714844
625,images/0625_generated_dot_corrupt_0.75.png,generated_dot_corrupt_0.75,31966,0.75,639,False,0.38447630405426025,0.0005076443194411695,False,0.5957779515246286,6813.9296875,9886.310546875,9493.3583984375,9493.3583984375,248.98373413085938
626,images/0626_generated_dot_corrupt_0.75.png,generated_dot_corrupt_0.75,37633,0.75,752,False,0.40384429693222046,7.624411955475807e-05,False,0.43158717748240816,6132.58984375,9162.92578125,8834.6162109375,8834.6162109375,290.6473083496094
627,images/0627_generated_dot_corrupt_0.75.png,generated_dot_corrupt_0.75,27959,0.75,559,False,0.3617348074913025,0.0005448907613754272,False,0.5191555903049258,6757.89306640625,9487.5419921875,8901.892578125,8901.892578125,291.68670654296875
628,images/0628_generated_dot_corrupt_0.75.png,generated_dot_corrupt_0.75,7785,0.75,155,False,0.36857691407203674,0.0006151791894808412,False,0.5617670054730258,6021.22705078125,9082.546875,8855.2236328125,8855.2236328125,261.57342529296875
629,images/0629_generated_dot_corrupt_0.75.png,generated_dot_corrupt_0.75,41103,0.75,822,False,0.2992648780345917,0.0003837741387542337,False,0.2759968725566849,5695.68603515625,8329.892578125,7962.916015625,7962.916015625,251.8060302734375
630,images/0630_generated_dot_corrupt_0.75.png,generated_dot_corrupt_0.75,31860,0.75,637,False,0.44551703333854675,0.00041979525121860206,False,0.6587177482408132,6227.529296875,8957.5009765625,8765.6171875,8765.6171875,254.07083129882812
631,images/0631_generated_dot_corrupt_0.75.png,generated_dot_corrupt_0.75,2555,0.75,51,False,0.38969603180885315,0.0002071624476229772,False,0.4605160281469899,5774.81396484375,8487.4248046875,7879.9072265625,7879.9072265625,328.36370849609375
632,images/0632_generated_dot_corrupt_0.75.png,generated_dot_corrupt_0.75,28631,0.75,572,False,0.35060495138168335,0.000648797838948667,False,0.49609069585613763,6663.18115234375,9629.6884765625,9156.095703125,9156.095703125,255.04147338867188
633,images/0633_generated_dot_corrupt_0.75.png,generated_dot_corrupt_0.75,26054,0.75,521,False,0.37492844462394714,0.0002559651911724359,False,0.4433150899139953,6801.955078125,9648.388671875,9161.7236328125,9161.7236328125,263.5015869140625
634,images/0634_generated_dot_corrupt_0.75.png,generated_dot_corrupt_0.75,6897,0.75,137,False,0.31292974948883057,0.00045036585652269423,False,0.3236903831118061,5903.81396484375,9036.01171875,8797.2412109375,8797.2412109375,247.99671936035156
635,images/0635_generated_dot_corrupt_0.75.png,generated_dot_corrupt_0.75,3275,0.75,65,False,0.3617531359195709,0.0073277088813483715,False,0.6841282251759186,6382.7021484375,9027.5537109375,8443.388671875,8443.388671875,258.2746276855469
636,images/0636_generated_dot_corrupt_0.75.png,generated_dot_corrupt_0.75,40160,0.75,803,False,0.3945964276790619,0.0002412867033854127,False,0.5046911649726349,6193.8935546875,9166.2353515625,8990.154296875,8990.154296875,251.96817016601562
637,images/0637_generated_dot_corrupt_0.75.png,generated_dot_corrupt_0.75,19977,0.75,399,False,0.3847399652004242,0.00039865000871941447,False,0.5512118842845973,7453.51708984375,10755.400390625,10099.25,10099.25,263.63641357421875
638,images/0638_generated_dot_corrupt_0.75.png,generated_dot_corrupt_0.75,3313,0.75,66,False,0.3903324604034424,0.005495164543390274,False,0.7799061767005473,5768.18798828125,8355.0703125,8029.45166015625,8029.45166015625,264.588623046875
639,images/0639_generated_dot_corrupt_0.75.png,generated_dot_corrupt_0.75,40057,0.75,801,False,0.413511723279953,0.0002857735089492053,False,0.565285379202502,6064.1669921875,9041.76171875,8645.39453125,8645.39453125,265.69598388671875
640,images/0640_generated_direct_corrupt_0.25.png,generated_direct_corrupt_0.25,41468,0.25,829,False,0.36732473969459534,0.00014500270481221378,False,0.3416731821735731,3138.73095703125,5972.11328125,5791.4697265625,5791.4697265625,256.6096496582031
641,images/0641_generated_direct_corrupt_0.25.png,generated_direct_corrupt_0.25,29514,0.25,590,False,0.3189525306224823,0.00024276408657897264,False,0.23573103987490227,4193.8896484375,7329.701171875,6657.0224609375,6657.0224609375,246.78089904785156
642,images/0642_generated_direct_corrupt_0.25.png,generated_direct_corrupt_0.25,36951,0.25,739,False,0.3858513832092285,0.00035637570545077324,False,0.5383111806098514,3537.72119140625,6088.3896484375,5771.943359375,5771.943359375,251.48121643066406
643,images/0643_generated_direct_corrupt_0.25.png,generated_direct_corrupt_0.25,35529,0.25,710,False,0.3811364471912384,0.0003448840288911015,False,0.5160281469898358,4004.943603515625,7145.125,6528.3095703125,6528.3095703125,317.4149169921875
644,images/0644_generated_direct_corrupt_0.25.png,generated_direct_corrupt_0.25,39027,0.25,780,False,0.3739785850048065,0.00013691581261809915,False,0.3666927286942924,3590.372802734375,7086.05859375,6642.10693359375,6642.10693359375,251.2401580810547
645,images/0645_generated_direct_corrupt_0.25.png,generated_direct_corrupt_0.25,25428,0.25,508,False,0.3212635815143585,0.0001506988046457991,False,0.1892103205629398,3662.7109375,6888.705078125,6353.802734375,6353.802734375,267.76849365234375
646,images/0646_generated_direct_corrupt_0.25.png,generated_direct_corrupt_0.25,42304,0.25,846,False,0.33925384283065796,0.00017248789663426578,False,0.2560594214229867,4860.8681640625,8040.1533203125,7241.36181640625,7241.36181640625,222.96340942382812
647,images/0647_generated_direct_corrupt_0.25.png,generated_direct_corrupt_0.25,35299,0.25,705,False,0.3981567919254303,0.00026189061463810503,False,0.5230648944487881,3708.238037109375,6711.453125,6441.55322265625,6441.55322265625,240.7186279296875
648,images/0648_generated_direct_corrupt_0.25.png,generated_direct_corrupt_0.25,30439,0.25,608,False,0.32052746415138245,0.0012564128264784813,False,0.45308835027365124,2991.6435546875,6156.962890625,5876.427734375,5876.427734375,294.7330322265625
649,images/0649_generated_direct_corrupt_0.25.png,generated_direct_corrupt_0.25,4134,0.25,82,False,0.3404577970504761,0.006462195422500372,False,0.6059421422986708,2845.466064453125,5831.8310546875,5451.6123046875,5451.6123046875,241.27960205078125
650,images/0650_generated_direct_corrupt_0.25.png,generated_direct_corrupt_0.25,37986,0.25,759,False,0.37511518597602844,0.00025759031996130943,False,0.4464425332290852,2999.525634765625,6526.2529296875,6084.9716796875,6084.9716796875,306.1124267578125
651,images/0651_generated_direct_corrupt_0.25.png,generated_direct_corrupt_0.25,36633,0.25,732,False,0.335197389125824,0.00022756429098080844,False,0.27834245504300237,3422.33251953125,6819.83251953125,6406.1904296875,6406.1904296875,318.9516296386719
652,images/0652_generated_direct_corrupt_0.25.png,generated_direct_corrupt_0.25,41576,0.25,831,False,0.3179955780506134,0.00036999175790697336,False,0.3076622361219703,4197.3896484375,7245.896484375,6679.5947265625,6679.5947265625,248.03152465820312
653,images/0653_generated_direct_corrupt_0.25.png,generated_direct_corrupt_0.25,28328,0.25,566,False,0.36411231756210327,0.0002693956485018134,False,0.40539483971853013,3717.71826171875,6475.85546875,6110.013671875,6110.013671875,245.15037536621094
654,images/0654_generated_direct_corrupt_0.25.png,generated_direct_corrupt_0.25,24266,0.25,485,False,0.32910236716270447,0.0003686603740788996,False,0.3420641125879593,3701.046142578125,6794.0283203125,6280.966796875,6280.966796875,289.05133056640625
655,images/0655_generated_direct_corrupt_0.25.png,generated_direct_corrupt_0.25,11578,0.25,231,False,0.36332714557647705,0.002146143466234207,False,0.6301798279906177,3561.5537109375,6453.9482421875,6202.572265625,6202.572265625,246.07760620117188
656,images/0656_generated_direct_corrupt_0.25.png,generated_direct_corrupt_0.25,5354,0.25,107,False,0.4616856575012207,0.0007572266040369868,False,0.7482408131352619,3832.67333984375,6865.2412109375,6144.59716796875,6144.59716796875,333.5116271972656
657,images/0657_generated_direct_corrupt_0.25.png,generated_direct_corrupt_0.25,45031,0.25,900,False,0.35353198647499084,0.00024068972561508417,False,0.34792806880375293,3438.843994140625,6935.125,6445.7490234375,6445.7490234375,247.3352813720703
658,images/0658_generated_direct_corrupt_0.25.png,generated_direct_corrupt_0.25,4663,0.25,93,False,0.3736788332462311,0.0005735823651775718,False,0.5758405003909304,3322.060546875,6169.64501953125,5785.69921875,5785.69921875,235.3146514892578
659,images/0659_generated_direct_corrupt_0.25.png,generated_direct_corrupt_0.25,17115,0.25,342,False,0.32219982147216797,0.004977901466190815,False,0.5324472243940579,2983.602294921875,5978.7744140625,5729.86279296875,5729.86279296875,250.5196990966797
660,images/0660_generated_direct_corrupt_0.25.png,generated_direct_corrupt_0.25,30819,0.25,616,False,0.3937920033931732,0.000506738608237356,False,0.6270523846755278,3931.149169921875,6607.548828125,6105.04931640625,6105.04931640625,294.05096435546875
661,images/0661_generated_direct_corrupt_0.25.png,generated_direct_corrupt_0.25,1587,0.25,31,False,0.3599146008491516,0.0003797264362219721,False,0.4499609069585614,3433.57421875,6446.79052734375,6053.173828125,6053.173828125,280.5775146484375
662,images/0662_generated_direct_corrupt_0.25.png,generated_direct_corrupt_0.25,10676,0.25,213,False,0.39747050404548645,0.0015538911102339625,False,0.7329945269741986,3239.47998046875,6296.2705078125,5950.107421875,5950.107421875,261.04510498046875
663,images/0663_generated_direct_corrupt_0.25.png,generated_direct_corrupt_0.25,45917,0.25,918,False,0.40047651529312134,0.00028278224635869265,False,0.5410476935105551,3264.1708984375,6100.0986328125,5816.4951171875,5816.4951171875,271.9833068847656
664,images/0664_generated_direct_corrupt_0.25.png,generated_direct_corrupt_0.25,25878,0.25,517,False,0.3965618312358856,0.0001149624222307466,False,0.43236903831118056,4012.07568359375,7388.298828125,6596.31298828125,6596.31298828125,246.52359008789062
665,images/0665_generated_direct_corrupt_0.25.png,generated_direct_corrupt_0.25,17262,0.25,345,False,0.38745278120040894,0.0007621441618539393,False,0.6637998436278343,3422.48876953125,6308.328125,5991.60205078125,5991.60205078125,224.66664123535156
666,images/0666_generated_direct_corrupt_0.25.png,generated_direct_corrupt_0.25,16713,0.25,334,False,0.3406665027141571,0.0032890683505684137,False,0.5734949179046129,3508.255859375,6436.01708984375,6183.578125,6183.578125,226.8657989501953
667,images/0667_generated_direct_corrupt_0.25.png,generated_direct_corrupt_0.25,23369,0.25,467,False,0.42211365699768066,0.00010676901729311794,False,0.4683346364347146,2825.11181640625,5562.4130859375,5222.154296875,5222.154296875,227.91778564453125
668,images/0668_generated_direct_corrupt_0.25.png,generated_direct_corrupt_0.25,9717,0.25,194,False,0.3474864661693573,0.001322910189628601,False,0.5347928068803753,3231.697265625,6227.14794921875,5808.4677734375,5808.4677734375,254.78245544433594
669,images/0669_generated_direct_corrupt_0.25.png,generated_direct_corrupt_0.25,4768,0.25,95,False,0.4195387065410614,0.00026167460600845516,False,0.5578577013291635,3007.389892578125,6316.7607421875,5921.5283203125,5921.5283203125,244.2488250732422
670,images/0670_generated_direct_corrupt_0.25.png,generated_direct_corrupt_0.25,22015,0.25,440,False,0.37197160720825195,0.0006292231264524162,False,0.5789679437060203,3871.923828125,6719.04296875,6321.1533203125,6321.1533203125,236.98109436035156
671,images/0671_generated_direct_corrupt_0.25.png,generated_direct_corrupt_0.25,3775,0.25,75,False,0.4098437428474426,0.0007374970009550452,False,0.7154026583268178,2948.3427734375,5988.12060546875,5710.263671875,5710.263671875,290.6004333496094
672,images/0672_generated_direct_corrupt_0.25.png,generated_direct_corrupt_0.25,38296,0.25,765,False,0.3697968125343323,0.0006084096967242658,False,0.5660672400312745,3707.7900390625,6539.40625,6148.8603515625,6148.8603515625,240.80386352539062
673,images/0673_generated_direct_corrupt_0.25.png,generated_direct_corrupt_0.25,17073,0.25,341,False,0.2901211977005005,0.0017610384384170175,False,0.41008600469116496,2744.423583984375,5400.6181640625,5230.30859375,5230.30859375,285.64996337890625
674,images/0674_generated_direct_corrupt_0.25.png,generated_direct_corrupt_0.25,27473,0.25,549,False,0.4388398230075836,0.0004074046737514436,False,0.6462079749804535,4126.69873046875,7070.443359375,6348.78369140625,6348.78369140625,304.87786865234375
675,images/0675_generated_direct_corrupt_0.25.png,generated_direct_corrupt_0.25,25626,0.25,512,False,0.3341410756111145,0.00030846905428916216,False,0.31821735731039874,3922.45166015625,6850.50390625,6146.0048828125,6146.0048828125,311.3026428222656
676,images/0676_generated_direct_corrupt_0.25.png,generated_direct_corrupt_0.25,22148,0.25,442,False,0.3424741327762604,8.481023542117327e-05,False,0.2247849882720876,4022.997802734375,7171.626953125,6738.30908203125,6738.30908203125,241.240478515625
677,images/0677_generated_direct_corrupt_0.25.png,generated_direct_corrupt_0.25,39283,0.25,785,False,0.32766008377075195,0.00047718529822304845,False,0.3792025019546521,3467.07080078125,6566.4755859375,6189.1279296875,6189.1279296875,304.2659606933594
678,images/0678_generated_direct_corrupt_0.25.png,generated_direct_corrupt_0.25,46213,0.25,924,False,0.3478521704673767,0.00021284280228428543,False,0.3049257232212666,2860.73974609375,6014.853515625,5625.4765625,5625.4765625,263.2370910644531
679,images/0679_generated_direct_corrupt_0.25.png,generated_direct_corrupt_0.25,48573,0.25,971,False,0.3504420518875122,0.0005249359528534114,False,0.4683346364347146,3804.8623046875,6585.4384765625,5966.38671875,5966.38671875,266.1785888671875
680,images/0680_generated_direct_corrupt_0.25.png,generated_direct_corrupt_0.25,40065,0.25,801,False,0.3677317202091217,0.0006178810144774616,False,0.5570758405003909,3177.887939453125,6155.482421875,5791.29833984375,5791.29833984375,280.9932556152344
681,images/0681_generated_direct_corrupt_0.25.png,generated_direct_corrupt_0.25,47256,0.25,945,False,0.37575286626815796,0.0002994899405166507,False,0.4683346364347146,3966.802734375,6665.73095703125,6016.6123046875,6016.6123046875,304.26605224609375
682,images/0682_generated_direct_corrupt_0.25.png,generated_direct_corrupt_0.25,22470,0.25,449,False,0.37152984738349915,8.411018643528223e-05,False,0.33189992181391714,3369.77685546875,6353.38720703125,6136.841796875,6136.841796875,236.02244567871094
683,images/0683_generated_direct_corrupt_0.25.png,generated_direct_corrupt_0.25,44139,0.25,882,False,0.3436095118522644,0.00045282355858944356,False,0.42064112587959346,4078.203125,6798.80419921875,6271.76416015625,6271.76416015625,234.5574188232422
684,images/0684_generated_direct_corrupt_0.25.png,generated_direct_corrupt_0.25,44407,0.25,888,False,0.33513107895851135,0.0003262791724409908,False,0.33346364347146207,3126.898681640625,6194.876953125,5809.1162109375,5809.1162109375,320.3497314453125
685,images/0685_generated_direct_corrupt_0.25.png,generated_direct_corrupt_0.25,34854,0.25,697,False,0.31298890709877014,0.00034786100150085986,False,0.2814698983580922,3183.091552734375,6172.0712890625,5745.0849609375,5745.0849609375,282.7542724609375
686,images/0686_generated_direct_corrupt_0.25.png,generated_direct_corrupt_0.25,20630,0.25,412,False,0.3762480318546295,0.0035579693503677845,False,0.7103205629397967,3922.463623046875,6402.4033203125,6057.9130859375,6057.9130859375,255.7025146484375
687,images/0687_generated_direct_corrupt_0.25.png,generated_direct_corrupt_0.25,21675,0.25,433,False,0.3022408187389374,0.00020917457004543394,False,0.1810007818608288,3593.208740234375,6273.177734375,5901.5615234375,5901.5615234375,280.3312072753906
688,images/0688_generated_direct_corrupt_0.25.png,generated_direct_corrupt_0.25,17150,0.25,343,False,0.3166162371635437,0.0005224475171416998,False,0.3639562157935887,3274.20263671875,6232.40087890625,5969.87548828125,5969.87548828125,252.00376892089844
689,images/0689_generated_direct_corrupt_0.25.png,generated_direct_corrupt_0.25,31966,0.25,639,False,0.3897332549095154,0.0006421186844818294,False,0.6442533229085222,4151.8818359375,7224.2626953125,6835.3466796875,6835.3466796875,222.84255981445312
690,images/0690_generated_direct_corrupt_0.25.png,generated_direct_corrupt_0.25,37633,0.25,752,False,0.3812694847583771,5.902338307350874e-05,False,0.36473807662236124,3230.9482421875,6261.2841796875,5918.4072265625,5918.4072265625,289.5175476074219
691,images/0691_generated_direct_corrupt_0.25.png,generated_direct_corrupt_0.25,27959,0.25,559,False,0.3198806345462799,0.0006010456127114594,False,0.3893666927286943,3967.236328125,6696.88525390625,6101.31640625,6101.31640625,268.9512023925781
692,images/0692_generated_direct_corrupt_0.25.png,generated_direct_corrupt_0.25,7785,0.25,155,False,0.4082418382167816,0.000685767678078264,False,0.7005473025801408,3385.282470703125,6446.6025390625,6209.66796875,6209.66796875,257.818115234375
693,images/0693_generated_direct_corrupt_0.25.png,generated_direct_corrupt_0.25,41103,0.25,822,False,0.3272644281387329,0.0004169874300714582,False,0.3557466770914777,3318.53662109375,5952.7431640625,5574.1494140625,5574.1494140625,230.55470275878906
694,images/0694_generated_direct_corrupt_0.25.png,generated_direct_corrupt_0.25,31860,0.25,637,False,0.42973074316978455,0.0013385056518018246,False,0.7677873338545739,3607.7421875,6337.7138671875,6112.5556640625,6112.5556640625,247.75112915039062
695,images/0695_generated_direct_corrupt_0.25.png,generated_direct_corrupt_0.25,2555,0.25,51,False,0.331698477268219,0.0002186017227359116,False,0.2587959343236904,2923.18603515625,5635.796875,5082.35205078125,5082.35205078125,301.0691223144531
696,images/0696_generated_direct_corrupt_0.25.png,generated_direct_corrupt_0.25,28631,0.25,572,False,0.29414039850234985,0.00043883550097234547,False,0.2806880375293198,3846.865966796875,6813.373046875,6334.119140625,6334.119140625,243.5135955810547
697,images/0697_generated_direct_corrupt_0.25.png,generated_direct_corrupt_0.25,26054,0.25,521,False,0.3570905923843384,0.0002034931385423988,False,0.3315089913995309,4112.47119140625,6958.9052734375,6464.73876953125,6464.73876953125,248.16004943847656
698,images/0698_generated_direct_corrupt_0.25.png,generated_direct_corrupt_0.25,6897,0.25,137,False,0.320764422416687,0.0016182569088414311,False,0.47068021892103207,3315.83837890625,6448.0361328125,6197.0126953125,6197.0126953125,226.33631896972656
699,images/0699_generated_direct_corrupt_0.25.png,generated_direct_corrupt_0.25,3275,0.25,65,False,0.4020650088787079,0.002107808133587241,False,0.7623143080531665,3560.09814453125,6204.9501953125,5621.6240234375,5621.6240234375,243.57162475585938
700,images/0700_generated_direct_corrupt_0.25.png,generated_direct_corrupt_0.25,40160,0.25,803,False,0.4032999575138092,0.00020744219364132732,False,0.49491790461297885,3546.024169921875,6518.3662109375,6324.43798828125,6324.43798828125,237.44842529296875
701,images/0701_generated_direct_corrupt_0.25.png,generated_direct_corrupt_0.25,19977,0.25,399,False,0.3712031841278076,0.00028811421361751854,False,0.44448788115715404,4348.0576171875,7649.94140625,6983.3427734375,6983.3427734375,262.3004150390625
702,images/0702_generated_direct_corrupt_0.25.png,generated_direct_corrupt_0.25,3313,0.25,66,False,0.3734437823295593,0.002469419501721859,False,0.6876465989053948,2926.3037109375,5513.185546875,5164.466796875,5164.466796875,267.01336669921875
703,images/0703_generated_direct_corrupt_0.25.png,generated_direct_corrupt_0.25,40057,0.25,801,False,0.35805004835128784,0.00032404964440502226,False,0.4112587959343237,3315.2734375,6292.8681640625,5924.70361328125,5924.70361328125,251.1355438232422
704,images/0704_generated_direct_corrupt_0.75.png,generated_direct_corrupt_0.75,41468,0.75,829,False,0.3543795049190521,0.00016938860062509775,False,0.30414386239249414,5618.16455078125,8451.546875,8279.908203125,8279.908203125,268.4674377441406
705,images/0705_generated_direct_corrupt_0.75.png,generated_direct_corrupt_0.75,29514,0.75,590,False,0.33204615116119385,0.0007183455163612962,False,0.4511336982017201,7423.2197265625,10559.03125,9883.212890625,9883.212890625,264.42279052734375
706,images/0706_generated_direct_corrupt_0.75.png,generated_direct_corrupt_0.75,36951,0.75,739,False,0.34555214643478394,0.0003525055362842977,False,0.38193901485535575,6192.427734375,8743.0966796875,8387.7734375,8387.7734375,272.8486328125
707,images/0707_generated_direct_corrupt_0.75.png,generated_direct_corrupt_0.75,35529,0.75,710,False,0.388217955827713,0.0003290079766884446,False,0.5281469898358092,7258.271484375,10398.453125,9802.3212890625,9802.3212890625,319.6115417480469
708,images/0708_generated_direct_corrupt_0.75.png,generated_direct_corrupt_0.75,39027,0.75,780,False,0.39919134974479675,0.00019471241103019565,False,0.4769351055512119,6335.02099609375,9830.70703125,9416.9921875,9416.9921875,265.6895446777344
709,images/0709_generated_direct_corrupt_0.75.png,generated_direct_corrupt_0.75,25428,0.75,508,False,0.32990562915802,0.0001443982037017122,False,0.20836591086786552,6638.478515625,9864.47265625,9333.787109375,9333.787109375,271.020751953125
710,images/0710_generated_direct_corrupt_0.75.png,generated_direct_corrupt_0.75,42304,0.75,846,False,0.3682180643081665,0.000629601941909641,False,0.5609851446442533,7631.38671875,10810.671875,10031.9111328125,10031.9111328125,252.46202087402344
711,images/0711_generated_direct_corrupt_0.75.png,generated_direct_corrupt_0.75,35299,0.75,705,False,0.3874654173851013,0.0003450170625001192,False,0.5387021110242377,6234.275390625,9237.490234375,8995.69921875,8995.69921875,253.2390594482422
712,images/0712_generated_direct_corrupt_0.75.png,generated_direct_corrupt_0.75,30439,0.75,608,False,0.3641560971736908,0.0006641849176958203,False,0.552384675527756,6045.806640625,9211.1259765625,8910.28515625,8910.28515625,292.5466003417969
713,images/0713_generated_direct_corrupt_0.75.png,generated_direct_corrupt_0.75,4134,0.75,82,False,0.39380669593811035,0.001989857293665409,False,0.7408131352619234,5444.76708984375,8431.1318359375,8079.55078125,8079.55078125,254.76466369628906
714,images/0714_generated_direct_corrupt_0.75.png,generated_direct_corrupt_0.75,37986,0.75,759,False,0.3612429201602936,0.00031934306025505066,False,0.42103205629397966,6128.48046875,9655.20703125,9218.896484375,9218.896484375,313.6258544921875
715,images/0715_generated_direct_corrupt_0.75.png,generated_direct_corrupt_0.75,36633,0.75,732,False,0.301033616065979,0.00021445377205964178,False,0.18295543393275998,6400.03857421875,9797.5390625,9387.3291015625,9387.3291015625,312.42340087890625
716,images/0716_generated_direct_corrupt_0.75.png,generated_direct_corrupt_0.75,41576,0.75,831,False,0.36346909403800964,0.0004442002682480961,False,0.48670836591086786,7189.064453125,10237.5712890625,9667.9423828125,9667.9423828125,254.60275268554688
717,images/0717_generated_direct_corrupt_0.75.png,generated_direct_corrupt_0.75,28328,0.75,566,False,0.36600807309150696,0.00030312506714835763,False,0.42845973416731825,6288.4453125,9046.5830078125,8680.01171875,8680.01171875,256.9761047363281
718,images/0718_generated_direct_corrupt_0.75.png,generated_direct_corrupt_0.75,24266,0.75,485,False,0.3846137523651123,0.00032974782516248524,False,0.5164190774042221,6890.5703125,9983.552734375,9488.4951171875,9488.4951171875,282.5264892578125
719,images/0719_generated_direct_corrupt_0.75.png,generated_direct_corrupt_0.75,11578,0.75,231,False,0.33429768681526184,0.0015336329815909266,False,0.5062548866301798,6079.8876953125,8972.2822265625,8721.0556640625,8721.0556640625,256.18341064453125
720,images/0720_generated_direct_corrupt_0.75.png,generated_direct_corrupt_0.75,5354,0.75,107,False,0.41046419739723206,0.00037463800981640816,False,0.6125879593432368,8001.0234375,11033.5908203125,10357.13671875,10357.13671875,328.3585205078125
721,images/0721_generated_direct_corrupt_0.75.png,generated_direct_corrupt_0.75,45031,0.75,900,False,0.337969034910202,0.00026846566470339894,False,0.3143080531665363,6417.35986328125,9913.640625,9423.609375,9423.609375,261.46514892578125
722,images/0722_generated_direct_corrupt_0.75.png,generated_direct_corrupt_0.75,4663,0.75,93,False,0.3991059958934784,0.0002516871609259397,False,0.5175918686473808,5881.97216796875,8729.556640625,8349.8330078125,8349.8330078125,255.8357696533203
723,images/0723_generated_direct_corrupt_0.75.png,generated_direct_corrupt_0.75,17115,0.75,342,False,0.3243294358253479,0.005828049033880234,False,0.5430023455824863,5559.830078125,8555.001953125,8314.5947265625,8314.5947265625,256.6846923828125
724,images/0724_generated_direct_corrupt_0.75.png,generated_direct_corrupt_0.75,30819,0.75,616,False,0.39354178309440613,0.0005760910571552813,False,0.6450351837372947,6821.1396484375,9497.5390625,9051.1826171875,9051.1826171875,291.5603942871094
725,images/0725_generated_direct_corrupt_0.75.png,generated_direct_corrupt_0.75,1587,0.75,31,False,0.3736400604248047,0.0006474190740846097,False,0.5914777169663801,6451.0234375,9464.240234375,9061.5263671875,9061.5263671875,288.89984130859375
726,images/0726_generated_direct_corrupt_0.75.png,generated_direct_corrupt_0.75,10676,0.75,213,False,0.3733505606651306,0.0021685899700969458,False,0.677873338545739,6123.6845703125,9180.4755859375,8824.599609375,8824.599609375,259.3084716796875
727,images/0727_generated_direct_corrupt_0.75.png,generated_direct_corrupt_0.75,45917,0.75,918,False,0.43383610248565674,0.0002673733397386968,False,0.5711493354182955,5860.2841796875,8696.2119140625,8388.134765625,8388.134765625,284.9371032714844
728,images/0728_generated_direct_corrupt_0.75.png,generated_direct_corrupt_0.75,25878,0.75,517,False,0.41428351402282715,0.00015262964006979018,False,0.4870992963252541,6691.3330078125,10067.556640625,9287.97265625,9287.97265625,262.3709411621094
729,images/0729_generated_direct_corrupt_0.75.png,generated_direct_corrupt_0.75,17262,0.75,345,False,0.36680564284324646,0.0009106111247092485,False,0.5953870211102423,5839.35693359375,8725.1962890625,8398.0693359375,8398.0693359375,247.78799438476562
730,images/0730_generated_direct_corrupt_0.75.png,generated_direct_corrupt_0.75,16713,0.75,334,False,0.33731794357299805,0.0038758565206080675,False,0.5656763096168882,5983.009765625,8910.771484375,8664.359375,8664.359375,251.3118896484375
731,images/0731_generated_direct_corrupt_0.75.png,generated_direct_corrupt_0.75,23369,0.75,467,False,0.4178132116794586,0.00013269990449771285,False,0.4769351055512119,5129.2783203125,7866.5791015625,7542.2578125,7542.2578125,250.36087036132812
732,images/0732_generated_direct_corrupt_0.75.png,generated_direct_corrupt_0.75,9717,0.75,194,False,0.3514406085014343,0.0016531429719179869,False,0.5715402658326818,6080.69580078125,9076.146484375,8661.466796875,8661.466796875,257.7348937988281
733,images/0733_generated_direct_corrupt_0.75.png,generated_direct_corrupt_0.75,4768,0.75,95,False,0.41102856397628784,0.0003462601744104177,False,0.5977326035965598,5957.27880859375,9266.6494140625,8860.6005859375,8860.6005859375,254.42648315429688
734,images/0734_generated_direct_corrupt_0.75.png,generated_direct_corrupt_0.75,22015,0.75,440,False,0.34886571764945984,0.0005741432541981339,False,0.4718530101641908,6421.65673828125,9268.775390625,8870.4658203125,8870.4658203125,250.38796997070312
735,images/0735_generated_direct_corrupt_0.75.png,generated_direct_corrupt_0.75,3775,0.75,75,False,0.3758029639720917,0.001656354172155261,False,0.6692728694292416,5911.96240234375,8951.740234375,8686.5205078125,8686.5205078125,292.7734069824219
736,images/0736_generated_direct_corrupt_0.75.png,generated_direct_corrupt_0.75,38296,0.75,765,False,0.33406078815460205,0.0006804231670685112,False,0.4511336982017201,6450.962890625,9282.5791015625,8893.482421875,8893.482421875,253.8156280517578
737,images/0737_generated_direct_corrupt_0.75.png,generated_direct_corrupt_0.75,17073,0.75,341,False,0.3590986728668213,0.003040720708668232,False,0.6329163408913213,5638.72265625,8294.9169921875,8118.9833984375,8118.9833984375,285.1648864746094
738,images/0738_generated_direct_corrupt_0.75.png,generated_direct_corrupt_0.75,27473,0.75,549,False,0.38877493143081665,0.00047001897473819554,False,0.5969507427677874,7195.55615234375,10139.30078125,9396.2119140625,9396.2119140625,303.7507629394531
739,images/0739_generated_direct_corrupt_0.75.png,generated_direct_corrupt_0.75,25626,0.75,512,False,0.3848351538181305,0.0003794445947278291,False,0.5480844409695074,7505.1142578125,10433.166015625,9729.8212890625,9729.8212890625,305.59185791015625
740,images/0740_generated_direct_corrupt_0.75.png,generated_direct_corrupt_0.75,22148,0.75,442,False,0.36830639839172363,0.00012758684169966727,False,0.3342455043002346,6822.4541015625,9971.083984375,9546.0517578125,9546.0517578125,253.56219482421875
741,images/0741_generated_direct_corrupt_0.75.png,generated_direct_corrupt_0.75,39283,0.75,785,False,0.3715646266937256,0.00047421673662029207,False,0.5351837372947615,6371.5771484375,9470.9814453125,9089.630859375,9089.630859375,321.65283203125
742,images/0742_generated_direct_corrupt_0.75.png,generated_direct_corrupt_0.75,46213,0.75,924,False,0.3747306168079376,0.00021666416432708502,False,0.4186864738076622,5653.0224609375,8807.13671875,8438.634765625,8438.634765625,270.4149475097656
743,images/0743_generated_direct_corrupt_0.75.png,generated_direct_corrupt_0.75,48573,0.75,971,False,0.3308262825012207,0.0004881405329797417,False,0.39288506645817045,6671.4921875,9452.068359375,8875.814453125,8875.814453125,263.3381042480469
744,images/0744_generated_direct_corrupt_0.75.png,generated_direct_corrupt_0.75,40065,0.75,801,False,0.3673992455005646,0.0002919126709457487,False,0.42885066458170445,6057.8564453125,9035.451171875,8674.595703125,8674.595703125,297.2550048828125
745,images/0745_generated_direct_corrupt_0.75.png,generated_direct_corrupt_0.75,47256,0.75,945,False,0.3914169669151306,0.0003586549137253314,False,0.5609851446442533,7258.884765625,9957.8125,9264.203125,9264.203125,300.0218811035156
746,images/0746_generated_direct_corrupt_0.75.png,generated_direct_corrupt_0.75,22470,0.75,449,False,0.3701208531856537,0.00013249932089820504,False,0.34714620797498047,5956.57763671875,8940.1875,8723.9814453125,8723.9814453125,253.5894012451172
747,images/0747_generated_direct_corrupt_0.75.png,generated_direct_corrupt_0.75,44139,0.75,882,False,0.3565961718559265,0.00032790773548185825,False,0.4061767005473026,6667.615234375,9388.216796875,8871.822265625,8871.822265625,250.20025634765625
748,images/0748_generated_direct_corrupt_0.75.png,generated_direct_corrupt_0.75,44407,0.75,888,False,0.3310275375843048,0.0003157306055072695,False,0.31000781860828774,6083.10693359375,9151.0849609375,8754.916015625,8754.916015625,306.0919494628906
749,images/0749_generated_direct_corrupt_0.75.png,generated_direct_corrupt_0.75,34854,0.75,697,False,0.34377381205558777,0.0003384872106835246,False,0.3694292415949961,6127.76123046875,9116.7412109375,8657.0625,8657.0625,276.4773864746094
750,images/0750_generated_direct_corrupt_0.75.png,generated_direct_corrupt_0.75,20630,0.75,412,False,0.41118741035461426,0.0009041201556101441,False,0.7322126661454261,6600.5712890625,9080.5107421875,8768.306640625,8768.306640625,268.7410583496094
751,images/0751_generated_direct_corrupt_0.75.png,generated_direct_corrupt_0.75,21675,0.75,433,False,0.3201960027217865,0.00019633074407465756,False,0.20602032838154807,6353.18359375,9033.15234375,8671.8203125,8671.8203125,295.96856689453125
752,images/0752_generated_direct_corrupt_0.75.png,generated_direct_corrupt_0.75,17150,0.75,343,False,0.3475012481212616,0.0004434203146956861,False,0.4222048475371384,5816.783203125,8774.9814453125,8528.208984375,8528.208984375,251.9550018310547
753,images/0753_generated_direct_corrupt_0.75.png,generated_direct_corrupt_0.75,31966,0.75,639,False,0.3837181627750397,0.0005082213901914656,False,0.5949960906958561,6815.7548828125,9888.1357421875,9496.515625,9496.515625,249.0240478515625
754,images/0754_generated_direct_corrupt_0.75.png,generated_direct_corrupt_0.75,37633,0.75,752,False,0.40347811579704285,7.681490387767553e-05,False,0.43158717748240816,6134.91357421875,9165.25,8839.203125,8839.203125,292.1652526855469
755,images/0755_generated_direct_corrupt_0.75.png,generated_direct_corrupt_0.75,27959,0.75,559,False,0.36149758100509644,0.0005404382245615125,False,0.516419077404222,6773.7861328125,9503.435546875,8922.037109375,8922.037109375,283.6180419921875
756,images/0756_generated_direct_corrupt_0.75.png,generated_direct_corrupt_0.75,7785,0.75,155,False,0.36843010783195496,0.0006168115069158375,False,0.5609851446442533,6033.7802734375,9095.1005859375,8869.5185546875,8869.5185546875,260.65618896484375
757,images/0757_generated_direct_corrupt_0.75.png,generated_direct_corrupt_0.75,41103,0.75,822,False,0.2991618812084198,0.0003852737136185169,False,0.27716966379984365,5697.7158203125,8331.921875,7966.47021484375,7966.47021484375,252.84767150878906
758,images/0758_generated_direct_corrupt_0.75.png,generated_direct_corrupt_0.75,31860,0.75,637,False,0.4455950856208801,0.00041632031206972897,False,0.6575449569976544,6231.6259765625,8961.59765625,8772.3095703125,8772.3095703125,254.0160675048828
759,images/0759_generated_direct_corrupt_0.75.png,generated_direct_corrupt_0.75,2555,0.75,51,False,0.3897487223148346,0.00020911269530188292,False,0.464034401876466,5809.6103515625,8522.220703125,7932.6669921875,7932.6669921875,314.6466369628906
760,images/0760_generated_direct_corrupt_0.75.png,generated_direct_corrupt_0.75,28631,0.75,572,False,0.3506532907485962,0.00064883753657341,False,0.4968725566849101,6673.916015625,9640.423828125,9169.447265625,9169.447265625,254.80682373046875
761,images/0761_generated_direct_corrupt_0.75.png,generated_direct_corrupt_0.75,26054,0.75,521,False,0.374525249004364,0.00025607147836126387,False,0.44175136825645034,6810.6181640625,9657.0517578125,9172.73828125,9172.73828125,262.7497253417969
762,images/0762_generated_direct_corrupt_0.75.png,generated_direct_corrupt_0.75,6897,0.75,137,False,0.31290653347969055,0.0004561110108625144,False,0.32564503518373733,5919.53125,9051.7294921875,8816.107421875,8816.107421875,247.92750549316406
763,images/0763_generated_direct_corrupt_0.75.png,generated_direct_corrupt_0.75,3275,0.75,65,False,0.36197906732559204,0.007288838736712933,False,0.6841282251759186,6383.88623046875,9028.73828125,8447.30078125,8447.30078125,257.2877502441406
764,images/0764_generated_direct_corrupt_0.75.png,generated_direct_corrupt_0.75,40160,0.75,803,False,0.39464467763900757,0.00024203764041885734,False,0.5054730258014073,6204.1748046875,9176.5166015625,9003.693359375,9003.693359375,251.60272216796875
765,images/0765_generated_direct_corrupt_0.75.png,generated_direct_corrupt_0.75,19977,0.75,399,False,0.3860445022583008,0.00040372402872890234,False,0.5574667709147771,7435.271484375,10737.1552734375,10090.1328125,10090.1328125,271.685791015625
766,images/0766_generated_direct_corrupt_0.75.png,generated_direct_corrupt_0.75,3313,0.75,66,False,0.39007750153541565,0.005488104652613401,False,0.7783424550430023,5777.70947265625,8364.591796875,8042.6533203125,8042.6533203125,264.8976745605469
767,images/0767_generated_direct_corrupt_0.75.png,generated_direct_corrupt_0.75,40057,0.75,801,False,0.41482919454574585,0.00028233963530510664,False,0.5660672400312745,6063.87109375,9041.4658203125,8651.58203125,8651.58203125,263.0923767089844
768,images/0768_wrong_label_0.png,wrong_label_0,41468,0.0,705,True,0.3494648337364197,0.03317496180534363,False,0.6817826426896012,-5700.62255859375,-2697.40771484375,-3032.6064453125,-3032.6064453125,7.800548076629639
769,images/0769_wrong_label_0.png,wrong_label_0,29514,0.0,681,True,0.47538647055625916,0.07844658195972443,False,0.931196247068022,-8571.232421875,-5421.5126953125,-6373.29638671875,-6373.29638671875,17.12208366394043
770,images/0770_wrong_label_0.png,wrong_label_0,36951,0.0,666,True,0.33402198553085327,0.0022853557020425797,False,0.5301016419077405,-5305.783203125,-2498.74755859375,-3039.74560546875,-3039.74560546875,22.244352340698242
771,images/0771_wrong_label_0.png,wrong_label_0,35529,0.0,851,True,0.26456794142723083,0.04273586347699165,True,0.4980453479280688,-3329.254638671875,-278.982177734375,-859.2362060546875,-859.2362060546875,18.676393508911133
772,images/0772_wrong_label_0.png,wrong_label_0,39027,0.0,724,True,0.564328670501709,0.23888598382472992,False,0.9663799843627834,-6306.01611328125,-3034.84423828125,-3639.11376953125,-3639.11376953125,11.62312126159668
773,images/0773_wrong_label_0.png,wrong_label_0,25428,0.0,810,True,0.4261853098869324,0.12401401996612549,False,0.9237685691946833,-6513.25927734375,-3409.60205078125,-4008.50341796875,-4008.50341796875,8.01767349243164
774,images/0774_wrong_label_0.png,wrong_label_0,42304,0.0,619,True,0.2559144198894501,0.24320347607135773,False,0.5132916340891321,-8276.98828125,-5031.39404296875,-5762.4736328125,-5762.4736328125,13.434632301330566
775,images/0775_wrong_label_0.png,wrong_label_0,35299,0.0,831,True,0.20762555301189423,0.10043448209762573,True,0.4730258014073495,-5190.3798828125,-2141.873046875,-2767.37353515625,-2767.37353515625,14.978012084960938
776,images/0776_wrong_label_0.png,wrong_label_0,30439,0.0,894,True,0.3716554343700409,0.048903971910476685,False,0.7806880375293197,-4549.5400390625,-1372.8349609375,-1995.9910888671875,-1995.9910888671875,11.80889892578125
777,images/0777_wrong_label_0.png,wrong_label_0,4134,0.0,86,True,0.2139570266008377,0.017026439309120178,False,0.43784206411258797,-3629.948974609375,-579.473388671875,-1134.18798828125,-1134.18798828125,18.450366973876953
778,images/0778_wrong_label_0.png,wrong_label_0,37986,0.0,622,True,0.2854739725589752,0.013903127983212471,False,0.4968725566849101,-7415.2958984375,-3931.37255859375,-4470.43212890625,-4470.43212890625,10.707062721252441
779,images/0779_wrong_label_0.png,wrong_label_0,36633,0.0,106,True,0.2726899981498718,0.00934610515832901,False,0.4652071931196247,-6665.32275390625,-3694.526123046875,-4169.888671875,-4169.888671875,14.169892311096191
780,images/0780_wrong_label_0.png,wrong_label_0,41576,0.0,598,True,0.656463623046875,0.07837989181280136,False,0.9507427677873339,-6127.1044921875,-2814.18408203125,-3400.09765625,-3400.09765625,13.614045143127441
781,images/0781_wrong_label_0.png,wrong_label_0,28328,0.0,875,True,0.1747145652770996,0.009683378040790558,False,0.4104769351055512,-3465.55078125,-790.83544921875,-1308.0341796875,-1308.0341796875,14.21841812133789
782,images/0782_wrong_label_0.png,wrong_label_0,24266,0.0,754,True,0.48020631074905396,0.2052343338727951,True,0.9523064894448788,-5472.5498046875,-2653.2626953125,-3414.736328125,-3414.736328125,9.758546829223633
783,images/0783_wrong_label_0.png,wrong_label_0,11578,0.0,230,True,0.7195724844932556,0.13073109090328217,False,0.9632525410476935,-4458.40771484375,-1401.534423828125,-1715.18115234375,-1715.18115234375,16.006784439086914
784,images/0784_wrong_label_0.png,wrong_label_0,5354,0.0,990,True,0.3265588581562042,0.003012486267834902,False,0.5191555903049258,-10127.0859375,-7504.9052734375,-7835.06005859375,-7835.06005859375,19.650297164916992
785,images/0785_wrong_label_0.png,wrong_label_0,45031,0.0,505,True,0.25164324045181274,0.002090971916913986,False,0.3655199374511337,-6030.2880859375,-3075.83251953125,-3649.890625,-3649.890625,10.093003273010254
786,images/0786_wrong_label_0.png,wrong_label_0,4663,0.0,23,True,0.6191296577453613,0.01853938400745392,False,0.918295543393276,-8300.509765625,-5135.322265625,-5822.6669921875,-5822.6669921875,18.494979858398438
787,images/0787_wrong_label_0.png,wrong_label_0,17115,0.0,341,True,0.2945956885814667,0.08055330067873001,False,0.5500390930414386,-3428.2744140625,-772.080078125,-1040.793701171875,-1040.793701171875,27.182445526123047
788,images/0788_wrong_label_0.png,wrong_label_0,30819,0.0,506,True,0.2296280860900879,0.005877368152141571,False,0.40578577013291633,-3714.575927734375,-1094.442138671875,-1549.76708984375,-1549.76708984375,15.967074394226074
789,images/0789_wrong_label_0.png,wrong_label_0,1587,0.0,774,True,0.25249841809272766,0.11728142946958542,False,0.49765441751368256,-5299.10546875,-2343.332763671875,-2716.4716796875,-2716.4716796875,26.464208602905273
790,images/0790_wrong_label_0.png,wrong_label_0,10676,0.0,220,True,0.3164187967777252,0.04200291261076927,False,0.5856137607505865,-4032.98486328125,-1248.94091796875,-1667.11865234375,-1667.11865234375,12.28838062286377
791,images/0791_wrong_label_0.png,wrong_label_0,45917,0.0,966,True,0.43259188532829285,0.06670255959033966,False,0.9171227521501173,-6569.30517578125,-3421.1162109375,-4100.8837890625,-4100.8837890625,11.291631698608398
792,images/0792_wrong_label_0.png,wrong_label_0,25878,0.0,600,True,0.39230015873908997,0.01460329070687294,False,0.8244722439405786,-4902.77392578125,-2253.0087890625,-2954.45166015625,-2954.45166015625,14.125799179077148
793,images/0793_wrong_label_0.png,wrong_label_0,17262,0.0,690,True,0.7561883330345154,0.2858109474182129,True,0.9796716184519156,-3195.29736328125,-333.83154296875,-652.2315673828125,-652.2315673828125,13.630304336547852
794,images/0794_wrong_label_0.png,wrong_label_0,16713,0.0,337,True,0.30443504452705383,0.0027187704108655453,False,0.46637998436278344,-3398.92724609375,-488.931640625,-834.0037841796875,-834.0037841796875,51.840965270996094
795,images/0795_wrong_label_0.png,wrong_label_0,23369,0.0,582,True,0.4396880865097046,0.01190794538706541,False,0.8776387802971071,-4061.00048828125,-1512.5322265625,-1900.658203125,-1900.658203125,25.31497573852539
796,images/0796_wrong_label_0.png,wrong_label_0,9717,0.0,686,True,0.47724589705467224,0.006124854553490877,False,0.8639562157935887,-7380.263671875,-4464.19970703125,-5177.4609375,-5177.4609375,25.743919372558594
797,images/0797_wrong_label_0.png,wrong_label_0,4768,0.0,19,True,0.22582286596298218,0.004283265210688114,False,0.38702111024237684,-7340.7265625,-4141.83935546875,-4420.689453125,-4420.689453125,18.725502014160156
798,images/0798_wrong_label_0.png,wrong_label_0,22015,0.0,760,True,0.1779097616672516,0.009371405467391014,False,0.41008600469116496,-4171.25439453125,-1404.8095703125,-2037.227294921875,-2037.227294921875,7.396902084350586
799,images/0799_wrong_label_0.png,wrong_label_0,3775,0.0,73,True,0.5419198274612427,0.12354878336191177,False,0.9499609069585614,-7309.46630859375,-4415.3671875,-5168.841796875,-5168.841796875,7.820062160491943
800,images/0800_wrong_label_0.png,wrong_label_0,38296,0.0,406,True,0.16659027338027954,0.2719448506832123,True,0.48240813135261923,-4495.7490234375,-1556.53759765625,-1908.97119140625,-1908.97119140625,16.235244750976562
801,images/0801_wrong_label_0.png,wrong_label_0,17073,0.0,342,True,0.3689618706703186,0.060670752078294754,False,0.7736512900703675,-3412.67236328125,-417.5,-745.669189453125,-745.669189453125,9.761028289794922
802,images/0802_wrong_label_0.png,wrong_label_0,27473,0.0,685,True,0.27544111013412476,0.09976557642221451,True,0.5312744331508992,-7818.427734375,-4805.50341796875,-5468.45263671875,-5468.45263671875,17.48413848876953
803,images/0803_wrong_label_0.png,wrong_label_0,25626,0.0,473,True,0.24447813630104065,0.024283820763230324,False,0.46207974980453476,-14289.353515625,-11497.0751953125,-12327.69921875,-12327.69921875,8.341948509216309
804,images/0804_wrong_label_0.png,wrong_label_0,22148,0.0,409,True,0.2795211672782898,0.051622144877910614,False,0.527756059421423,-9515.505859375,-6623.07861328125,-7442.8583984375,-7442.8583984375,11.442790031433105
805,images/0805_wrong_label_0.png,wrong_label_0,39283,0.0,759,True,0.25772395730018616,0.08031574636697769,True,0.4964816262705239,-6518.408203125,-2991.68115234375,-3500.830078125,-3500.830078125,8.928914070129395
806,images/0806_wrong_label_0.png,wrong_label_0,46213,0.0,659,True,0.271311491727829,0.07409296184778214,False,0.5156372165754496,-5935.2431640625,-2879.4189453125,-3443.481201171875,-3443.481201171875,13.061111450195312
807,images/0807_wrong_label_0.png,wrong_label_0,48573,0.0,815,True,0.19305948913097382,0.017562031745910645,False,0.43354182955433934,-10249.8798828125,-7276.634765625,-7480.8427734375,-7480.8427734375,18.095731735229492
808,images/0808_wrong_label_0.png,wrong_label_0,40065,0.0,983,True,0.4039773941040039,0.13115544617176056,False,0.8991399530883504,-5326.1220703125,-1838.66796875,-2455.3369140625,-2455.3369140625,12.859124183654785
809,images/0809_wrong_label_0.png,wrong_label_0,47256,0.0,939,True,0.3131715953350067,0.0062315757386386395,False,0.5183737294761532,-6473.525390625,-3612.6044921875,-4136.83984375,-4136.83984375,13.604134559631348
810,images/0810_wrong_label_0.png,wrong_label_0,22470,0.0,425,True,0.5494551062583923,0.06531328707933426,False,0.9401876465989054,-4211.38671875,-1089.2841796875,-1438.447265625,-1438.447265625,9.967706680297852
811,images/0811_wrong_label_0.png,wrong_label_0,44139,0.0,823,True,0.3773358166217804,0.00959225557744503,False,0.7584050039093041,-5676.65185546875,-2595.34521484375,-3177.63818359375,-3177.63818359375,10.349735260009766
812,images/0812_wrong_label_0.png,wrong_label_0,44407,0.0,873,True,0.3433983623981476,0.0026501836255192757,False,0.5711493354182955,-8607.9677734375,-5770.466796875,-6023.537109375,-6023.537109375,7.942880153656006
813,images/0813_wrong_label_0.png,wrong_label_0,34854,0.0,750,True,0.40703192353248596,0.2146197259426117,True,0.9124315871774824,-4974.0595703125,-2123.8466796875,-2531.24951171875,-2531.24951171875,11.110206604003906
814,images/0814_wrong_label_0.png,wrong_label_0,20630,0.0,569,True,0.2990575432777405,0.04066351428627968,False,0.5496481626270524,-4811.86328125,-1763.55615234375,-2159.36767578125,-2159.36767578125,13.207326889038086
815,images/0815_wrong_label_0.png,wrong_label_0,21675,0.0,842,True,0.3835445046424866,0.016295164823532104,False,0.7951524628616107,-5278.48974609375,-2427.072021484375,-2920.57763671875,-2920.57763671875,19.43691635131836
816,images/0816_wrong_label_0.png,wrong_label_0,17150,0.0,342,True,0.29556775093078613,0.15334278345108032,True,0.5656763096168882,-3260.77001953125,-265.59765625,-549.358642578125,-549.358642578125,9.884028434753418
817,images/0817_wrong_label_0.png,wrong_label_0,31966,0.0,638,True,0.3533954322338104,0.14244922995567322,False,0.7243940578577013,-6503.18701171875,-3411.284423828125,-3986.245849609375,-3986.245849609375,9.23505973815918
818,images/0818_wrong_label_0.png,wrong_label_0,37633,0.0,669,True,0.27851229906082153,0.04064885526895523,True,0.5203283815480845,-5665.384765625,-2559.398193359375,-2943.3310546875,-2943.3310546875,11.348196029663086
819,images/0819_wrong_label_0.png,wrong_label_0,27959,0.0,799,True,0.3509996831417084,0.022340398281812668,False,0.6806098514464425,-4135.7744140625,-930.39013671875,-1431.568359375,-1431.568359375,12.55675983428955
820,images/0820_wrong_label_0.png,wrong_label_0,7785,0.0,204,True,0.386451780796051,0.2347610592842102,True,0.8600469116497264,-4070.539794921875,-924.487548828125,-1320.3560791015625,-1320.3560791015625,10.544367790222168
821,images/0821_wrong_label_0.png,wrong_label_0,41103,0.0,427,True,0.29303815960884094,0.18880504369735718,True,0.5590304925723222,-5314.646484375,-2777.5078125,-3254.778076171875,-3254.778076171875,23.319530487060547
822,images/0822_wrong_label_0.png,wrong_label_0,31860,0.0,849,True,0.7776446342468262,0.002173926215618849,False,0.8385457388584832,-5799.298828125,-2964.4658203125,-3537.17529296875,-3537.17529296875,20.916717529296875
823,images/0823_wrong_label_0.png,wrong_label_0,2555,0.0,306,True,0.5243234038352966,0.001526330248452723,False,0.7943706020328382,-6505.0390625,-3646.123046875,-4047.2529296875,-4047.2529296875,13.38983154296875
824,images/0824_wrong_label_0.png,wrong_label_0,28631,0.0,441,True,0.261497437953949,0.11602101475000381,True,0.508209538702111,-6056.2294921875,-3133.8642578125,-3755.091064453125,-3755.091064453125,8.706177711486816
825,images/0825_wrong_label_0.png,wrong_label_0,26054,0.0,965,True,0.26042458415031433,0.16616587340831757,True,0.5121188428459734,-4904.572265625,-1916.58642578125,-2305.22265625,-2305.22265625,11.395204544067383
826,images/0826_wrong_label_0.png,wrong_label_0,6897,0.0,99,True,0.4837716221809387,0.02169341780245304,False,0.9112587959343237,-3164.74755859375,-281.0341796875,-653.362548828125,-653.362548828125,13.29720687866211
827,images/0827_wrong_label_0.png,wrong_label_0,3275,0.0,390,True,0.23856773972511292,0.0015593906864523888,False,0.33737294761532444,-3914.3837890625,-1228.879150390625,-1632.299072265625,-1632.299072265625,17.77136993408203
828,images/0828_wrong_label_0.png,wrong_label_0,40160,0.0,730,True,0.3000600337982178,0.016770027577877045,False,0.5301016419077405,-3835.321044921875,-1000.431396484375,-1467.3309326171875,-1467.3309326171875,13.242499351501465
829,images/0829_wrong_label_0.png,wrong_label_0,19977,0.0,223,True,0.2709117531776428,0.08414962142705917,True,0.516419077404222,-4798.01953125,-1606.82080078125,-1997.6934814453125,-1997.6934814453125,11.9706449508667
830,images/0830_wrong_label_0.png,wrong_label_0,3313,0.0,68,True,0.3391990065574646,0.20548120141029358,False,0.6841282251759186,-3125.1142578125,-609.154296875,-931.1395874023438,-931.1395874023438,15.093830108642578
831,images/0831_wrong_label_0.png,wrong_label_0,40057,0.0,570,True,0.27486833930015564,0.200667142868042,True,0.5402658326817826,-7063.671875,-4316.3740234375,-4917.564453125,-4917.564453125,22.327728271484375
832,images/0832_wrong_label_1.png,wrong_label_1,41468,0.0,874,True,0.3494648337364197,0.019645674154162407,False,0.6677091477716967,-5431.193359375,-2389.1416015625,-2693.6708984375,-2693.6708984375,7.852762699127197
833,images/0833_wrong_label_1.png,wrong_label_1,29514,0.0,487,True,0.47538647055625916,0.02556433528661728,False,0.9104769351055513,-8377.01953125,-5401.212890625,-6149.732421875,-6149.732421875,17.208263397216797
834,images/0834_wrong_label_1.png,wrong_label_1,36951,0.0,909,True,0.33402198553085327,0.0019462850177660584,False,0.519546520719312,-4975.34912109375,-2189.5361328125,-2688.64208984375,-2688.64208984375,23.580066680908203
835,images/0835_wrong_label_1.png,wrong_label_1,35529,0.0,674,True,0.26456794142723083,0.0386117659509182,False,0.49569976544175137,-3308.41455078125,-437.46044921875,-864.0123901367188,-864.0123901367188,19.271100997924805
836,images/0836_wrong_label_1.png,wrong_label_1,39027,0.0,536,True,0.564328670501709,0.014767204411327839,False,0.910086004691165,-6187.875,-3088.13623046875,-3532.89892578125,-3532.89892578125,12.70617961883545
837,images/0837_wrong_label_1.png,wrong_label_1,25428,0.0,878,True,0.4261853098869324,0.10997310280799866,False,0.9206411258795935,-6652.193359375,-3559.43994140625,-4060.863037109375,-4060.863037109375,8.071088790893555
838,images/0838_wrong_label_1.png,wrong_label_1,42304,0.0,818,True,0.2559144198894501,0.004962831269949675,False,0.41282251759186867,-8432.42578125,-5289.14990234375,-6326.34619140625,-6326.34619140625,13.403960227966309
839,images/0839_wrong_label_1.png,wrong_label_1,35299,0.0,736,True,0.20762555301189423,0.039318859577178955,False,0.45777951524628613,-5144.9306640625,-2047.774658203125,-2837.3671875,-2837.3671875,14.452096939086914
840,images/0840_wrong_label_1.png,wrong_label_1,30439,0.0,610,True,0.3716554343700409,0.02754056826233864,False,0.7693510555121188,-4508.349609375,-1610.927734375,-2202.514404296875,-2202.514404296875,12.896760940551758
841,images/0841_wrong_label_1.png,wrong_label_1,4134,0.0,83,True,0.2139570266008377,0.008535276167094707,False,0.41360437842064113,-3986.341064453125,-854.55419921875,-1213.792236328125,-1213.792236328125,24.167713165283203
842,images/0842_wrong_label_1.png,wrong_label_1,37986,0.0,732,True,0.2854739725589752,0.01228727214038372,False,0.49139953088350274,-6974.83203125,-3577.33203125,-4015.36328125,-4015.36328125,10.339621543884277
843,images/0843_wrong_label_1.png,wrong_label_1,36633,0.0,105,True,0.2726899981498718,0.0037405998446047306,False,0.4245504300234558,-6291.58544921875,-3420.28466796875,-3604.758056640625,-3604.758056640625,13.212701797485352
844,images/0844_wrong_label_1.png,wrong_label_1,41576,0.0,905,True,0.656463623046875,0.01871095597743988,False,0.9210320562939797,-5866.705078125,-2729.061279296875,-3292.103515625,-3292.103515625,13.308507919311523
845,images/0845_wrong_label_1.png,wrong_label_1,28328,0.0,513,True,0.1747145652770996,0.00799756869673729,False,0.4034401876465989,-3655.9873046875,-819.811767578125,-1317.62451171875,-1317.62451171875,13.745328903198242
846,images/0846_wrong_label_1.png,wrong_label_1,24266,0.0,848,True,0.48020631074905396,0.12079547345638275,False,0.9437060203283816,-5736.1142578125,-2798.324951171875,-3295.622802734375,-3295.622802734375,10.249164581298828
847,images/0847_wrong_label_1.png,wrong_label_1,11578,0.0,259,True,0.7195724844932556,0.005499786697328091,False,0.8788115715402658,-4552.1142578125,-1390.55078125,-1849.004150390625,-1849.004150390625,17.636682510375977
848,images/0848_wrong_label_1.png,wrong_label_1,5354,0.0,950,True,0.3265588581562042,0.0011657897848635912,False,0.46442533229085226,-11758.1845703125,-8646.462890625,-9272.001953125,-9272.001953125,18.595067977905273
849,images/0849_wrong_label_1.png,wrong_label_1,45031,0.0,437,True,0.25164324045181274,0.0018570194952189922,False,0.35887412040656763,-6596.10546875,-3358.670166015625,-3890.4404296875,-3890.4404296875,10.551630020141602
850,images/0850_wrong_label_1.png,wrong_label_1,4663,0.0,96,True,0.6191296577453613,0.007470731623470783,False,0.8893666927286943,-8079.7900390625,-5413.8203125,-5776.5,-5776.5,17.933542251586914
851,images/0851_wrong_label_1.png,wrong_label_1,17115,0.0,343,True,0.2945956885814667,0.008286412805318832,False,0.4910086004691165,-3564.75439453125,-606.55615234375,-912.28955078125,-912.28955078125,25.93728256225586
852,images/0852_wrong_label_1.png,wrong_label_1,30819,0.0,840,True,0.2296280860900879,0.0025075238663703203,False,0.36786551993745115,-3565.720703125,-1040.48193359375,-1482.95703125,-1482.95703125,15.554488182067871
853,images/0853_wrong_label_1.png,wrong_label_1,1587,0.0,32,True,0.25249841809272766,0.05308210477232933,False,0.4859265050820954,-4907.3779296875,-2193.72021484375,-2653.76220703125,-2653.76220703125,24.177417755126953
854,images/0854_wrong_label_1.png,wrong_label_1,10676,0.0,219,True,0.3164187967777252,0.0179271399974823,False,0.5645035183737295,-4194.52099609375,-1207.822509765625,-1542.1346435546875,-1542.1346435546875,12.099533081054688
855,images/0855_wrong_label_1.png,wrong_label_1,45917,0.0,907,True,0.43259188532829285,0.013353166170418262,False,0.8780297107114934,-5812.0654296875,-3110.184814453125,-3638.5751953125,-3638.5751953125,11.917228698730469
856,images/0856_wrong_label_1.png,wrong_label_1,25878,0.0,821,True,0.39230015873908997,0.009372013621032238,False,0.8092259577795153,-5231.517578125,-2205.474609375,-2832.922119140625,-2832.922119140625,14.029229164123535
857,images/0857_wrong_label_1.png,wrong_label_1,17262,0.0,730,True,0.7561883330345154,0.05596005171537399,False,0.9507427677873339,-3122.94287109375,-288.05322265625,-657.5579833984375,-657.5579833984375,13.848936080932617
858,images/0858_wrong_label_1.png,wrong_label_1,16713,0.0,280,True,0.30443504452705383,0.0024612739216536283,False,0.4620797498045348,-3392.53369140625,-497.262451171875,-822.2985229492188,-822.2985229492188,48.260955810546875
859,images/0859_wrong_label_1.png,wrong_label_1,23369,0.0,499,True,0.4396880865097046,0.0038616457022726536,False,0.8338545738858483,-4303.4736328125,-1586.7119140625,-2573.94091796875,-2573.94091796875,25.034774780273438
860,images/0860_wrong_label_1.png,wrong_label_1,9717,0.0,153,True,0.47724589705467224,0.005247621331363916,False,0.8549648162627053,-6747.134765625,-3674.21142578125,-4017.499755859375,-4017.499755859375,25.826257705688477
861,images/0861_wrong_label_1.png,wrong_label_1,4768,0.0,92,True,0.22582286596298218,0.00418157409876585,False,0.3858483189992181,-7750.10546875,-4357.85595703125,-5122.537109375,-5122.537109375,21.129213333129883
862,images/0862_wrong_label_1.png,wrong_label_1,22015,0.0,441,True,0.1779097616672516,0.0055956230498850346,False,0.39093041438623927,-4642.59814453125,-1720.23291015625,-2332.18212890625,-2332.18212890625,7.3544487953186035
863,images/0863_wrong_label_1.png,wrong_label_1,3775,0.0,70,True,0.5419198274612427,0.030204646289348602,False,0.9253322908522283,-7172.076171875,-4055.1552734375,-4787.59765625,-4787.59765625,7.692260265350342
864,images/0864_wrong_label_1.png,wrong_label_1,38296,0.0,556,True,0.16659027338027954,0.2650298476219177,False,0.482017200938233,-5030.6220703125,-1952.96533203125,-2548.426513671875,-2548.426513671875,16.85143280029297
865,images/0865_wrong_label_1.png,wrong_label_1,17073,0.0,275,True,0.3689618706703186,0.01580960676074028,False,0.743549648162627,-3269.590576171875,-264.117431640625,-692.6134033203125,-692.6134033203125,9.06699275970459
866,images/0866_wrong_label_1.png,wrong_label_1,27473,0.0,563,True,0.27544111013412476,0.021377626806497574,False,0.5007818608287725,-8477.59765625,-5192.3515625,-5798.4189453125,-5798.4189453125,19.306081771850586
867,images/0867_wrong_label_1.png,wrong_label_1,25626,0.0,499,True,0.24447813630104065,0.004577260930091143,False,0.4014855355746677,-13601.6953125,-10884.93359375,-11995.82421875,-11995.82421875,8.197314262390137
868,images/0868_wrong_label_1.png,wrong_label_1,22148,0.0,497,True,0.2795211672782898,0.03282523527741432,False,0.519546520719312,-8775.60546875,-5800.2783203125,-6285.4560546875,-6285.4560546875,11.354076385498047
869,images/0869_wrong_label_1.png,wrong_label_1,39283,0.0,826,True,0.25772395730018616,0.028816083446145058,False,0.4784988272087568,-6008.39990234375,-3071.483154296875,-3688.556396484375,-3688.556396484375,9.184804916381836
870,images/0870_wrong_label_1.png,wrong_label_1,46213,0.0,738,True,0.271311491727829,0.07127628475427628,False,0.5152462861610634,-4937.94921875,-2340.6943359375,-2802.541015625,-2802.541015625,12.898233413696289
871,images/0871_wrong_label_1.png,wrong_label_1,48573,0.0,878,True,0.19305948913097382,0.0047999219968914986,False,0.38467552775605945,-10612.287109375,-7519.53369140625,-7709.615234375,-7709.615234375,25.733509063720703
872,images/0872_wrong_label_1.png,wrong_label_1,40065,0.0,329,True,0.4039773941040039,0.004153895191848278,False,0.7998436278342456,-4415.1162109375,-1620.149169921875,-1964.3875732421875,-1964.3875732421875,11.915858268737793
873,images/0873_wrong_label_1.png,wrong_label_1,47256,0.0,943,True,0.3131715953350067,0.005378833971917629,False,0.5086004691164973,-6255.22900390625,-3628.53466796875,-4196.48828125,-4196.48828125,13.082149505615234
874,images/0874_wrong_label_1.png,wrong_label_1,22470,0.0,979,True,0.5494551062583923,0.013965480960905552,False,0.9042220484753714,-3862.75927734375,-828.361083984375,-1223.909912109375,-1223.909912109375,9.412891387939453
875,images/0875_wrong_label_1.png,wrong_label_1,44139,0.0,846,True,0.3773358166217804,0.006268818862736225,False,0.743549648162627,-5751.66162109375,-2572.376220703125,-3322.99169921875,-3322.99169921875,10.029535293579102
876,images/0876_wrong_label_1.png,wrong_label_1,44407,0.0,663,True,0.3433983623981476,0.0022981322836130857,False,0.5625488663017982,-9056.126953125,-6122.294921875,-6278.369140625,-6278.369140625,7.929209232330322
877,images/0877_wrong_label_1.png,wrong_label_1,34854,0.0,520,True,0.40703192353248596,0.13952764868736267,False,0.9061767005473026,-5326.6708984375,-2267.936279296875,-2666.0439453125,-2666.0439453125,10.255497932434082
878,images/0878_wrong_label_1.png,wrong_label_1,20630,0.0,637,True,0.2990575432777405,0.03501356393098831,False,0.547302580140735,-4862.28955078125,-2132.31787109375,-2400.47216796875,-2400.47216796875,14.888561248779297
879,images/0879_wrong_label_1.png,wrong_label_1,21675,0.0,445,True,0.3835445046424866,0.00742574455216527,False,0.7689601250977326,-5564.44921875,-2538.602783203125,-2947.244140625,-2947.244140625,19.826642990112305
880,images/0880_wrong_label_1.png,wrong_label_1,17150,0.0,360,True,0.29556775093078613,0.07083042711019516,False,0.5512118842845973,-3221.54150390625,-272.552734375,-570.0991821289062,-570.0991821289062,9.488243103027344
881,images/0881_wrong_label_1.png,wrong_label_1,31966,0.0,801,True,0.3533954322338104,0.025663025677204132,False,0.6923377638780297,-6203.912109375,-3226.3173828125,-3535.55517578125,-3535.55517578125,9.30176067352295
882,images/0882_wrong_label_1.png,wrong_label_1,37633,0.0,456,True,0.27851229906082153,0.032031383365392685,False,0.5160281469898358,-5317.02001953125,-2672.134033203125,-3298.927734375,-3298.927734375,11.547430992126465
883,images/0883_wrong_label_1.png,wrong_label_1,27959,0.0,706,True,0.3509996831417084,0.014316349290311337,False,0.6665363565285379,-3598.97119140625,-780.80615234375,-1122.699462890625,-1122.699462890625,12.853660583496094
884,images/0884_wrong_label_1.png,wrong_label_1,7785,0.0,200,True,0.386451780796051,0.013841557316482067,False,0.7998436278342456,-4139.8134765625,-1087.85595703125,-1410.626220703125,-1410.626220703125,10.112564086914062
885,images/0885_wrong_label_1.png,wrong_label_1,41103,0.0,463,True,0.29303815960884094,0.04214334860444069,False,0.535965598123534,-5560.640625,-3057.15576171875,-3574.1103515625,-3574.1103515625,23.31169319152832
886,images/0886_wrong_label_1.png,wrong_label_1,31860,0.0,505,True,0.7776446342468262,0.0018022594740614295,False,0.826817826426896,-5977.70556640625,-3023.25,-3664.287353515625,-3664.287353515625,22.660449981689453
887,images/0887_wrong_label_1.png,wrong_label_1,2555,0.0,43,True,0.5243234038352966,0.0011590515496209264,False,0.7814698983580922,-6010.189453125,-3375.71533203125,-3632.095947265625,-3632.095947265625,13.497235298156738
888,images/0888_wrong_label_1.png,wrong_label_1,28631,0.0,560,True,0.261497437953949,0.030713921412825584,False,0.48631743549648165,-5715.615234375,-2847.450439453125,-3258.0,-3258.0,9.466839790344238
889,images/0889_wrong_label_1.png,wrong_label_1,26054,0.0,692,True,0.26042458415031433,0.02347443252801895,False,0.47615324472243936,-4833.7744140625,-1985.7568359375,-2482.5810546875,-2482.5810546875,11.826606750488281
890,images/0890_wrong_label_1.png,wrong_label_1,6897,0.0,98,True,0.4837716221809387,0.020274003967642784,False,0.9104769351055513,-3455.53076171875,-267.05810546875,-653.9375,-653.9375,16.02960777282715
891,images/0891_wrong_label_1.png,wrong_label_1,3275,0.0,58,True,0.23856773972511292,0.0014234696282073855,False,0.3315089913995309,-3672.34228515625,-854.474609375,-1248.2008056640625,-1248.2008056640625,21.089811325073242
892,images/0892_wrong_label_1.png,wrong_label_1,40160,0.0,866,True,0.3000600337982178,0.003570153145119548,False,0.4683346364347146,-3780.3916015625,-1051.4765625,-1408.1212158203125,-1408.1212158203125,12.107742309570312
893,images/0893_wrong_label_1.png,wrong_label_1,19977,0.0,501,True,0.2709117531776428,0.03439163789153099,False,0.5011727912431587,-4736.7158203125,-1635.8427734375,-2079.481689453125,-2079.481689453125,12.428313255310059
894,images/0894_wrong_label_1.png,wrong_label_1,3313,0.0,931,True,0.3391990065574646,0.013928799889981747,False,0.6266614542611415,-3739.205810546875,-761.040771484375,-1251.795654296875,-1251.795654296875,13.035249710083008
895,images/0895_wrong_label_1.png,wrong_label_1,40057,0.0,691,True,0.27486833930015564,0.04333300516009331,False,0.5160281469898358,-7046.02978515625,-4292.03125,-4953.513671875,-4953.513671875,22.824527740478516
896,images/0896_wrong_label_2.png,wrong_label_2,41468,0.0,547,True,0.3494648337364197,0.010118918493390083,False,0.645426114151681,-5450.955078125,-2314.06640625,-2642.59033203125,-2642.59033203125,7.942033767700195
897,images/0897_wrong_label_2.png,wrong_label_2,29514,0.0,754,True,0.47538647055625916,0.019147377461194992,False,0.9022673964034402,-8599.732421875,-5780.4453125,-6344.3642578125,-6344.3642578125,16.770034790039062
898,images/0898_wrong_label_2.png,wrong_label_2,36951,0.0,522,True,0.33402198553085327,0.00157608138397336,False,0.5062548866301798,-4944.212890625,-2439.67236328125,-2938.384765625,-2938.384765625,27.520816802978516
899,images/0899_wrong_label_2.png,wrong_label_2,35529,0.0,859,True,0.26456794142723083,0.028378404676914215,False,0.48944487881157156,-3262.999267578125,-341.361083984375,-912.10546875,-912.10546875,19.125337600708008
900,images/0900_wrong_label_2.png,wrong_label_2,39027,0.0,628,True,0.564328670501709,0.0046803904697299,False,0.8647380766223612,-6418.666015625,-2968.40673828125,-3387.943359375,-3387.943359375,11.737874984741211
901,images/0901_wrong_label_2.png,wrong_label_2,25428,0.0,681,True,0.4261853098869324,0.02171739749610424,False,0.8901485535574668,-6705.783203125,-3556.0634765625,-4373.10302734375,-4373.10302734375,7.7891130447387695
902,images/0902_wrong_label_2.png,wrong_label_2,42304,0.0,588,True,0.2559144198894501,0.001970557728782296,False,0.3670836591086787,-7073.81494140625,-3943.1923828125,-4439.93017578125,-4439.93017578125,12.827038764953613
903,images/0903_wrong_label_2.png,wrong_label_2,35299,0.0,579,True,0.20762555301189423,0.0384603813290596,False,0.4573885848318999,-5255.794921875,-2149.752685546875,-2713.495361328125,-2713.495361328125,14.07473087310791
904,images/0904_wrong_label_2.png,wrong_label_2,30439,0.0,529,True,0.3716554343700409,0.01907995715737343,False,0.7584050039093041,-4329.166015625,-1505.5322265625,-1976.3199462890625,-1976.3199462890625,11.434301376342773
905,images/0905_wrong_label_2.png,wrong_label_2,4134,0.0,287,True,0.2139570266008377,0.006830165628343821,False,0.40852228303362004,-3746.285400390625,-780.879638671875,-1248.263671875,-1248.263671875,22.733226776123047
906,images/0906_wrong_label_2.png,wrong_label_2,37986,0.0,745,True,0.2854739725589752,0.011009281501173973,False,0.4894448788115715,-6404.7333984375,-3282.8056640625,-3985.137939453125,-3985.137939453125,10.361618995666504
907,images/0907_wrong_label_2.png,wrong_label_2,36633,0.0,768,True,0.2726899981498718,0.0021182605996727943,False,0.39913995308835026,-6585.2763671875,-3953.30322265625,-4698.6240234375,-4698.6240234375,15.298245429992676
908,images/0908_wrong_label_2.png,wrong_label_2,41576,0.0,846,True,0.656463623046875,0.01228711474686861,False,0.9042220484753714,-5984.8232421875,-2805.537841796875,-3595.59326171875,-3595.59326171875,12.947020530700684
909,images/0909_wrong_label_2.png,wrong_label_2,28328,0.0,776,True,0.1747145652770996,0.0014314285945147276,False,0.31430805316653637,-3726.02392578125,-759.054443359375,-1357.30810546875,-1357.30810546875,14.165369987487793
910,images/0910_wrong_label_2.png,wrong_label_2,24266,0.0,482,True,0.48020631074905396,0.09947419911623001,False,0.9401876465989054,-5894.125,-2949.73974609375,-3557.759765625,-3557.759765625,10.325419425964355
911,images/0911_wrong_label_2.png,wrong_label_2,11578,0.0,226,True,0.7195724844932556,0.005455690901726484,False,0.8780297107114934,-4438.83837890625,-1379.90673828125,-1781.707763671875,-1781.707763671875,14.107110023498535
912,images/0912_wrong_label_2.png,wrong_label_2,5354,0.0,987,True,0.3265588581562042,0.0010925845708698034,False,0.4616888193901485,-10060.2060546875,-7224.20458984375,-7587.546875,-7587.546875,19.1052303314209
913,images/0913_wrong_label_2.png,wrong_label_2,45031,0.0,419,True,0.25164324045181274,0.0015006946632638574,False,0.3420641125879593,-6325.181640625,-3322.161376953125,-3953.0712890625,-3953.0712890625,10.392585754394531
914,images/0914_wrong_label_2.png,wrong_label_2,4663,0.0,18,True,0.6191296577453613,0.002869997639209032,False,0.8455824863174355,-7953.1689453125,-4993.1748046875,-5580.83349609375,-5580.83349609375,19.54051399230957
915,images/0915_wrong_label_2.png,wrong_label_2,17115,0.0,104,True,0.2945956885814667,0.002416294766589999,False,0.43784206411258797,-3499.236328125,-620.57568359375,-907.6044921875,-907.6044921875,28.12129020690918
916,images/0916_wrong_label_2.png,wrong_label_2,30819,0.0,600,True,0.2296280860900879,0.0023917926009744406,False,0.36512900703674744,-3691.87744140625,-1042.1123046875,-1719.8958740234375,-1719.8958740234375,16.393840789794922
917,images/0917_wrong_label_2.png,wrong_label_2,1587,0.0,502,True,0.25249841809272766,0.02227678708732128,False,0.4667709147771697,-5019.2626953125,-2423.30615234375,-2864.5048828125,-2864.5048828125,25.03621482849121
918,images/0918_wrong_label_2.png,wrong_label_2,10676,0.0,214,True,0.3164187967777252,0.007767973002046347,False,0.5363565285379203,-4212.85693359375,-1173.359619140625,-1570.75341796875,-1570.75341796875,12.112466812133789
919,images/0919_wrong_label_2.png,wrong_label_2,45917,0.0,572,True,0.43259188532829285,0.00870639830827713,False,0.864347146207975,-5832.70361328125,-2866.1962890625,-3493.7314453125,-3493.7314453125,10.970108032226562
920,images/0920_wrong_label_2.png,wrong_label_2,25878,0.0,540,True,0.39230015873908997,0.0018736646743491292,False,0.733776387802971,-5258.48681640625,-1839.842529296875,-2555.568359375,-2555.568359375,12.630463600158691
921,images/0921_wrong_label_2.png,wrong_label_2,17262,0.0,346,True,0.7561883330345154,0.016544915735721588,False,0.9218139171227522,-3364.8671875,-395.946533203125,-673.4286499023438,-673.4286499023438,12.791247367858887
922,images/0922_wrong_label_2.png,wrong_label_2,16713,0.0,361,True,0.30443504452705383,0.002366747008636594,False,0.46012509773260357,-3520.691650390625,-651.060302734375,-982.4337158203125,-982.4337158203125,50.77061080932617
923,images/0923_wrong_label_2.png,wrong_label_2,23369,0.0,692,True,0.4396880865097046,0.0013438711175695062,False,0.7767787333854574,-4754.21826171875,-1906.20068359375,-2431.1865234375,-2431.1865234375,26.477569580078125
924,images/0924_wrong_label_2.png,wrong_label_2,9717,0.0,159,True,0.47724589705467224,0.0022893522400408983,False,0.8170445660672401,-6603.8525390625,-3684.705810546875,-3977.393798828125,-3977.393798828125,24.796567916870117
925,images/0925_wrong_label_2.png,wrong_label_2,4768,0.0,94,True,0.22582286596298218,0.0020524896681308746,False,0.35183737294761536,-7937.9375,-4618.0908203125,-5175.55615234375,-5175.55615234375,22.636863708496094
926,images/0926_wrong_label_2.png,wrong_label_2,22015,0.0,737,True,0.1779097616672516,0.0055526127107441425,False,0.39014855355746675,-4361.7568359375,-1671.36328125,-2125.993408203125,-2125.993408203125,7.765733242034912
927,images/0927_wrong_label_2.png,wrong_label_2,3775,0.0,77,True,0.5419198274612427,0.015560489147901535,False,0.9069585613760751,-6805.8515625,-3895.92138671875,-4540.8564453125,-4540.8564453125,7.301167964935303
928,images/0928_wrong_label_2.png,wrong_label_2,38296,0.0,857,True,0.16659027338027954,0.04922395199537277,False,0.45347928068803756,-4629.51220703125,-1980.748046875,-2385.62451171875,-2385.62451171875,16.612825393676758
929,images/0929_wrong_label_2.png,wrong_label_2,17073,0.0,264,True,0.3689618706703186,0.004748684819787741,False,0.6970289288506646,-3251.857666015625,-423.81298828125,-781.4736938476562,-781.4736938476562,8.78846263885498
930,images/0930_wrong_label_2.png,wrong_label_2,27473,0.0,507,True,0.27544111013412476,0.01777581125497818,False,0.49609069585613763,-8765.943359375,-5821.6962890625,-6458.27099609375,-6458.27099609375,17.16901397705078
931,images/0931_wrong_label_2.png,wrong_label_2,25626,0.0,777,True,0.24447813630104065,0.004521187394857407,False,0.40070367474589524,-13201.96875,-10262.052734375,-10869.974609375,-10869.974609375,7.839427471160889
932,images/0932_wrong_label_2.png,wrong_label_2,22148,0.0,892,True,0.2795211672782898,0.013236092403531075,False,0.49100860046911654,-9131.9970703125,-6041.27978515625,-6790.57568359375,-6790.57568359375,11.25007438659668
933,images/0933_wrong_label_2.png,wrong_label_2,39283,0.0,916,True,0.25772395730018616,0.02366730011999607,False,0.473807662236122,-6370.888671875,-3025.33349609375,-3783.166748046875,-3783.166748046875,9.940146446228027
934,images/0934_wrong_label_2.png,wrong_label_2,46213,0.0,925,True,0.271311491727829,0.01467888243496418,False,0.4800625488663018,-6468.3564453125,-2927.712890625,-3593.34375,-3593.34375,12.816776275634766
935,images/0935_wrong_label_2.png,wrong_label_2,48573,0.0,572,True,0.19305948913097382,0.0011474494822323322,False,0.3068803752931978,-10750.029296875,-7783.52197265625,-8661.740234375,-8661.740234375,18.829133987426758
936,images/0936_wrong_label_2.png,wrong_label_2,40065,0.0,570,True,0.4039773941040039,0.004072254057973623,False,0.7998436278342456,-4915.1552734375,-2167.857666015625,-2778.168701171875,-2778.168701171875,12.928539276123047
937,images/0937_wrong_label_2.png,wrong_label_2,47256,0.0,987,True,0.3131715953350067,0.0032854604069143534,False,0.48670836591086786,-6500.08837890625,-3664.0869140625,-4383.7294921875,-4383.7294921875,12.541910171508789
938,images/0938_wrong_label_2.png,wrong_label_2,22470,0.0,975,True,0.5494551062583923,0.013095684349536896,False,0.9003127443315091,-4205.513671875,-971.77294921875,-1375.845947265625,-1375.845947265625,9.933457374572754
939,images/0939_wrong_label_2.png,wrong_label_2,44139,0.0,650,True,0.3773358166217804,0.0054317680187523365,False,0.7345582486317436,-5725.44482421875,-2630.40185546875,-3381.02685546875,-3381.02685546875,10.73072624206543
940,images/0940_wrong_label_2.png,wrong_label_2,44407,0.0,839,True,0.3433983623981476,0.0019363000756129622,False,0.5508209538702111,-8974.3544921875,-6047.10400390625,-6561.2119140625,-6561.2119140625,7.760960102081299
941,images/0941_wrong_label_2.png,wrong_label_2,34854,0.0,669,True,0.40703192353248596,0.04677757993340492,False,0.8881939014855356,-5441.78125,-2335.794677734375,-2747.05029296875,-2747.05029296875,10.547168731689453
942,images/0942_wrong_label_2.png,wrong_label_2,20630,0.0,498,True,0.2990575432777405,0.013216258026659489,False,0.5168100078186083,-5127.5380859375,-2237.688232421875,-2556.143798828125,-2556.143798828125,14.286214828491211
943,images/0943_wrong_label_2.png,wrong_label_2,21675,0.0,639,True,0.3835445046424866,0.006926874164491892,False,0.7677873338545739,-5725.25,-2652.869140625,-3174.525390625,-3174.525390625,20.537120819091797
944,images/0944_wrong_label_2.png,wrong_label_2,17150,0.0,298,True,0.29556775093078613,0.06853124499320984,False,0.5508209538702111,-3120.15478515625,-223.496826171875,-541.5780029296875,-541.5780029296875,10.355241775512695
945,images/0945_wrong_label_2.png,wrong_label_2,31966,0.0,500,True,0.3533954322338104,0.022013230249285698,False,0.6876465989053948,-5716.5625,-2896.994384765625,-3018.578125,-3018.578125,8.438727378845215
946,images/0946_wrong_label_2.png,wrong_label_2,37633,0.0,701,True,0.27851229906082153,0.030762314796447754,False,0.5156372165754496,-6080.3994140625,-2568.062744140625,-3354.22314453125,-3354.22314453125,11.982123374938965
947,images/0947_wrong_label_2.png,wrong_label_2,27959,0.0,580,True,0.3509996831417084,0.011576863937079906,False,0.6571540265832683,-3323.886962890625,-666.5537109375,-1069.81201171875,-1069.81201171875,12.541664123535156
948,images/0948_wrong_label_2.png,wrong_label_2,7785,0.0,196,True,0.386451780796051,0.0093853659927845,False,0.7888975762314308,-4142.7255859375,-1040.230712890625,-1383.4586181640625,-1383.4586181640625,11.137117385864258
949,images/0949_wrong_label_2.png,wrong_label_2,41103,0.0,858,True,0.29303815960884094,0.027318574488162994,False,0.5265832681782643,-5126.4970703125,-2384.279052734375,-2798.47509765625,-2798.47509765625,20.3919734954834
950,images/0950_wrong_label_2.png,wrong_label_2,31860,0.0,773,True,0.7776446342468262,0.0015328660374507308,False,0.8135261923377639,-6118.3564453125,-3120.30712890625,-3679.00341796875,-3679.00341796875,23.08612823486328
951,images/0951_wrong_label_2.png,wrong_label_2,2555,0.0,106,True,0.5243234038352966,0.0010270924540236592,False,0.7767787333854574,-5958.15234375,-2987.355712890625,-3509.36376953125,-3509.36376953125,12.82617473602295
952,images/0952_wrong_label_2.png,wrong_label_2,28631,0.0,722,True,0.261497437953949,0.022511722519993782,False,0.47888975762314306,-6100.71435546875,-3346.8427734375,-4127.408203125,-4127.408203125,9.107949256896973
953,images/0953_wrong_label_2.png,wrong_label_2,26054,0.0,766,True,0.26042458415031433,0.01777583174407482,False,0.4683346364347146,-4527.46484375,-1851.02099609375,-2376.678955078125,-2376.678955078125,11.333767890930176
954,images/0954_wrong_label_2.png,wrong_label_2,6897,0.0,97,True,0.4837716221809387,0.007465843576937914,False,0.8780297107114934,-3274.28369140625,-322.666748046875,-544.2693481445312,-544.2693481445312,13.456019401550293
955,images/0955_wrong_label_2.png,wrong_label_2,3275,0.0,60,True,0.23856773972511292,0.0012379377149045467,False,0.32525410476935107,-3543.9072265625,-1063.4619140625,-1452.953125,-1452.953125,20.894332885742188
956,images/0956_wrong_label_2.png,wrong_label_2,40160,0.0,802,True,0.3000600337982178,0.0028686411678791046,False,0.4601250977326036,-4213.15625,-1133.2138671875,-1615.2393798828125,-1615.2393798828125,13.543134689331055
957,images/0957_wrong_label_2.png,wrong_label_2,19977,0.0,741,True,0.2709117531776428,0.02627437189221382,False,0.4953088350273651,-4166.4521484375,-1353.908203125,-1689.852783203125,-1689.852783203125,13.572418212890625
958,images/0958_wrong_label_2.png,wrong_label_2,3313,0.0,60,True,0.3391990065574646,0.01263614185154438,False,0.6219702892885066,-3158.264892578125,-677.819580078125,-1042.339599609375,-1042.339599609375,15.158549308776855
959,images/0959_wrong_label_2.png,wrong_label_2,40057,0.0,543,True,0.27486833930015564,0.019695136696100235,False,0.4968725566849101,-7102.3388671875,-4463.98828125,-5015.3818359375,-5015.3818359375,21.161968231201172
960,images/0960_wrong_label_3.png,wrong_label_3,41468,0.0,779,True,0.3494648337364197,0.004502491094172001,False,0.6118060985144644,-5614.91552734375,-2735.2490234375,-3069.7978515625,-3069.7978515625,7.832869529724121
961,images/0961_wrong_label_3.png,wrong_label_3,29514,0.0,662,True,0.47538647055625916,0.015640083700418472,False,0.8967943706020328,-9052.275390625,-5966.45654296875,-6974.75244140625,-6974.75244140625,17.160213470458984
962,images/0962_wrong_label_3.png,wrong_label_3,36951,0.0,470,True,0.33402198553085327,0.001412250567227602,False,0.4992181391712275,-5499.88818359375,-2593.24853515625,-3404.5537109375,-3404.5537109375,26.210729598999023
963,images/0963_wrong_label_3.png,wrong_label_3,35529,0.0,844,True,0.26456794142723083,0.02571454830467701,False,0.4878811571540266,-3192.354736328125,-318.279296875,-1004.838623046875,-1004.838623046875,19.305810928344727
964,images/0964_wrong_label_3.png,wrong_label_3,39027,0.0,914,True,0.564328670501709,0.004558527376502752,False,0.8639562157935887,-6627.34765625,-3354.75244140625,-3980.953369140625,-3980.953369140625,12.547008514404297
965,images/0965_wrong_label_3.png,wrong_label_3,25428,0.0,620,True,0.4261853098869324,0.012535005807876587,False,0.8702111024237685,-6492.6337890625,-3485.35205078125,-4047.65478515625,-4047.65478515625,8.070470809936523
966,images/0966_wrong_label_3.png,wrong_label_3,42304,0.0,530,True,0.2559144198894501,0.0017244884511455894,False,0.3608287724784988,-8517.5537109375,-5444.740234375,-6513.5205078125,-6513.5205078125,12.399203300476074
967,images/0967_wrong_label_3.png,wrong_label_3,35299,0.0,881,True,0.20762555301189423,0.03213834390044212,False,0.4550430023455825,-5369.0439453125,-2318.86865234375,-2769.05078125,-2769.05078125,14.653152465820312
968,images/0968_wrong_label_3.png,wrong_label_3,30439,0.0,797,True,0.3716554343700409,0.01425156183540821,False,0.7494136043784206,-4224.53271484375,-1527.27685546875,-2052.417724609375,-2052.417724609375,11.32165241241455
969,images/0969_wrong_label_3.png,wrong_label_3,4134,0.0,80,True,0.2139570266008377,0.005135593935847282,False,0.39327599687255665,-4074.5,-933.939453125,-1293.993896484375,-1293.993896484375,24.9406681060791
970,images/0970_wrong_label_3.png,wrong_label_3,37986,0.0,872,True,0.2854739725589752,0.0034555664751678705,False,0.44175136825645034,-6220.02294921875,-3394.058837890625,-3927.9599609375,-3927.9599609375,10.594484329223633
971,images/0971_wrong_label_3.png,wrong_label_3,36633,0.0,984,True,0.2726899981498718,0.0015161157352849841,False,0.37412040656763096,-8013.72412109375,-4604.427734375,-5223.09765625,-5223.09765625,13.579032897949219
972,images/0972_wrong_label_3.png,wrong_label_3,41576,0.0,548,True,0.656463623046875,0.010740336962044239,False,0.9022673964034402,-5759.5712890625,-2648.4609375,-3131.04541015625,-3131.04541015625,13.685931205749512
973,images/0973_wrong_label_3.png,wrong_label_3,28328,0.0,683,True,0.1747145652770996,0.001133742742240429,False,0.3029710711493354,-3518.248291015625,-671.724365234375,-1300.191162109375,-1300.191162109375,14.030959129333496
974,images/0974_wrong_label_3.png,wrong_label_3,24266,0.0,632,True,0.48020631074905396,0.039798200130462646,False,0.9261141516810008,-5808.025390625,-2760.96484375,-3406.5185546875,-3406.5185546875,9.856751441955566
975,images/0975_wrong_label_3.png,wrong_label_3,11578,0.0,191,True,0.7195724844932556,0.003106418065726757,False,0.8530101641907741,-4307.671875,-1256.9599609375,-1671.154541015625,-1671.154541015625,13.168060302734375
976,images/0976_wrong_label_3.png,wrong_label_3,5354,0.0,111,True,0.3265588581562042,0.0009024027967825532,False,0.4519155590304926,-12371.296875,-9453.19140625,-10438.302734375,-10438.302734375,23.30170249938965
977,images/0977_wrong_label_3.png,wrong_label_3,45031,0.0,849,True,0.25164324045181274,0.0013160406379029155,False,0.33620015637216577,-5885.46484375,-3050.6318359375,-3535.9345703125,-3535.9345703125,10.137823104858398
978,images/0978_wrong_label_3.png,wrong_label_3,4663,0.0,22,True,0.6191296577453613,0.0023573399521410465,False,0.8358092259577796,-8332.5947265625,-5153.66064453125,-6040.2626953125,-6040.2626953125,18.051448822021484
979,images/0979_wrong_label_3.png,wrong_label_3,17115,0.0,101,True,0.2945956885814667,0.001550686894915998,False,0.4065676309616888,-3552.4345703125,-554.728759765625,-983.632080078125,-983.632080078125,25.52585220336914
980,images/0980_wrong_label_3.png,wrong_label_3,30819,0.0,911,True,0.2296280860900879,0.0022552418522536755,False,0.36043784206411256,-4174.8896484375,-1232.2529296875,-1579.5283203125,-1579.5283203125,15.721376419067383
981,images/0981_wrong_label_3.png,wrong_label_3,1587,0.0,838,True,0.25249841809272766,0.02135985903441906,False,0.46481626270523846,-4774.26171875,-2222.391845703125,-2955.014404296875,-2955.014404296875,28.447769165039062
982,images/0982_wrong_label_3.png,wrong_label_3,10676,0.0,218,True,0.3164187967777252,0.0035513087641447783,False,0.49960906958561374,-4157.0078125,-1247.363525390625,-1565.687744140625,-1565.687744140625,11.793232917785645
983,images/0983_wrong_label_3.png,wrong_label_3,45917,0.0,762,True,0.43259188532829285,0.006705494597554207,False,0.8577013291634089,-5284.5751953125,-2401.22607421875,-2836.61572265625,-2836.61572265625,11.09714412689209
984,images/0984_wrong_label_3.png,wrong_label_3,25878,0.0,754,True,0.39230015873908997,0.0013022279599681497,False,0.7099296325254105,-4705.04296875,-1885.755859375,-2675.95556640625,-2675.95556640625,14.021672248840332
985,images/0985_wrong_label_3.png,wrong_label_3,17262,0.0,603,True,0.7561883330345154,0.00450628949329257,False,0.8717748240813135,-3292.14111328125,-336.5810546875,-658.7192993164062,-658.7192993164062,14.006094932556152
986,images/0986_wrong_label_3.png,wrong_label_3,16713,0.0,7,True,0.30443504452705383,0.0023330445401370525,False,0.4581704456606724,-3456.33642578125,-627.3125,-952.380859375,-952.380859375,41.33454895019531
987,images/0987_wrong_label_3.png,wrong_label_3,23369,0.0,509,True,0.4396880865097046,0.0011972179636359215,False,0.7701329163408914,-3994.2392578125,-1348.9853515625,-1763.1556396484375,-1763.1556396484375,25.783275604248047
988,images/0988_wrong_label_3.png,wrong_label_3,9717,0.0,203,True,0.47724589705467224,0.0021111308597028255,False,0.8127443315089914,-6500.3115234375,-3411.002685546875,-3901.623046875,-3901.623046875,24.76168441772461
989,images/0989_wrong_label_3.png,wrong_label_3,4768,0.0,20,True,0.22582286596298218,0.0014557462418451905,False,0.3279906176700547,-6972.025390625,-3941.36962890625,-4174.26220703125,-4174.26220703125,22.36404800415039
990,images/0990_wrong_label_3.png,wrong_label_3,22015,0.0,455,True,0.1779097616672516,0.0036172564141452312,False,0.36942924159499607,-4534.9091796875,-1678.48974609375,-2076.129150390625,-2076.129150390625,8.357604026794434
991,images/0991_wrong_label_3.png,wrong_label_3,3775,0.0,126,True,0.5419198274612427,0.014555403031408787,False,0.9050039093041439,-7000.8671875,-4484.8056640625,-5218.7333984375,-5218.7333984375,7.949572563171387
992,images/0992_wrong_label_3.png,wrong_label_3,38296,0.0,827,True,0.16659027338027954,0.008628780953586102,False,0.40304925723221263,-4835.0732421875,-2070.682373046875,-2601.138427734375,-2601.138427734375,16.2110652923584
993,images/0993_wrong_label_3.png,wrong_label_3,17073,0.0,730,True,0.3689618706703186,0.0032124712597578764,False,0.6790461297888977,-3231.680908203125,-396.791259765625,-776.0352783203125,-776.0352783203125,9.066579818725586
994,images/0994_wrong_label_3.png,wrong_label_3,27473,0.0,695,True,0.27544111013412476,0.0148114413022995,False,0.49179046129788895,-7428.99755859375,-4718.60986328125,-5337.94140625,-5337.94140625,16.856689453125
995,images/0995_wrong_label_3.png,wrong_label_3,25626,0.0,596,True,0.24447813630104065,0.004398453515022993,False,0.398749022673964,-14011.638671875,-11782.96875,-12773.05859375,-12773.05859375,7.963344097137451
996,images/0996_wrong_label_3.png,wrong_label_3,22148,0.0,663,True,0.2795211672782898,0.012010288424789906,False,0.48670836591086786,-8627.2001953125,-5693.3681640625,-6049.0361328125,-6049.0361328125,11.169057846069336
997,images/0997_wrong_label_3.png,wrong_label_3,39283,0.0,732,True,0.25772395730018616,0.02312956564128399,False,0.47341673182173577,-6363.28076171875,-2965.78076171875,-3471.604736328125,-3471.604736328125,8.089408874511719
998,images/0998_wrong_label_3.png,wrong_label_3,46213,0.0,961,True,0.271311491727829,0.01284724473953247,False,0.47263487099296325,-5682.7724609375,-2590.1630859375,-3009.47607421875,-3009.47607421875,12.444280624389648
999,images/0999_wrong_label_3.png,wrong_label_3,48573,0.0,893,True,0.19305948913097382,0.0010318417334929109,False,0.3033620015637217,-10727.802734375,-7645.12646484375,-8107.50390625,-8107.50390625,20.462162017822266
1000,images/1000_wrong_label_3.png,wrong_label_3,40065,0.0,639,True,0.4039773941040039,0.0034324796870350838,False,0.7912431587177482,-5320.8427734375,-2248.4619140625,-2796.498779296875,-2796.498779296875,11.928437232971191
1001,images/1001_wrong_label_3.png,wrong_label_3,47256,0.0,949,True,0.3131715953350067,0.0031276382505893707,False,0.48592650508209534,-7194.92578125,-4189.0654296875,-4873.5791015625,-4873.5791015625,13.432427406311035
1002,images/1002_wrong_label_3.png,wrong_label_3,22470,0.0,915,True,0.5494551062583923,0.01056895311921835,False,0.8948397185301016,-3993.246826171875,-1018.6748046875,-1400.615478515625,-1400.615478515625,10.119686126708984
1003,images/1003_wrong_label_3.png,wrong_label_3,44139,0.0,811,True,0.3773358166217804,0.00514378072693944,False,0.7326035965598123,-5262.484375,-2345.92529296875,-3056.337890625,-3056.337890625,10.357620239257812
1004,images/1004_wrong_label_3.png,wrong_label_3,44407,0.0,821,True,0.3433983623981476,0.001897355541586876,False,0.5508209538702111,-8789.50390625,-5763.4609375,-6256.6962890625,-6256.6962890625,8.144142150878906
1005,images/1005_wrong_label_3.png,wrong_label_3,34854,0.0,431,True,0.40703192353248596,0.03500139340758324,False,0.8827208756841283,-4740.68310546875,-2136.778564453125,-2631.620849609375,-2631.620849609375,10.288818359375
1006,images/1006_wrong_label_3.png,wrong_label_3,20630,0.0,860,True,0.2990575432777405,0.012365129776299,False,0.5140734949179047,-4259.7666015625,-1741.383056640625,-2216.07666015625,-2216.07666015625,14.29470157623291
1007,images/1007_wrong_label_3.png,wrong_label_3,21675,0.0,148,True,0.3835445046424866,0.0068753063678741455,False,0.7677873338545739,-5755.337890625,-2704.08984375,-3108.48193359375,-3108.48193359375,18.637094497680664
1008,images/1008_wrong_label_3.png,wrong_label_3,17150,0.0,337,True,0.29556775093078613,0.019221656024456024,False,0.5254104769351056,-3126.538818359375,-216.543212890625,-604.9998168945312,-604.9998168945312,10.159570693969727
1009,images/1009_wrong_label_3.png,wrong_label_3,31966,0.0,972,True,0.3533954322338104,0.013958141207695007,False,0.6731821735731041,-6059.72314453125,-3046.11376953125,-3465.85205078125,-3465.85205078125,9.036515235900879
1010,images/1010_wrong_label_3.png,wrong_label_3,37633,0.0,787,True,0.27851229906082153,0.02887890860438347,False,0.5144644253322909,-5177.27685546875,-2437.6142578125,-2977.84130859375,-2977.84130859375,11.333630561828613
1011,images/1011_wrong_label_3.png,wrong_label_3,27959,0.0,532,True,0.3509996831417084,0.008574572391808033,False,0.6485535574667709,-3890.01953125,-831.271728515625,-1318.278564453125,-1318.278564453125,12.478437423706055
1012,images/1012_wrong_label_3.png,wrong_label_3,7785,0.0,266,True,0.386451780796051,0.0094830971211195,False,0.7896794370602033,-4328.05859375,-1094.0810546875,-1421.8800048828125,-1421.8800048828125,9.966261863708496
1013,images/1013_wrong_label_3.png,wrong_label_3,41103,0.0,522,True,0.29303815960884094,0.017078949138522148,False,0.5129007036747459,-5689.34765625,-3184.80712890625,-3699.628662109375,-3699.628662109375,24.699323654174805
1014,images/1014_wrong_label_3.png,wrong_label_3,31860,0.0,899,True,0.7776446342468262,0.001009764731861651,False,0.7924159499609069,-5840.05859375,-3162.0390625,-3822.22314453125,-3822.22314453125,21.64812469482422
1015,images/1015_wrong_label_3.png,wrong_label_3,2555,0.0,607,True,0.5243234038352966,0.0009995843283832073,False,0.7748240813135262,-8603.998046875,-5357.4541015625,-6053.57080078125,-6053.57080078125,12.228838920593262
1016,images/1016_wrong_label_3.png,wrong_label_3,28631,0.0,604,True,0.261497437953949,0.014423220418393612,False,0.46481626270523846,-6550.07861328125,-3510.65283203125,-4220.515625,-4220.515625,8.529093742370605
1017,images/1017_wrong_label_3.png,wrong_label_3,26054,0.0,962,True,0.26042458415031433,0.0154200354591012,False,0.464034401876466,-5241.8740234375,-2046.658203125,-2441.50341796875,-2441.50341796875,12.011055946350098
1018,images/1018_wrong_label_3.png,wrong_label_3,6897,0.0,100,True,0.4837716221809387,0.0072908843867480755,False,0.8768569194683347,-3330.3203125,-280.724609375,-636.4757690429688,-636.4757690429688,13.822874069213867
1019,images/1019_wrong_label_3.png,wrong_label_3,3275,0.0,38,True,0.23856773972511292,0.0012123262276872993,False,0.3248631743549648,-3611.25830078125,-1040.7705078125,-1485.6300048828125,-1485.6300048828125,21.185083389282227
1020,images/1020_wrong_label_3.png,wrong_label_3,40160,0.0,792,True,0.3000600337982178,0.002718877512961626,False,0.45973416731821737,-3352.407958984375,-1012.019287109375,-1496.459228515625,-1496.459228515625,12.275863647460938
1021,images/1021_wrong_label_3.png,wrong_label_3,19977,0.0,295,True,0.2709117531776428,0.02423124387860298,False,0.4929632525410477,-4186.1337890625,-1290.5966796875,-1623.5987548828125,-1623.5987548828125,12.45384407043457
1022,images/1022_wrong_label_3.png,wrong_label_3,3313,0.0,962,True,0.3391990065574646,0.002987066050991416,False,0.5648944487881158,-3954.78125,-759.5654296875,-1212.5654296875,-1212.5654296875,13.370417594909668
1023,images/1023_wrong_label_3.png,wrong_label_3,40057,0.0,422,True,0.27486833930015564,0.014088094234466553,False,0.48553557466770914,-6291.3017578125,-3607.3017578125,-4161.5859375,-4161.5859375,21.810386657714844
1024,images/1024_failure_none.png,failure_none,41468,0.95,829,False,0.35311076045036316,0.0001773129333741963,False,0.3002345582486317,6689.04345703125,9522.42578125,9348.4609375,9348.4609375,260.4899597167969
1025,images/1025_failure_none.png,failure_none,29514,0.95,590,False,0.3266628384590149,0.0008073475328274071,False,0.4456606724003127,8735.259765625,11871.0712890625,11204.814453125,11204.814453125,261.4783630371094
1026,images/1026_failure_none.png,failure_none,36951,0.95,739,False,0.34009090065956116,0.0003379412810318172,False,0.35965598123534015,7333.4990234375,9884.16796875,9530.2626953125,9530.2626953125,258.9254150390625
1027,images/1027_failure_none.png,failure_none,35529,0.95,710,False,0.3808300495147705,0.00031626501004211605,False,0.49218139171227526,8626.037109375,11766.21875,11165.236328125,11165.236328125,260.5348815917969
1028,images/1028_failure_none.png,failure_none,39027,0.95,780,False,0.3885955810546875,0.0001900884963106364,False,0.44292415949960906,7474.48828125,10970.173828125,10560.90234375,10560.90234375,264.9095764160156
1029,images/1029_failure_none.png,failure_none,25428,0.95,508,False,0.32724425196647644,0.00014486214786302298,False,0.2001563721657545,7794.306640625,11020.30078125,10486.03125,10486.03125,259.1959533691406
1030,images/1030_failure_none.png,failure_none,42304,0.95,846,False,0.35479846596717834,0.0006923187174834311,False,0.5265832681782643,8711.751953125,11891.037109375,11134.36328125,11134.36328125,261.58026123046875
1031,images/1031_failure_none.png,failure_none,35299,0.95,705,False,0.38043907284736633,0.00035844638478010893,False,0.5203283815480845,7269.1162109375,10272.3310546875,10038.71875,10038.71875,260.18505859375
1032,images/1032_failure_none.png,failure_none,30439,0.95,608,False,0.3535282611846924,0.0007557252538390458,False,0.5324472243940579,7211.89013671875,10377.208984375,10098.71875,10098.71875,258.8068542480469
1033,images/1033_failure_none.png,failure_none,4134,0.95,82,False,0.4033092260360718,0.0019966070540249348,False,0.7611415168100077,6499.376953125,9485.7421875,9121.9921875,9121.9921875,257.0687561035156
1034,images/1034_failure_none.png,failure_none,37986,0.95,759,False,0.35672762989997864,0.0003186381363775581,False,0.4010946051602815,7436.1943359375,10962.921875,10569.65625,10569.65625,283.38055419921875
1035,images/1035_failure_none.png,failure_none,36633,0.95,732,False,0.29686781764030457,0.00023931717441882938,False,0.18764659890539484,7676.015625,11073.515625,10683.5322265625,10683.5322265625,264.9324645996094
1036,images/1036_failure_none.png,failure_none,41576,0.95,831,False,0.35224035382270813,0.00044500562944449484,False,0.44683346364347143,8383.572265625,11432.0791015625,10857.4375,10857.4375,260.9956359863281
1037,images/1037_failure_none.png,failure_none,28328,0.95,566,False,0.35542452335357666,0.00032138306414708495,False,0.400312744331509,7320.18896484375,10078.326171875,9718.017578125,9718.017578125,259.33758544921875
1038,images/1038_failure_none.png,failure_none,24266,0.95,485,False,0.36764848232269287,0.00030756875639781356,False,0.43745113369820177,8180.97607421875,11273.958984375,10781.294921875,10781.294921875,259.5703125
1039,images/1039_failure_none.png,failure_none,11578,0.95,231,False,0.31449568271636963,0.001602713018655777,False,0.4515246286161063,7085.02587890625,9977.419921875,9737.4365234375,9737.4365234375,255.81251525878906
1040,images/1040_failure_none.png,failure_none,5354,0.95,107,False,0.38577526807785034,0.0003646710538305342,False,0.5445660672400313,9742.859375,12775.4267578125,12043.1171875,12043.1171875,284.28204345703125
1041,images/1041_failure_none.png,failure_none,45031,0.95,900,False,0.3212093114852905,0.00026408652774989605,False,0.2568412822517592,7613.87451171875,11110.1552734375,10643.17578125,10643.17578125,259.8060607910156
1042,images/1042_failure_none.png,failure_none,4663,0.95,93,False,0.3918609619140625,0.0002231217222288251,False,0.4827990617670055,6929.0283203125,9776.61328125,9406.0263671875,9406.0263671875,255.578857421875
1043,images/1043_failure_none.png,failure_none,17115,0.95,342,False,0.3133794367313385,0.00443747965618968,False,0.5027365129007036,6601.22900390625,9596.4013671875,9354.328125,9354.328125,256.3402404785156
1044,images/1044_failure_none.png,failure_none,30819,0.95,616,False,0.3859309256076813,0.0006708030705340207,False,0.6376075058639563,8019.75390625,10696.1533203125,10234.6025390625,10234.6025390625,256.6707763671875
1045,images/1045_failure_none.png,failure_none,1587,0.95,31,False,0.365582674741745,0.0007336317212320864,False,0.5754495699765442,7659.63427734375,10672.8505859375,10275.41015625,10275.41015625,272.569091796875
1046,images/1046_failure_none.png,failure_none,10676,0.95,213,False,0.35699641704559326,0.002358736703172326,False,0.6141516810007819,7244.109375,10300.900390625,9965.9091796875,9965.9091796875,260.33233642578125
1047,images/1047_failure_none.png,failure_none,45917,0.95,918,False,0.42651602625846863,0.0002543324662838131,False,0.5566849100860047,6974.537109375,9810.46484375,9506.423828125,9506.423828125,266.1098327636719
1048,images/1048_failure_none.png,failure_none,25878,0.95,517,False,0.4133055806159973,0.00014751793059986085,False,0.48162627052384677,7746.51220703125,11122.7353515625,10353.0693359375,10353.0693359375,261.88671875
1049,images/1049_failure_none.png,failure_none,17262,0.95,345,False,0.3504743278026581,0.0010152759496122599,False,0.5359655981235341,6817.0712890625,9702.91015625,9381.2822265625,9381.2822265625,256.0367431640625
1050,images/1050_failure_none.png,failure_none,16713,0.95,334,False,0.3378865420818329,0.003750900039449334,False,0.5691946833463644,7009.9677734375,9937.728515625,9697.314453125,9697.314453125,260.42303466796875
1051,images/1051_failure_none.png,failure_none,23369,0.95,467,False,0.3938743472099304,0.00013062480138614774,False,0.43041438623924944,6102.3427734375,8839.6435546875,8520.359375,8520.359375,256.8587951660156
1052,images/1052_failure_none.png,failure_none,9717,0.95,194,False,0.3377326726913452,0.0017726573860272765,False,0.5285379202501954,7182.66455078125,10178.115234375,9779.17578125,9779.17578125,256.685791015625
1053,images/1053_failure_none.png,failure_none,4768,0.95,95,False,0.3938663601875305,0.0003453823155723512,False,0.5617670054730258,7160.115234375,10469.486328125,10070.9140625,10070.9140625,261.69744873046875
1054,images/1054_failure_none.png,failure_none,22015,0.95,440,False,0.3385145664215088,0.0005208539660088718,False,0.4311962470680219,7417.41015625,10264.529296875,9877.791015625,9877.791015625,257.5368957519531
1055,images/1055_failure_none.png,failure_none,3775,0.95,75,False,0.36444932222366333,0.000918935053050518,False,0.58835027365129,7221.53125,10261.30859375,9985.38671875,9985.38671875,263.7801818847656
1056,images/1056_failure_none.png,failure_none,38296,0.95,765,False,0.3257577419281006,0.0007334402180276811,False,0.4327599687255669,7579.1376953125,10410.75390625,10029.685546875,10029.685546875,256.397216796875
1057,images/1057_failure_none.png,failure_none,17073,0.95,341,False,0.3588669002056122,0.0027152651455253363,False,0.6278342455043002,6827.1435546875,9483.337890625,9288.630859375,9288.630859375,253.4622039794922
1058,images/1058_failure_none.png,failure_none,27473,0.95,549,False,0.3716253936290741,0.0004981884267181158,False,0.544175136825645,8418.828125,11362.572265625,10627.078125,10627.078125,272.6207580566406
1059,images/1059_failure_none.png,failure_none,25626,0.95,512,False,0.38097983598709106,0.00041151317418552935,False,0.5461297888975762,8937.408203125,11865.4609375,11183.216796875,11183.216796875,271.4894104003906
1060,images/1060_failure_none.png,failure_none,22148,0.95,442,False,0.362158864736557,0.00011712431296473369,False,0.30727130570758404,7919.41015625,11068.0390625,10652.0,10652.0,260.2022705078125
1061,images/1061_failure_none.png,failure_none,39283,0.95,785,False,0.3732907772064209,0.0004876601160503924,False,0.5508209538702111,7672.466796875,10771.87109375,10414.794921875,10414.794921875,259.3900451660156
1062,images/1062_failure_none.png,failure_none,46213,0.95,924,False,0.36825811862945557,0.0002065752778435126,False,0.3795934323690383,6802.2900390625,9956.404296875,9596.578125,9596.578125,263.9128723144531
1063,images/1063_failure_none.png,failure_none,48573,0.95,971,False,0.3290855288505554,0.0004765235644299537,False,0.3827208756841282,7770.8203125,10551.396484375,10001.3056640625,10001.3056640625,261.3260192871094
1064,images/1064_failure_none.png,failure_none,40065,0.95,801,False,0.36095669865608215,0.00027970666997134686,False,0.3967943706020328,7213.2890625,10190.8837890625,9831.330078125,9831.330078125,270.6439514160156
1065,images/1065_failure_none.png,failure_none,47256,0.95,945,False,0.3781020939350128,0.00034091039560735226,False,0.5035183737294762,8544.5380859375,11243.466796875,10584.5595703125,10584.5595703125,267.9658508300781
1066,images/1066_failure_none.png,failure_none,22470,0.95,449,False,0.35766085982322693,0.0001409256219631061,False,0.29945269741985925,7004.7001953125,9988.310546875,9779.14453125,9779.14453125,257.4606018066406
1067,images/1067_failure_none.png,failure_none,44139,0.95,882,False,0.36071813106536865,0.00033102749148383737,False,0.42298670836591085,7694.017578125,10414.619140625,9904.15625,9904.15625,255.66714477539062
1068,images/1068_failure_none.png,failure_none,44407,0.95,888,False,0.315236359834671,0.0003167800314258784,False,0.26661454261141515,7371.3564453125,10439.333984375,10030.921875,10030.921875,268.9351501464844
1069,images/1069_failure_none.png,failure_none,34854,0.95,697,False,0.3508749008178711,0.00041455068276263773,False,0.43041438623924944,7284.53564453125,10273.515625,9815.322265625,9815.322265625,261.30865478515625
1070,images/1070_failure_none.png,failure_none,20630,0.95,412,False,0.4053060710430145,0.0008939635008573532,False,0.7181391712275216,7728.2744140625,10208.2138671875,9912.9609375,9912.9609375,255.633544921875
1071,images/1071_failure_none.png,failure_none,21675,0.95,433,False,0.3190503716468811,0.00019130324653815478,False,0.1970289288506646,7535.55029296875,10215.51953125,9850.861328125,9850.861328125,258.0654296875
1072,images/1072_failure_none.png,failure_none,17150,0.95,343,False,0.33919820189476013,0.0004040921339765191,False,0.38506645817044566,6820.60986328125,9778.80859375,9541.572265625,9541.572265625,258.1093444824219
1073,images/1073_failure_none.png,failure_none,31966,0.95,639,False,0.36765140295028687,0.000507306947838515,False,0.5320562939796716,7907.7646484375,10980.1455078125,10578.275390625,10578.275390625,260.15667724609375
1074,images/1074_failure_none.png,failure_none,37633,0.95,752,False,0.3913891315460205,8.48521594889462e-05,False,0.40656763096168885,7400.59375,10430.9296875,10091.99609375,10091.99609375,258.55279541015625
1075,images/1075_failure_none.png,failure_none,27959,0.95,559,False,0.3577626645565033,0.0005300170741975307,False,0.5003909304143863,7911.10693359375,10640.755859375,10066.0126953125,10066.0126953125,264.6990661621094
1076,images/1076_failure_none.png,failure_none,7785,0.95,155,False,0.3610509932041168,0.0005792246083728969,False,0.5238467552775606,7095.755859375,10157.076171875,9950.380859375,9950.380859375,257.3574523925781
1077,images/1077_failure_none.png,failure_none,41103,0.95,822,False,0.2987154722213745,0.00040924453060142696,False,0.282642689601251,6687.52490234375,9321.7314453125,8957.52734375,8957.52734375,255.03924560546875
1078,images/1078_failure_none.png,failure_none,31860,0.95,637,False,0.4380207359790802,0.00047032005386427045,False,0.6720093823299453,7285.7216796875,10015.693359375,9831.974609375,9831.974609375,254.10330200195312
1079,images/1079_failure_none.png,failure_none,2555,0.95,51,False,0.3834644854068756,0.0002036559017142281,False,0.4323690383111806,7049.87109375,9762.4814453125,9243.02734375,9243.02734375,259.2869873046875
1080,images/1080_failure_none.png,failure_none,28631,0.95,572,False,0.33603712916374207,0.0005418335204012692,False,0.42885066458170445,7773.919921875,10740.427734375,10285.1015625,10285.1015625,257.6971130371094
1081,images/1081_failure_none.png,failure_none,26054,0.95,521,False,0.36405149102211,0.0002097009273711592,False,0.36630179827990617,7918.84423828125,10765.2783203125,10293.4609375,10293.4609375,258.7200012207031
1082,images/1082_failure_none.png,failure_none,6897,0.95,137,False,0.32179439067840576,0.0004602912231348455,False,0.35496481626270526,6940.58349609375,10072.78125,9855.8173828125,9855.8173828125,258.4906921386719
1083,images/1083_failure_none.png,failure_none,3275,0.95,65,False,0.34774351119995117,0.009084079414606094,False,0.6336982017200938,7525.072265625,10169.923828125,9579.60546875,9579.60546875,256.2734069824219
1084,images/1084_failure_none.png,failure_none,40160,0.95,803,False,0.38180699944496155,0.00025966562679968774,False,0.4687255668491009,7263.412109375,10235.75390625,10072.390625,10072.390625,259.2625427246094
1085,images/1085_failure_none.png,failure_none,19977,0.95,399,False,0.40028494596481323,0.00040776105015538633,False,0.6039874902267396,8672.005859375,11973.8896484375,11319.8193359375,11319.8193359375,266.1535949707031
1086,images/1086_failure_none.png,failure_none,3313,0.95,66,False,0.3818838596343994,0.006174217443913221,False,0.7568412822517592,6931.14306640625,9518.025390625,9208.841796875,9208.841796875,257.1534729003906
1087,images/1087_failure_none.png,failure_none,40057,0.95,801,False,0.4096818268299103,0.0002716475282795727,False,0.5535574667709148,7175.0185546875,10152.61328125,9781.2802734375,9781.2802734375,261.921142578125
1088,images/1088_failure_dot.png,failure_dot,41468,0.95,829,False,0.3533005118370056,0.00017712045519147068,False,0.2998436278342455,6688.41259765625,9521.794921875,9347.7265625,9347.7265625,260.47003173828125
1089,images/1089_failure_dot.png,failure_dot,29514,0.95,590,False,0.3266841471195221,0.0008080950356088579,False,0.4464425332290852,8724.185546875,11859.9970703125,11193.49609375,11193.49609375,261.324462890625
1090,images/1090_failure_dot.png,failure_dot,36951,0.95,739,False,0.3399313688278198,0.00033779427758418024,False,0.3577013291634089,7328.0009765625,9878.669921875,9524.59375,9524.59375,258.94830322265625
1091,images/1091_failure_dot.png,failure_dot,35529,0.95,710,False,0.3809832036495209,0.0003161344211548567,False,0.4937451133698202,8618.671875,11758.853515625,11157.7333984375,11157.7333984375,260.4305725097656
1092,images/1092_failure_dot.png,failure_dot,39027,0.95,780,False,0.388555109500885,0.0001899637427413836,False,0.44175136825645034,7475.2412109375,10970.927734375,10561.46875,10561.46875,264.8962707519531
1093,images/1093_failure_dot.png,failure_dot,25428,0.95,508,False,0.3273160457611084,0.00014478401863016188,False,0.20093823299452696,7798.48828125,11024.482421875,10490.0791015625,10490.0791015625,259.232177734375
1094,images/1094_failure_dot.png,failure_dot,42304,0.95,846,False,0.3549118936061859,0.000692123721819371,False,0.5265832681782643,8723.080078125,11902.365234375,11145.7177734375,11145.7177734375,261.7126159667969
1095,images/1095_failure_dot.png,failure_dot,35299,0.95,705,False,0.3804163932800293,0.00035870555439032614,False,0.5207193119624707,7271.51904296875,10274.734375,10041.017578125,10041.017578125,260.1903076171875
1096,images/1096_failure_dot.png,failure_dot,30439,0.95,608,False,0.3533974289894104,0.0007564806728623807,False,0.5320562939796716,7211.2998046875,10376.619140625,10097.7109375,10097.7109375,258.9164123535156
1097,images/1097_failure_dot.png,failure_dot,4134,0.95,82,False,0.403402715921402,0.001990281278267503,False,0.7615324472243941,6501.5869140625,9487.951171875,9124.1015625,9124.1015625,257.0922546386719
1098,images/1098_failure_dot.png,failure_dot,37986,0.95,759,False,0.3569420278072357,0.00031905568903312087,False,0.40304925723221263,7416.35205078125,10943.0791015625,10548.326171875,10548.326171875,283.9995422363281
1099,images/1099_failure_dot.png,failure_dot,36633,0.95,732,False,0.2968725562095642,0.00023905187845230103,False,0.1872556684910086,7668.978515625,11066.478515625,10676.40625,10676.40625,265.0904235839844
1100,images/1100_failure_dot.png,failure_dot,41576,0.95,831,False,0.3524022102355957,0.0004443987272679806,False,0.446051602814699,8380.8642578125,11429.37109375,10854.712890625,10854.712890625,260.9298095703125
1101,images/1101_failure_dot.png,failure_dot,28328,0.95,566,False,0.35533246397972107,0.00032184069277718663,False,0.3999218139171228,7321.5712890625,10079.708984375,9719.4189453125,9719.4189453125,259.3526916503906
1102,images/1102_failure_dot.png,failure_dot,24266,0.95,485,False,0.36813080310821533,0.0003076831344515085,False,0.43979671618451915,8172.927734375,11265.91015625,10773.119140625,10773.119140625,259.5550231933594
1103,images/1103_failure_dot.png,failure_dot,11578,0.95,231,False,0.314491868019104,0.0016024747164919972,False,0.4507427677873338,7089.154296875,9981.548828125,9741.484375,9741.484375,255.845458984375
1104,images/1104_failure_dot.png,failure_dot,5354,0.95,107,False,0.38600480556488037,0.00036393673508428037,False,0.5445660672400312,9735.046875,12767.6142578125,12035.80078125,12035.80078125,284.4591979980469
1105,images/1105_failure_dot.png,failure_dot,45031,0.95,900,False,0.32104185223579407,0.0002643591433297843,False,0.2568412822517592,7616.5947265625,11112.875,10645.8515625,10645.8515625,259.83843994140625
1106,images/1106_failure_dot.png,failure_dot,4663,0.95,93,False,0.3918186128139496,0.00022284324222709984,False,0.48162627052384677,6929.9658203125,9777.55078125,9406.947265625,9406.947265625,255.5836944580078
1107,images/1107_failure_dot.png,failure_dot,17115,0.95,342,False,0.3132471740245819,0.00443299813196063,False,0.5011727912431587,6600.1142578125,9595.287109375,9353.1923828125,9353.1923828125,256.3334045410156
1108,images/1108_failure_dot.png,failure_dot,30819,0.95,616,False,0.3860135078430176,0.0006711419555358589,False,0.6387802971071149,8020.4580078125,10696.857421875,10235.47265625,10235.47265625,256.69219970703125
1109,images/1109_failure_dot.png,failure_dot,1587,0.95,31,False,0.3655339479446411,0.0007334839319810271,False,0.5746677091477717,7667.4052734375,10680.62109375,10283.1806640625,10283.1806640625,272.4958190917969
1110,images/1110_failure_dot.png,failure_dot,10676,0.95,213,False,0.356986403465271,0.0023576647508889437,False,0.6133698201720094,7241.712890625,10298.50390625,9963.439453125,9963.439453125,260.3108825683594
1111,images/1111_failure_dot.png,failure_dot,45917,0.95,918,False,0.4263623058795929,0.00025447402731515467,False,0.5562939796716184,6972.53173828125,9808.4599609375,9504.560546875,9504.560546875,266.0057678222656
1112,images/1112_failure_dot.png,failure_dot,25878,0.95,517,False,0.41330888867378235,0.00014750560512766242,False,0.48162627052384677,7752.72412109375,11128.947265625,10359.27734375,10359.27734375,261.92572021484375
1113,images/1113_failure_dot.png,failure_dot,17262,0.95,345,False,0.3502911925315857,0.001014305162243545,False,0.5347928068803753,6823.126953125,9708.966796875,9387.32421875,9387.32421875,256.0877380371094
1114,images/1114_failure_dot.png,failure_dot,16713,0.95,334,False,0.33784571290016174,0.003751523559913039,False,0.5691946833463644,7010.56640625,9938.328125,9697.771484375,9697.771484375,260.4299011230469
1115,images/1115_failure_dot.png,failure_dot,23369,0.95,467,False,0.3939493000507355,0.00013066462997812778,False,0.4315871774824081,6105.2490234375,8842.5498046875,8523.271484375,8523.271484375,256.8846740722656
1116,images/1116_failure_dot.png,failure_dot,9717,0.95,194,False,0.3377443552017212,0.0017746312078088522,False,0.5297107114933541,7183.4970703125,10178.947265625,9779.9921875,9779.9921875,256.69317626953125
1117,images/1117_failure_dot.png,failure_dot,4768,0.95,95,False,0.3939550817012787,0.00034538464387878776,False,0.5637216575449571,7155.54736328125,10464.91796875,10066.212890625,10066.212890625,261.6280822753906
1118,images/1118_failure_dot.png,failure_dot,22015,0.95,440,False,0.3385559320449829,0.0005204617627896369,False,0.4311962470680219,7424.6767578125,10271.7958984375,9885.16015625,9885.16015625,257.5950927734375
1119,images/1119_failure_dot.png,failure_dot,3775,0.95,75,False,0.36458295583724976,0.000920439139008522,False,0.589913995308835,7210.4580078125,10250.236328125,9974.0966796875,9974.0966796875,263.8833923339844
1120,images/1120_failure_dot.png,failure_dot,38296,0.95,765,False,0.32586604356765747,0.000732807326130569,False,0.4327599687255668,7576.9052734375,10408.521484375,10027.2666015625,10027.2666015625,256.3769226074219
1121,images/1121_failure_dot.png,failure_dot,17073,0.95,341,False,0.3587992787361145,0.0027093931566923857,False,0.6270523846755277,6822.9326171875,9479.126953125,9284.37109375,9284.37109375,253.4418182373047
1122,images/1122_failure_dot.png,failure_dot,27473,0.95,549,False,0.3716364800930023,0.0004979682271368802,False,0.5441751368256451,8425.4423828125,11369.1875,10633.685546875,10633.685546875,272.4700927734375
1123,images/1123_failure_dot.png,failure_dot,25626,0.95,512,False,0.38110610842704773,0.0004112838360015303,False,0.5469116497263486,8937.6484375,11865.701171875,11183.443359375,11183.443359375,271.5736999511719
1124,images/1124_failure_dot.png,failure_dot,22148,0.95,442,False,0.36208322644233704,0.00011745492520276457,False,0.30727130570758404,7918.9052734375,11067.53515625,10651.396484375,10651.396484375,260.19830322265625
1125,images/1125_failure_dot.png,failure_dot,39283,0.95,785,False,0.3731830418109894,0.00048757807235233486,False,0.5488663017982799,7656.6083984375,10756.0126953125,10398.09765625,10398.09765625,259.6151123046875
1126,images/1126_failure_dot.png,failure_dot,46213,0.95,924,False,0.368232786655426,0.0002067119930870831,False,0.3799843627834245,6801.26220703125,9955.3759765625,9595.3984375,9595.3984375,263.8973388671875
1127,images/1127_failure_dot.png,failure_dot,48573,0.95,971,False,0.3291197419166565,0.00047691931831650436,False,0.38389366692728694,7771.400390625,10551.9765625,10001.943359375,10001.943359375,261.30859375
1128,images/1128_failure_dot.png,failure_dot,40065,0.95,801,False,0.36104804277420044,0.00027956292615272105,False,0.398749022673964,7220.97021484375,10198.564453125,9838.783203125,9838.783203125,270.32379150390625
1129,images/1129_failure_dot.png,failure_dot,47256,0.95,945,False,0.37817564606666565,0.0003407082986086607,False,0.5043002345582486,8544.791015625,11243.71875,10584.5126953125,10584.5126953125,267.961181640625
1130,images/1130_failure_dot.png,failure_dot,22470,0.95,449,False,0.3577651083469391,0.00014105178706813604,False,0.30101641907740423,7006.2529296875,9989.86328125,9780.6201171875,9780.6201171875,257.4774169921875
1131,images/1131_failure_dot.png,failure_dot,44139,0.95,882,False,0.36076340079307556,0.0003310308966320008,False,0.4237685691946833,7702.388671875,10422.990234375,9912.609375,9912.609375,255.74368286132812
1132,images/1132_failure_dot.png,failure_dot,44407,0.95,888,False,0.3153204321861267,0.0003167281101923436,False,0.26661454261141515,7366.515625,10434.494140625,10025.8681640625,10025.8681640625,269.0430603027344
1133,images/1133_failure_dot.png,failure_dot,34854,0.95,697,False,0.3509330153465271,0.00041473895544186234,False,0.43197810789679436,7285.6298828125,10274.609375,9816.4853515625,9816.4853515625,261.3472595214844
1134,images/1134_failure_dot.png,failure_dot,20630,0.95,412,False,0.4053557813167572,0.0008955111261457205,False,0.7197028928850664,7722.2177734375,10202.1572265625,9906.93359375,9906.93359375,255.61656188964844
1135,images/1135_failure_dot.png,failure_dot,21675,0.95,433,False,0.3191271424293518,0.00019107546540908515,False,0.1962470680218921,7531.81005859375,10211.779296875,9847.1796875,9847.1796875,258.1025390625
1136,images/1136_failure_dot.png,failure_dot,17150,0.95,343,False,0.33920711278915405,0.00040397237171418965,False,0.38702111024237684,6821.6123046875,9779.810546875,9542.4892578125,9542.4892578125,258.11175537109375
1137,images/1137_failure_dot.png,failure_dot,31966,0.95,639,False,0.3675864636898041,0.0005069325561635196,False,0.5304925723221267,7909.4345703125,10981.8154296875,10579.583984375,10579.583984375,260.1431579589844
1138,images/1138_failure_dot.png,failure_dot,37633,0.95,752,False,0.3915301263332367,8.482412522425875e-05,False,0.4073494917904613,7391.48681640625,10421.8232421875,10082.802734375,10082.802734375,258.5370788574219
1139,images/1139_failure_dot.png,failure_dot,27959,0.95,559,False,0.35781651735305786,0.0005296489107422531,False,0.5003909304143863,7915.6689453125,10645.318359375,10070.61328125,10070.61328125,264.5959777832031
1140,images/1140_failure_dot.png,failure_dot,7785,0.95,155,False,0.3610324263572693,0.0005776702309958637,False,0.521110242376857,7095.453125,10156.7734375,9949.904296875,9949.904296875,257.3522033691406
1141,images/1141_failure_dot.png,failure_dot,41103,0.95,822,False,0.2985575199127197,0.0004088147252332419,False,0.281078967943706,6693.6005859375,9327.806640625,8963.611328125,8963.611328125,255.1050262451172
1142,images/1142_failure_dot.png,failure_dot,31860,0.95,637,False,0.4379340708255768,0.0004711152578238398,False,0.6720093823299452,7282.890625,10012.8623046875,9829.14453125,9829.14453125,254.08660888671875
1143,images/1143_failure_dot.png,failure_dot,2555,0.95,51,False,0.38354596495628357,0.00020338845206424594,False,0.43393275996872555,7042.0966796875,9754.70703125,9234.845703125,9234.845703125,259.66571044921875
1144,images/1144_failure_dot.png,failure_dot,28631,0.95,572,False,0.3359934389591217,0.0005416446947492659,False,0.428068803752932,7779.43701171875,10745.9443359375,10290.64453125,10290.64453125,257.7330017089844
1145,images/1145_failure_dot.png,failure_dot,26054,0.95,521,False,0.3639988601207733,0.00021007395116612315,False,0.36669272869429237,7917.779296875,10764.212890625,10292.265625,10292.265625,258.72625732421875
1146,images/1146_failure_dot.png,failure_dot,6897,0.95,137,False,0.32163724303245544,0.00045954069355502725,False,0.35379202501954654,6939.64990234375,10071.84765625,9854.830078125,9854.830078125,258.4751892089844
1147,images/1147_failure_dot.png,failure_dot,3275,0.95,65,False,0.3477204144001007,0.009093023836612701,False,0.6336982017200938,7522.7822265625,10167.6337890625,9577.173828125,9577.173828125,256.24566650390625
1148,images/1148_failure_dot.png,failure_dot,40160,0.95,803,False,0.38174915313720703,0.00025927540264092386,False,0.46755277560594216,7263.314453125,10235.65625,10072.0908203125,10072.0908203125,259.2510070800781
1149,images/1149_failure_dot.png,failure_dot,19977,0.95,399,False,0.4001821279525757,0.00040866583003662527,False,0.6043784206411259,8673.21875,11975.1025390625,11321.45703125,11321.45703125,266.2078552246094
1150,images/1150_failure_dot.png,failure_dot,3313,0.95,66,False,0.3820064961910248,0.006152238231152296,False,0.7572322126661455,6927.740234375,9514.6220703125,9205.359375,9205.359375,257.1168518066406
1151,images/1151_failure_dot.png,failure_dot,40057,0.95,801,False,0.40967005491256714,0.0002714210422709584,False,0.552384675527756,7179.4638671875,10157.05859375,9785.7802734375,9785.7802734375,261.8618469238281
1152,images/1152_failure_direct.png,failure_direct,41468,0.95,829,False,0.35337337851524353,0.0001770760427461937,False,0.29984362783424545,6690.1650390625,9523.546875,9349.841796875,9349.841796875,260.46875
1153,images/1153_failure_direct.png,failure_direct,29514,0.95,590,False,0.3265482187271118,0.0008097296813502908,False,0.4437060203283815,8726.0,11861.8115234375,11195.830078125,11195.830078125,261.3717956542969
1154,images/1154_failure_direct.png,failure_direct,36951,0.95,739,False,0.33992457389831543,0.00033747844281606376,False,0.35691946833463645,7329.07421875,9879.7431640625,9526.25,9526.25,258.8312072753906
1155,images/1155_failure_direct.png,failure_direct,35529,0.95,710,False,0.3808538019657135,0.000316518300678581,False,0.49296325254104767,8621.4013671875,11761.5830078125,11160.6845703125,11160.6845703125,260.4821472167969
1156,images/1156_failure_direct.png,failure_direct,39027,0.95,780,False,0.3884620666503906,0.00018986068607773632,False,0.4405785770132916,7475.7431640625,10971.4296875,10562.6533203125,10562.6533203125,264.9369201660156
1157,images/1157_failure_direct.png,failure_direct,25428,0.95,508,False,0.32729431986808777,0.00014491706679109484,False,0.20132916340891321,7798.318359375,11024.3125,10490.28515625,10490.28515625,259.2518310546875
1158,images/1158_failure_direct.png,failure_direct,42304,0.95,846,False,0.35480257868766785,0.0006921236054040492,False,0.5258014073494918,8725.443359375,11904.728515625,11148.4697265625,11148.4697265625,261.739013671875
1159,images/1159_failure_direct.png,failure_direct,35299,0.95,705,False,0.3804210126399994,0.00035857208422385156,False,0.5203283815480844,7274.1962890625,10277.4111328125,10043.9375,10043.9375,260.2314147949219
1160,images/1160_failure_direct.png,failure_direct,30439,0.95,608,False,0.3535749018192291,0.0007555123884230852,False,0.5328381548084441,7215.205078125,10380.5244140625,10102.474609375,10102.474609375,258.786376953125
1161,images/1161_failure_direct.png,failure_direct,4134,0.95,82,False,0.40336155891418457,0.0019901758059859276,False,0.7607505863956217,6504.283203125,9490.6484375,9127.12890625,9127.12890625,257.12109375
1162,images/1162_failure_direct.png,failure_direct,37986,0.95,759,False,0.35689815878868103,0.00031903100898489356,False,0.40226739640344017,7434.6767578125,10961.404296875,10568.8125,10568.8125,283.0659484863281
1163,images/1163_failure_direct.png,failure_direct,36633,0.95,732,False,0.29681798815727234,0.00023932520707603544,False,0.18764659890539484,7674.14697265625,11071.646484375,10682.32421875,10682.32421875,265.21575927734375
1164,images/1164_failure_direct.png,failure_direct,41576,0.95,831,False,0.3522970974445343,0.0004444502992555499,False,0.446051602814699,8383.88671875,11432.3935546875,10858.111328125,10858.111328125,260.99664306640625
1165,images/1165_failure_direct.png,failure_direct,28328,0.95,566,False,0.355410635471344,0.0003211900475434959,False,0.3995308835027365,7324.576171875,10082.7138671875,9722.7275390625,9722.7275390625,259.3672790527344
1166,images/1166_failure_direct.png,failure_direct,24266,0.95,485,False,0.3680291473865509,0.00030791095923632383,False,0.43979671618451915,8175.97119140625,11268.953125,10776.392578125,10776.392578125,259.5744934082031
1167,images/1167_failure_direct.png,failure_direct,11578,0.95,231,False,0.31443801522254944,0.0016014267457649112,False,0.4499609069585614,7091.9267578125,9984.3212890625,9744.525390625,9744.525390625,255.86724853515625
1168,images/1168_failure_direct.png,failure_direct,5354,0.95,107,False,0.38612982630729675,0.00036424442077986896,False,0.5461297888975762,9724.3232421875,12756.890625,12028.34375,12028.34375,285.9552917480469
1169,images/1169_failure_direct.png,failure_direct,45031,0.95,900,False,0.3210981786251068,0.00026431685546413064,False,0.2568412822517592,7617.0380859375,11113.318359375,10646.8203125,10646.8203125,259.8671875
1170,images/1170_failure_direct.png,failure_direct,4663,0.95,93,False,0.39180880784988403,0.0002230024547316134,False,0.48162627052384677,6932.021484375,9779.60546875,9409.5048828125,9409.5048828125,255.60983276367188
1171,images/1171_failure_direct.png,failure_direct,17115,0.95,342,False,0.31325507164001465,0.00443711644038558,False,0.5019546520719311,6604.46435546875,9599.63671875,9357.7705078125,9357.7705078125,256.3754577636719
1172,images/1172_failure_direct.png,failure_direct,30819,0.95,616,False,0.38591116666793823,0.0006717037176713347,False,0.6383893666927287,8022.2021484375,10698.6015625,10237.943359375,10237.943359375,256.7596740722656
1173,images/1173_failure_direct.png,failure_direct,1587,0.95,31,False,0.365464448928833,0.0007344697369262576,False,0.575058639562158,7669.44775390625,10682.6640625,10285.6923828125,10285.6923828125,272.6519470214844
1174,images/1174_failure_direct.png,failure_direct,10676,0.95,213,False,0.35695120692253113,0.0023631330113857985,False,0.6137607505863956,7246.08740234375,10302.8779296875,9968.1083984375,9968.1083984375,260.3524169921875
1175,images/1175_failure_direct.png,failure_direct,45917,0.95,918,False,0.42647650837898254,0.0002547387557569891,False,0.5570758405003909,6978.35498046875,9814.283203125,9511.7421875,9511.7421875,265.38665771484375
1176,images/1176_failure_direct.png,failure_direct,25878,0.95,517,False,0.4132690131664276,0.00014757722965441644,False,0.4812353401094605,7756.42529296875,11132.6484375,10363.7890625,10363.7890625,261.9609375
1177,images/1177_failure_direct.png,failure_direct,17262,0.95,345,False,0.35026663541793823,0.0010164343984797597,False,0.5351837372947615,6824.875,9710.71484375,9389.3369140625,9389.3369140625,256.1206359863281
1178,images/1178_failure_direct.png,failure_direct,16713,0.95,334,False,0.3378085792064667,0.0037562744691967964,False,0.5688037529319782,7015.60693359375,9943.3681640625,9703.162109375,9703.162109375,260.4798278808594
1179,images/1179_failure_direct.png,failure_direct,23369,0.95,467,False,0.39416101574897766,0.00013060486526228487,False,0.4323690383111806,6107.95703125,8845.2578125,8526.3310546875,8526.3310546875,256.90533447265625
1180,images/1180_failure_direct.png,failure_direct,9717,0.95,194,False,0.33776965737342834,0.0017743112985044718,False,0.5297107114933541,7185.6611328125,10181.111328125,9782.412109375,9782.412109375,256.7015686035156
1181,images/1181_failure_direct.png,failure_direct,4768,0.95,95,False,0.3939105272293091,0.0003450193617027253,False,0.562157935887412,7156.94140625,10466.3125,10068.0517578125,10068.0517578125,261.6581115722656
1182,images/1182_failure_direct.png,failure_direct,22015,0.95,440,False,0.338677316904068,0.0005216727731749415,False,0.4327599687255669,7427.533203125,10274.65234375,9888.7421875,9888.7421875,257.5764465332031
1183,images/1183_failure_direct.png,failure_direct,3775,0.95,75,False,0.36450955271720886,0.0009196852915920317,False,0.5891321344800626,7213.4365234375,10253.21484375,9977.4296875,9977.4296875,263.80853271484375
1184,images/1184_failure_direct.png,failure_direct,38296,0.95,765,False,0.32564783096313477,0.0007330547086894512,False,0.43197810789679436,7580.3955078125,10412.01171875,10031.080078125,10031.080078125,256.41131591796875
1185,images/1185_failure_direct.png,failure_direct,17073,0.95,341,False,0.35900411009788513,0.002706781029701233,False,0.627443315089914,6825.64794921875,9481.841796875,9287.345703125,9287.345703125,253.4791259765625
1186,images/1186_failure_direct.png,failure_direct,27473,0.95,549,False,0.37151503562927246,0.000497116066981107,False,0.5418295543393276,8429.876953125,11373.62109375,10638.4619140625,10638.4619140625,272.320068359375
1187,images/1187_failure_direct.png,failure_direct,25626,0.95,512,False,0.3810157775878906,0.0004111684102099389,False,0.5461297888975762,8940.06640625,11868.119140625,11186.791015625,11186.791015625,272.2344055175781
1188,images/1188_failure_direct.png,failure_direct,22148,0.95,442,False,0.36212295293807983,0.00011731236008927226,False,0.3072713057075841,7922.16943359375,11070.798828125,10654.986328125,10654.986328125,260.24896240234375
1189,images/1189_failure_direct.png,failure_direct,39283,0.95,785,False,0.37321484088897705,0.00048801657976582646,False,0.5508209538702111,7664.4833984375,10763.8876953125,10406.90234375,10406.90234375,259.53619384765625
1190,images/1190_failure_direct.png,failure_direct,46213,0.95,924,False,0.3683386445045471,0.0002065849694190547,False,0.3815480844409695,6804.5439453125,9958.658203125,9599.283203125,9599.283203125,263.84716796875
1191,images/1191_failure_direct.png,failure_direct,48573,0.95,971,False,0.32921528816223145,0.0004773855034727603,False,0.3854573885848319,7776.3369140625,10556.9130859375,10007.185546875,10007.185546875,261.34820556640625
1192,images/1192_failure_direct.png,failure_direct,40065,0.95,801,False,0.36122721433639526,0.0002797338820528239,False,0.400312744331509,7225.0185546875,10202.61328125,9843.9296875,9843.9296875,270.6112365722656
1193,images/1193_failure_direct.png,failure_direct,47256,0.95,945,False,0.3781347870826721,0.0003407617623452097,False,0.5043002345582486,8546.5888671875,11245.517578125,10587.1572265625,10587.1572265625,268.0144348144531
1194,images/1194_failure_direct.png,failure_direct,22470,0.95,449,False,0.3576405644416809,0.00014097501116339117,False,0.29945269741985925,7008.486328125,9992.0966796875,9783.4140625,9783.4140625,257.4941711425781
1195,images/1195_failure_direct.png,failure_direct,44139,0.95,882,False,0.3608364164829254,0.0003313565975986421,False,0.4249413604378421,7705.517578125,10426.119140625,9915.953125,9915.953125,255.7821807861328
1196,images/1196_failure_direct.png,failure_direct,44407,0.95,888,False,0.31538957357406616,0.000316525693051517,False,0.26661454261141515,7367.1943359375,10435.171875,10027.3046875,10027.3046875,268.9178161621094
1197,images/1197_failure_direct.png,failure_direct,34854,0.95,697,False,0.3509087562561035,0.00041493718163110316,False,0.43197810789679436,7288.2333984375,10277.212890625,9819.5146484375,9819.5146484375,261.39794921875
1198,images/1198_failure_direct.png,failure_direct,20630,0.95,412,False,0.40533873438835144,0.0008944286382757127,False,0.718921032056294,7723.94140625,10203.880859375,9908.98828125,9908.98828125,255.64524841308594
1199,images/1199_failure_direct.png,failure_direct,21675,0.95,433,False,0.3193133771419525,0.00019134498143102974,False,0.19898358092259577,7530.5283203125,10210.498046875,9846.4970703125,9846.4970703125,258.21112060546875
1200,images/1200_failure_direct.png,failure_direct,17150,0.95,343,False,0.3392631709575653,0.00040412633097730577,False,0.3885848318999218,6826.18896484375,9784.38671875,9547.69140625,9547.69140625,258.182861328125
1201,images/1201_failure_direct.png,failure_direct,31966,0.95,639,False,0.3675348460674286,0.0005068920436315238,False,0.5297107114933541,7909.74609375,10982.126953125,10580.443359375,10580.443359375,260.1953125
1202,images/1202_failure_direct.png,failure_direct,37633,0.95,752,False,0.3913643956184387,8.47668488859199e-05,False,0.40500390930414387,7394.712890625,10425.048828125,10086.283203125,10086.283203125,258.562744140625
1203,images/1203_failure_direct.png,failure_direct,27959,0.95,559,False,0.357776015996933,0.0005297083989717066,False,0.5003909304143862,7917.556640625,10647.205078125,10073.02734375,10073.02734375,264.333740234375
1204,images/1204_failure_direct.png,failure_direct,7785,0.95,155,False,0.36097368597984314,0.0005791415460407734,False,0.5211102423768569,7101.4765625,10162.796875,9956.4970703125,9956.4970703125,257.4194641113281
1205,images/1205_failure_direct.png,failure_direct,41103,0.95,822,False,0.2986336946487427,0.00040922031621448696,False,0.28186082877247853,6693.09130859375,9327.2978515625,8963.5361328125,8963.5361328125,255.1463623046875
1206,images/1206_failure_direct.png,failure_direct,31860,0.95,637,False,0.4380165636539459,0.0004700295103248209,False,0.6712275215011728,7285.8818359375,10015.853515625,9832.7109375,9832.7109375,254.1210479736328
1207,images/1207_failure_direct.png,failure_direct,2555,0.95,51,False,0.38352590799331665,0.0002034965727943927,False,0.43236903831118056,7048.81689453125,9761.427734375,9242.2021484375,9242.2021484375,259.7549133300781
1208,images/1208_failure_direct.png,failure_direct,28631,0.95,572,False,0.3359455168247223,0.0005410527810454369,False,0.4272869429241595,7780.06982421875,10746.5771484375,10291.578125,10291.578125,257.73828125
1209,images/1209_failure_direct.png,failure_direct,26054,0.95,521,False,0.3639185130596161,0.0002099813864333555,False,0.36591086786551996,7919.65234375,10766.0859375,10294.5380859375,10294.5380859375,258.742919921875
1210,images/1210_failure_direct.png,failure_direct,6897,0.95,137,False,0.321549654006958,0.00045987177873030305,False,0.35379202501954654,6947.3134765625,10079.51171875,9863.126953125,9863.126953125,258.54217529296875
1211,images/1211_failure_direct.png,failure_direct,3275,0.95,65,False,0.34795236587524414,0.009078710339963436,False,0.6348709929632526,7523.828125,10168.6796875,9579.0859375,9579.0859375,256.29345703125
1212,images/1212_failure_direct.png,failure_direct,40160,0.95,803,False,0.3819226920604706,0.0002594211255200207,False,0.46950742767787335,7264.7509765625,10237.0927734375,10074.12109375,10074.12109375,259.2897644042969
1213,images/1213_failure_direct.png,failure_direct,19977,0.95,399,False,0.399990439414978,0.00040869269287213683,False,0.6039874902267396,8671.041015625,11972.9248046875,11321.318359375,11321.318359375,266.3933410644531
1214,images/1214_failure_direct.png,failure_direct,3313,0.95,66,False,0.3818342685699463,0.006175962742418051,False,0.7568412822517592,6930.82861328125,9517.7109375,9209.0830078125,9209.0830078125,257.1916198730469
1215,images/1215_failure_direct.png,failure_direct,40057,0.95,801,False,0.40982648730278015,0.0002715833834372461,False,0.5535574667709148,7184.47216796875,10162.06640625,9791.4765625,9791.4765625,261.91900634765625
1216,images/1216_noise.png,noise,41468,1.0,829,False,0.35207119584083557,0.00017944227147381753,False,0.29906176700547304,6919.67431640625,9753.056640625,9580.5625,9580.5625,261.5924377441406
1217,images/1217_noise.png,noise,29514,1.0,590,False,0.326850026845932,0.0008376057958230376,False,0.4491790461297889,8979.490234375,12115.3017578125,11451.1826171875,11451.1826171875,264.580810546875
1218,images/1218_noise.png,noise,36951,1.0,739,False,0.3398405611515045,0.0003378401161171496,False,0.35731039874902265,7566.78955078125,10117.4580078125,9764.79296875,9764.79296875,259.97088623046875
1219,images/1219_noise.png,noise,35529,1.0,710,False,0.3794536590576172,0.0003137066960334778,False,0.48631743549648165,8863.1015625,12003.283203125,11404.97265625,11404.97265625,262.3111572265625
1220,images/1220_noise.png,noise,39027,1.0,780,False,0.38564279675483704,0.00019112846348434687,False,0.4311962470680219,7713.97265625,11209.658203125,10800.982421875,10800.982421875,267.1412353515625
1221,images/1221_noise.png,noise,25428,1.0,508,False,0.32520636916160583,0.00014009197184350342,False,0.18764659890539484,8019.72998046875,11245.724609375,10711.2265625,10711.2265625,260.5662536621094
1222,images/1222_noise.png,noise,42304,1.0,846,False,0.3539882302284241,0.0006950334645807743,False,0.5246286161063332,8931.0693359375,12110.3544921875,11356.7763671875,11356.7763671875,263.71295166015625
1223,images/1223_noise.png,noise,35299,1.0,705,False,0.3794482350349426,0.000360695383278653,False,0.519546520719312,7496.0888671875,10499.3037109375,10268.439453125,10268.439453125,262.4810485839844
1224,images/1224_noise.png,noise,30439,1.0,608,False,0.35141319036483765,0.0007736508268862963,False,0.5281469898358092,7435.8701171875,10601.189453125,10326.662109375,10326.662109375,259.2419128417969
1225,images/1225_noise.png,noise,4134,1.0,82,False,0.402983695268631,0.0019488646648824215,False,0.7576231430805317,6721.57373046875,9707.9384765625,9346.8798828125,9346.8798828125,259.5722961425781
1226,images/1226_noise.png,noise,37986,1.0,759,False,0.35510581731796265,0.00031862908508628607,False,0.3964034401876466,7698.9140625,11225.640625,10849.92578125,10849.92578125,274.9433898925781
1227,images/1227_noise.png,noise,36633,1.0,732,False,0.29440736770629883,0.0002471715270075947,False,0.1841282251759187,7914.7353515625,11312.2353515625,10928.36328125,10928.36328125,264.9515686035156
1228,images/1228_noise.png,noise,41576,1.0,831,False,0.35016965866088867,0.0004459292977117002,False,0.43706020328381545,8617.91015625,11666.4169921875,11094.6474609375,11094.6474609375,263.9414978027344
1229,images/1229_noise.png,noise,28328,1.0,566,False,0.3538341820240021,0.0003251883026678115,False,0.3960125097732604,7545.771484375,10303.9091796875,9946.703125,9946.703125,261.1888427734375
1230,images/1230_noise.png,noise,24266,1.0,485,False,0.36694881319999695,0.0003043652686756104,False,0.43197810789679436,8416.798828125,11509.78125,11020.14453125,11020.14453125,261.7792663574219
1231,images/1231_noise.png,noise,11578,1.0,231,False,0.3108662962913513,0.001618565060198307,False,0.4440969507427678,7301.4990234375,10193.8935546875,9956.751953125,9956.751953125,257.506591796875
1232,images/1232_noise.png,noise,5354,1.0,107,False,0.38223937153816223,0.0003648743440862745,False,0.5340109460516028,10029.42578125,13061.9931640625,12323.36328125,12323.36328125,283.7002868652344
1233,images/1233_noise.png,noise,45031,1.0,900,False,0.31964221596717834,0.00026130842161364853,False,0.24941360437842064,7842.7646484375,11339.044921875,10872.763671875,10872.763671875,262.4482116699219
1234,images/1234_noise.png,noise,4663,1.0,93,False,0.3904712200164795,0.00021759011724498123,False,0.4734167318217357,7149.4912109375,9997.076171875,9629.103515625,9629.103515625,257.826416015625
1235,images/1235_noise.png,noise,17115,1.0,342,False,0.31106624007225037,0.004251560196280479,False,0.4941360437842064,6822.9638671875,9818.13671875,9580.267578125,9580.267578125,258.2651672363281
1236,images/1236_noise.png,noise,30819,1.0,616,False,0.3840627372264862,0.0006897111306898296,False,0.6379984362783424,8241.2109375,10917.6103515625,10458.9228515625,10458.9228515625,258.1224060058594
1237,images/1237_noise.png,noise,1587,1.0,31,False,0.36336779594421387,0.000742581847589463,False,0.5668491008600469,7899.2802734375,10912.49609375,10517.673828125,10517.673828125,271.4489440917969
1238,images/1238_noise.png,noise,10676,1.0,213,False,0.3549967110157013,0.002419115975499153,False,0.6090695856137607,7474.50537109375,10531.2958984375,10200.662109375,10200.662109375,262.3355712890625
1239,images/1239_noise.png,noise,45917,1.0,918,False,0.42413026094436646,0.00025640398962423205,False,0.555512118842846,7207.583984375,10043.51171875,9745.4130859375,9745.4130859375,263.82427978515625
1240,images/1240_noise.png,noise,25878,1.0,517,False,0.41303130984306335,0.00014597130939364433,False,0.4796716184519156,7970.01123046875,11346.234375,10580.8095703125,10580.8095703125,263.5630187988281
1241,images/1241_noise.png,noise,17262,1.0,345,False,0.3469333052635193,0.0010254313237965107,False,0.5215011727912431,7033.31689453125,9919.15625,9599.42578125,9599.42578125,258.07965087890625
1242,images/1242_noise.png,noise,16713,1.0,334,False,0.33748364448547363,0.003784298663958907,False,0.5656763096168882,7237.220703125,10164.982421875,9929.501953125,9929.501953125,262.6971130371094
1243,images/1243_noise.png,noise,23369,1.0,467,False,0.39077991247177124,0.00013097425107844174,False,0.41985926505082094,6322.19921875,9059.5,8743.0859375,8743.0859375,258.624267578125
1244,images/1244_noise.png,noise,9717,1.0,194,False,0.33611005544662476,0.0017784154042601585,False,0.5250195465207192,7405.466796875,10400.91796875,10004.181640625,10004.181640625,258.5650329589844
1245,images/1245_noise.png,noise,4768,1.0,95,False,0.39188721776008606,0.0003480430750641972,False,0.5578577013291635,7399.7392578125,10709.109375,10312.2197265625,10312.2197265625,264.8385009765625
1246,images/1246_noise.png,noise,22015,1.0,440,False,0.33748340606689453,0.0005146244075149298,False,0.4229867083659109,7632.9404296875,10480.0595703125,10097.02734375,10097.02734375,259.4491271972656
1247,images/1247_noise.png,noise,3775,1.0,75,False,0.36189284920692444,0.000861865293700248,False,0.5715402658326818,7465.744140625,10505.521484375,10231.736328125,10231.736328125,263.09698486328125
1248,images/1248_noise.png,noise,38296,1.0,765,False,0.324574738740921,0.0007409959216602147,False,0.4327599687255669,7804.44580078125,10636.0625,10258.2236328125,10258.2236328125,258.7987060546875
1249,images/1249_noise.png,noise,17073,1.0,341,False,0.3596130311489105,0.002588556846603751,False,0.6278342455043002,7048.38671875,9704.5810546875,9513.0732421875,9513.0732421875,255.24961853027344
1250,images/1250_noise.png,noise,27473,1.0,549,False,0.3690750002861023,0.0004976216005161405,False,0.5367474589523065,8656.30859375,11600.052734375,10868.810546875,10868.810546875,270.2093505859375
1251,images/1251_noise.png,noise,25626,1.0,512,False,0.3805179297924042,0.0004161489487159997,False,0.547302580140735,9180.1240234375,12108.17578125,11429.716796875,11429.716796875,268.9975280761719
1252,images/1252_noise.png,noise,22148,1.0,442,False,0.3605763018131256,0.00011485645518405363,False,0.2955433932759969,8148.8046875,11297.43359375,10884.6640625,10884.6640625,262.6559143066406
1253,images/1253_noise.png,noise,39283,1.0,785,False,0.3729063868522644,0.00048784184036776423,False,0.5480844409695075,7908.5263671875,11007.9306640625,10658.634765625,10658.634765625,259.6935119628906
1254,images/1254_noise.png,noise,46213,1.0,924,False,0.36667105555534363,0.0002058127138298005,False,0.3702111024237686,7037.55419921875,10191.66796875,9835.39453125,9835.39453125,264.8622131347656
1255,images/1255_noise.png,noise,48573,1.0,971,False,0.32816895842552185,0.00047708957572467625,False,0.3811571540265833,7998.763671875,10779.33984375,10234.4140625,10234.4140625,263.3957824707031
1256,images/1256_noise.png,noise,40065,1.0,801,False,0.3597584068775177,0.00027779003721661866,False,0.39171227521501173,7447.43359375,10425.0283203125,10070.32421875,10070.32421875,269.75665283203125
1257,images/1257_noise.png,noise,47256,1.0,945,False,0.37644854187965393,0.0003363133582752198,False,0.49296325254104767,8787.30078125,11486.228515625,10830.150390625,10830.150390625,269.4048156738281
1258,images/1258_noise.png,noise,22470,1.0,449,False,0.356306791305542,0.00014288171951193362,False,0.2951524628616106,7228.044921875,10211.6552734375,10004.7939453125,10004.7939453125,259.51190185546875
1259,images/1259_noise.png,noise,44139,1.0,882,False,0.3615146577358246,0.00032989829196594656,False,0.42767787333854573,7905.1611328125,10625.76171875,10118.677734375,10118.677734375,257.1954040527344
1260,images/1260_noise.png,noise,44407,1.0,888,False,0.31253746151924133,0.00031563136144541204,False,0.25449569976544173,7618.89453125,10686.873046875,10278.935546875,10278.935546875,267.2450256347656
1261,images/1261_noise.png,noise,34854,1.0,697,False,0.34943294525146484,0.00043174211168661714,False,0.4272869429241595,7513.947265625,10502.927734375,10047.50390625,10047.50390625,263.06982421875
1262,images/1262_noise.png,noise,20630,1.0,412,False,0.40385618805885315,0.0008859846275299788,False,0.7142298670836591,7955.74853515625,10435.6884765625,10142.84375,10142.84375,257.4353942871094
1263,images/1263_noise.png,noise,21675,1.0,433,False,0.3190240263938904,0.00019188084115739912,False,0.19741985926505082,7766.1474609375,10446.1171875,10081.4287109375,10081.4287109375,258.89984130859375
1264,images/1264_noise.png,noise,17150,1.0,343,False,0.33748382329940796,0.00040479289600625634,False,0.3795934323690383,7042.9052734375,10001.103515625,9768.90625,9768.90625,260.1341247558594
1265,images/1265_noise.png,noise,31966,1.0,639,False,0.3650144338607788,0.0005059581017121673,False,0.5191555903049258,8138.603515625,11210.984375,10809.095703125,10809.095703125,262.8467102050781
1266,images/1266_noise.png,noise,37633,1.0,752,False,0.39069536328315735,8.662504114909098e-05,False,0.4057857701329164,7635.03515625,10665.37109375,10329.375,10329.375,259.7313537597656
1267,images/1267_noise.png,noise,27959,1.0,559,False,0.35679319500923157,0.0005259353201836348,False,0.4945269741985927,8140.0791015625,10869.728515625,10296.982421875,10296.982421875,263.3104248046875
1268,images/1268_noise.png,noise,7785,1.0,155,False,0.36035028100013733,0.0005727797979488969,False,0.5144644253322909,7317.55859375,10378.87890625,10178.1650390625,10178.1650390625,259.63262939453125
1269,images/1269_noise.png,noise,41103,1.0,822,False,0.2983705699443817,0.0004137666546739638,False,0.2842064112587959,6903.59033203125,9537.796875,9173.5498046875,9173.5498046875,256.67706298828125
1270,images/1270_noise.png,noise,31860,1.0,637,False,0.4360564649105072,0.0004797347355633974,False,0.6751368256450352,7506.234375,10236.2060546875,10055.857421875,10055.857421875,255.8818359375
1271,images/1271_noise.png,noise,2555,1.0,51,False,0.38093119859695435,0.00020382599905133247,False,0.4249413604378421,7276.7490234375,9989.359375,9477.4921875,9477.4921875,258.5755920410156
1272,images/1272_noise.png,noise,28631,1.0,572,False,0.3338632583618164,0.0005297582247294486,False,0.41594996090695857,7995.5537109375,10962.060546875,10507.529296875,10507.529296875,260.0220031738281
1273,images/1273_noise.png,noise,26054,1.0,521,False,0.36252203583717346,0.00021843868307769299,False,0.36786551993745115,8147.30419921875,10993.73828125,10524.07421875,10524.07421875,260.76885986328125
1274,images/1274_noise.png,noise,6897,1.0,137,False,0.3224993646144867,0.00046142208157107234,False,0.3565285379202502,7162.82421875,10295.0224609375,10086.0234375,10086.0234375,260.8498229980469
1275,images/1275_noise.png,noise,3275,1.0,65,False,0.34564658999443054,0.009492442943155766,False,0.6313526192337764,7751.14794921875,10396.0,9806.841796875,9806.841796875,258.1463928222656
1276,images/1276_noise.png,noise,40160,1.0,803,False,0.380339652299881,0.00025877548614516854,False,0.46051602814698983,7492.64111328125,10464.9833984375,10303.302734375,10303.302734375,261.5565490722656
1277,images/1277_noise.png,noise,19977,1.0,399,False,0.39844340085983276,0.0004118083161301911,False,0.6032056293979672,8912.0322265625,12213.916015625,11560.267578125,11560.267578125,268.3055114746094
1278,images/1278_noise.png,noise,3313,1.0,66,False,0.3794623911380768,0.006467991042882204,False,0.7501954652071932,7157.2265625,9744.1083984375,9438.560546875,9438.560546875,258.77947998046875
1279,images/1279_noise.png,noise,40057,1.0,801,False,0.40845754742622375,0.00027030915953218937,False,0.5488663017982799,7399.53466796875,10377.12890625,10011.361328125,10011.361328125,263.7080993652344
