{
  "backbone_grad_max": 35.43620300292969,
  "checks": {
    "alignment": true,
    "gradient_flow": true,
    "learnability": true,
    "noncollapsed_field": true,
    "nonexploding_field": true,
    "numerical_stability": true
  },
  "cosine_gain": 0.06136734150350093,
  "final_cosine": 0.2538343410938978,
  "final_loss": 15.72976839542389,
  "git_sha": "06607e61d4c1781cad9d7ad774b224297eaecfd6",
  "head_grad_max": 51.48200988769531,
  "initial_cosine": 0.19246699959039687,
  "initial_loss": 19.206617546081542,
  "loss_reduction_fraction": 0.18102350100509945,
  "norm_ratio_range": [
    0.0,
    0.3661186993122101
  ],
  "pass": true,
  "peak_memory_mb": 931.072265625,
  "runtime_seconds": 13.298010349273682,
  "steps": 200
}
