{
  "n_seeds": 3,
  "arms": {
    "base": {
      "clean": 0.4709999958674113,
      "robust": 0.4008333335320155,
      "robust_std": 0.00808891894219556,
      "seeds": [
        0.41225000470876694,
        0.3944999948143959,
        0.3957500010728836
      ]
    },
    "crop_pad4": {
      "clean": 0.4623333315054576,
      "robust": 0.420333335796992,
      "robust_std": 0.004283365742011879,
      "seeds": [
        0.42625000327825546,
        0.41849999874830246,
        0.41625000536441803
      ]
    },
    "crop_pad4_color": {
      "clean": 0.4593333303928375,
      "robust": 0.42908333241939545,
      "robust_std": 0.0057602584537191975,
      "seeds": [
        0.42099999636411667,
        0.43400000035762787,
        0.4322500005364418
      ]
    },
    "crop_pad4_cutout": {
      "clean": 0.45200000206629437,
      "robust": 0.4207499970992406,
      "robust_std": 0.005412174943527362,
      "seeds": [
        0.4142500013113022,
        0.42749999463558197,
        0.4204999953508377
      ]
    },
    "crop_pad4_scale": {
      "clean": 0.4543333351612091,
      "robust": 0.41449999809265137,
      "robust_std": 0.014365757060444972,
      "seeds": [
        0.3947499990463257,
        0.4202499985694885,
        0.4284999966621399
      ]
    },
    "crop_pad4_color_cutout": {
      "clean": 0.4636666675408681,
      "robust": 0.4275833343466123,
      "robust_std": 0.00589255440254861,
      "seeds": [
        0.43175000697374344,
        0.4192500039935112,
        0.43174999207258224
      ]
    }
  },
  "ranked": [
    "crop_pad4_color",
    "crop_pad4_color_cutout",
    "crop_pad4_cutout",
    "crop_pad4",
    "crop_pad4_scale",
    "base"
  ],
  "best_known": "crop_pad4_color",
  "best_known_robust": 0.42908333241939545
}