{
  "single_txty": [
    -2.7882421016693115,
    -2.196315288543701
  ],
  "disc_mean": [
    2.8476529121398926,
    -0.8243555426597595
  ],
  "disc_std": [
    4.302783966064453,
    2.70986008644104
  ],
  "n_seeds": 3,
  "arms": {
    "base": {
      "clean": 0.4743333359559377,
      "translated": 0.39133333166440326,
      "translated_std": 0.01442991144437721,
      "robust_gap": 0.08300000429153442,
      "translated_seeds": [
        0.4000000059604645,
        0.40299999713897705,
        0.3709999918937683
      ]
    },
    "known_crop": {
      "clean": 0.4749999940395355,
      "translated": 0.4313333332538605,
      "translated_std": 0.005557783830205726,
      "robust_gap": 0.04366666078567505,
      "translated_seeds": [
        0.4259999990463257,
        0.4390000104904175,
        0.42899999022483826
      ]
    },
    "single": {
      "clean": 0.40300000707308453,
      "translated": 0.37700000405311584,
      "translated_std": 0.00883175851771361,
      "robust_gap": 0.026000003019968687,
      "translated_seeds": [
        0.38600000739097595,
        0.3799999952316284,
        0.36500000953674316
      ]
    },
    "random_dist": {
      "clean": 0.45633332928021747,
      "translated": 0.42133333285649616,
      "translated_std": 0.011813359340872463,
      "robust_gap": 0.034999996423721313,
      "translated_seeds": [
        0.414000004529953,
        0.43799999356269836,
        0.41200000047683716
      ]
    },
    "disc_dist": {
      "clean": 0.44833333293596905,
      "translated": 0.42000000675519306,
      "translated_std": 0.005887839011809073,
      "robust_gap": 0.028333326180775997,
      "translated_seeds": [
        0.414000004529953,
        0.4180000126361847,
        0.42800000309944153
      ]
    }
  }
}