{
  "config": {
    "k_pca": 32,
    "held_tx": [
      3.0,
      4.0,
      5.0
    ],
    "n_img": 1500,
    "steps": 1500,
    "mfloor": 14.917311668395996,
    "mcap": 24.91168785095215,
    "device": "cpu"
  },
  "BASE": {
    "gap_heldout": 0.697357177734375
  },
  "KNOWN_TRANSLATE_CROP": {
    "gap_heldout": 0.1975250244140625
  },
  "KNOWN_ROTATION": {
    "gap_heldout": 1.8149566650390625
  },
  "RANDOM_SE2": {
    "gap_heldout": 1.3780059814453125,
    "gap_anchor": 0.7783050537109375,
    "gap_visible": 0.7205047607421875,
    "tx_px": -1.1487796306610107,
    "ty_px": -0.4232602119445801,
    "det": 1.2121555805206299,
    "cond": 1.0509060621261597,
    "lin_off_id": 0.15015728771686554
  },
  "DISCOVERED_SE2": {
    "gap_heldout": 0.80438232421875,
    "gap_anchor": 0.38006591796875,
    "gap_visible": 0.410919189453125,
    "tx_px": 1.6304713487625122,
    "ty_px": -1.002800703048706,
    "det": 0.9900140166282654,
    "cond": 1.101196527481079,
    "lin_off_id": 0.0888947993516922
  },
  "DISCOVERED_SE2_MIXTURE": {
    "gap_heldout": 0.646392822265625,
    "gap_anchor": 0.8209228515625,
    "gap_visible": 1.06463623046875,
    "tx_px": 6.096401691436768,
    "ty_px": -0.5779102444648743,
    "det": 0.9576193690299988,
    "cond": 1.0534197092056274,
    "lin_off_id": 0.10446734726428986
  }
}