{
  "config": {
    "steps": 600,
    "base_cover": 1.4291834831237793,
    "known_cover": 0.03334522247314453
  },
  "SINGLE_DISCOVERED_SE2": {
    "tx_std": 4.787107741321961e-07,
    "ty_std": 3.590330948100018e-07,
    "eig1": 3.5806877211538857e-13,
    "eig2": 1.7074049896795852e-21,
    "eig_ratio": 1.7074050506771243e-12,
    "cover_ed": 4.997358322143555,
    "max_abs_tx": 3.7577807903289795
  },
  "RANDOM_POLICY": {
    "tx_std": 0.46514907479286194,
    "ty_std": 3.2156007289886475,
    "eig1": 10.355453491210938,
    "eig2": 0.20099852979183197,
    "eig_ratio": 0.019409921020269394,
    "cover_ed": 0.6173315048217773,
    "max_abs_tx": 10.66158676147461
  },
  "DISCOVERED_POLICY_ANCHOR_ONLY": {
    "tx_std": 2.6428277492523193,
    "ty_std": 1.183402419090271,
    "eig1": 6.987336158752441,
    "eig2": 1.3976434469223022,
    "eig_ratio": 0.20002521574497223,
    "cover_ed": 0.47263669967651367,
    "max_abs_tx": 7.243127346038818
  },
  "DISCOVERED_POLICY_ANCHOR_ENTROPY": {
    "tx_std": 1.8996942043304443,
    "ty_std": 1.8571544885635376,
    "eig1": 4.194880962371826,
    "eig2": 2.8629796504974365,
    "eig_ratio": 0.6824936866760254,
    "cover_ed": 0.36328840255737305,
    "max_abs_tx": 5.2301764488220215
  }
}