{
  "ebm": "dot",
  "seed": 0,
  "steps": 1000,
  "runtime_seconds": 62.153334856033325,
  "peak_memory_mb": 932.17822265625
}
