{
  "steps": [
    "0",
    "25",
    "50",
    "100",
    "250",
    "500",
    "1000"
  ],
  "cutoff": "0.1",
  "results": {
    "0": {
      "mean_gaussian": 0.7833281165512744,
      "mean_mask": 0.7833250107243657,
      "mean_gm": 0.7833312227507122,
      "seed_means_gaussian": [
        0.783318798232358,
        0.783318798232358,
        0.7833343287638854,
        0.7833343287638854,
        0.7833343287638854
      ],
      "seed_means_mask": [
        0.7833187986980192,
        0.7833187986980192,
        0.7833187986980192,
        0.7833343287638854,
        0.7833343287638854
      ],
      "seed_means_gm": [
        0.7833343287638854,
        0.7833343287638854,
        0.7833343287638854,
        0.7833343287638854,
        0.7833187986980192
      ],
      "mean_mse_gaussian": 0.11227150763770624,
      "mean_mse_mask": 0.112271465329286,
      "mean_mse_gm": 0.11227154968128161,
      "delta_g": -3.1061994377745705e-06,
      "delta_m": -6.212026346541499e-06,
      "ci_g": [
        -1.2424425221979618e-05,
        6.212026346474886e-06
      ],
      "ci_m": [
        -1.5530065866187215e-05,
        6.212026346474886e-06
      ],
      "p_g_raw": 0.377,
      "p_m_raw": 0.18480000000000008,
      "seeds_beat_both": 1,
      "win_rate_g": 0.280859375,
      "win_rate_m": 0.3619140625,
      "p_g_holm": 0.377,
      "p_m_holm": 0.36960000000000015
    },
    "25": {
      "mean_gaussian": 0.7942203296057414,
      "mean_mask": 0.8019460650393739,
      "mean_gm": 0.7920388329715934,
      "seed_means_gaussian": [
        0.7940598311542999,
        0.7949779606424272,
        0.7944683198002167,
        0.7940740527992602,
        0.7935214836325031
      ],
      "seed_means_mask": [
        0.801295069832122,
        0.8025505219411571,
        0.8017699807533063,
        0.80180589176598,
        0.8023088609043043
      ],
      "seed_means_gm": [
        0.7922897607786581,
        0.7914319859701209,
        0.7923196627816651,
        0.7911642130929977,
        0.7929885422345251
      ],
      "mean_mse_gaussian": 0.11236190620584238,
      "mean_mse_mask": 0.1116439777000778,
      "mean_mse_gm": 0.11224716484284727,
      "delta_g": 0.002181496634148017,
      "delta_m": 0.009907232067780547,
      "ci_g": [
        0.001255746855167672,
        0.0030370666994713248
      ],
      "ci_m": [
        0.009220314683625474,
        0.010663521051174029
      ],
      "p_g_raw": 0.0,
      "p_m_raw": 0.0,
      "seeds_beat_both": 5,
      "win_rate_g": 0.76953125,
      "win_rate_m": 0.92265625,
      "p_g_holm": 0.0,
      "p_m_holm": 0.0
    },
    "50": {
      "mean_gaussian": 0.7888832006137818,
      "mean_mask": 0.8025863083777949,
      "mean_gm": 0.7857759954233188,
      "seed_means_gaussian": [
        0.7892128181119915,
        0.7898263415845577,
        0.789081175607862,
        0.7887941482185852,
        0.7875015195459127
      ],
      "seed_means_mask": [
        0.8019550749741029,
        0.8030850250215735,
        0.8027311630139593,
        0.8025436230236664,
        0.8026166558556724
      ],
      "seed_means_gm": [
        0.7864623760688119,
        0.78448535388452,
        0.7856957287876867,
        0.784716798865702,
        0.7875197195098735
      ],
      "mean_mse_gaussian": 0.11446260430602706,
      "mean_mse_mask": 0.11167923407174385,
      "mean_mse_gm": 0.11462078020376794,
      "delta_g": 0.003107205190463036,
      "delta_m": 0.016810312954476103,
      "ci_g": [
        0.0013546383008360863,
        0.004570150899235159
      ],
      "ci_m": [
        0.0156429409456905,
        0.017977684963261707
      ],
      "p_g_raw": 0.0004,
      "p_m_raw": 0.0,
      "seeds_beat_both": 4,
      "win_rate_g": 0.7828125,
      "win_rate_m": 0.9396484375,
      "p_g_holm": 0.0016,
      "p_m_holm": 0.0
    },
    "100": {
      "mean_gaussian": 0.7808362221578136,
      "mean_mask": 0.8000934793730267,
      "mean_gm": 0.7764804852835369,
      "seed_means_gaussian": [
        0.7826671901275404,
        0.7820660795550793,
        0.7792383978958242,
        0.779541857453296,
        0.7806675857573282
      ],
      "seed_means_mask": [
        0.799948375148233,
        0.7997824999911245,
        0.800311214174144,
        0.8005566930805799,
        0.7998686144710518
      ],
      "seed_means_gm": [
        0.7773302555142436,
        0.7741302167996764,
        0.7767237246152945,
        0.7751467564667109,
        0.7790714730217587
      ],
      "mean_mse_gaussian": 0.1194348603290564,
      "mean_mse_mask": 0.11202921876174514,
      "mean_mse_gm": 0.12083567325607873,
      "delta_g": 0.0043557368742767055,
      "delta_m": 0.023612994089489803,
      "ci_g": [
        0.002523334603756666,
        0.0063765058701392265
      ],
      "ci_m": [
        0.022083602345082907,
        0.025142385833896698
      ],
      "p_g_raw": 0.0,
      "p_m_raw": 0.0,
      "seeds_beat_both": 5,
      "win_rate_g": 0.78359375,
      "win_rate_m": 0.9333984375,
      "p_g_holm": 0.0,
      "p_m_holm": 0.0
    },
    "250": {
      "mean_gaussian": 0.7685274001385551,
      "mean_mask": 0.7945554241654463,
      "mean_gm": 0.7632607271778398,
      "seed_means_gaussian": [
        0.772475829871837,
        0.7700796379649546,
        0.7645565707061905,
        0.7650234750472009,
        0.7705014871025924
      ],
      "seed_means_mask": [
        0.7951073825242929,
        0.7928767524426803,
        0.7949602030275855,
        0.79530415093177,
        0.7945286319009028
      ],
      "seed_means_gm": [
        0.7638292010233272,
        0.7607170977280475,
        0.763898188888561,
        0.7618114491924644,
        0.7660476990567986
      ],
      "mean_mse_gaussian": 0.14256607809693378,
      "mean_mse_mask": 0.11333269417700649,
      "mean_mse_gm": 0.14752403105449047,
      "delta_g": 0.005266672960715368,
      "delta_m": 0.03129469698760656,
      "ci_g": [
        0.0024389206781052055,
        0.008094425243325532
      ],
      "ci_m": [
        0.02973289347719401,
        0.03260689364396967
      ],
      "p_g_raw": 0.0,
      "p_m_raw": 0.0,
      "seeds_beat_both": 5,
      "win_rate_g": 0.70625,
      "win_rate_m": 0.897265625,
      "p_g_holm": 0.0,
      "p_m_holm": 0.0
    },
    "500": {
      "mean_gaussian": 0.7608887692098506,
      "mean_mask": 0.7879842180176638,
      "mean_gm": 0.7571924464427866,
      "seed_means_gaussian": [
        0.7631454449146986,
        0.7610738613584545,
        0.7595490046660416,
        0.7592438749561552,
        0.7614316601539031
      ],
      "seed_means_mask": [
        0.7887938164058141,
        0.7862638704827987,
        0.788893996970728,
        0.7876917694520671,
        0.7882776367769111
      ],
      "seed_means_gm": [
        0.7561128179950174,
        0.7553283859451767,
        0.7583266814181115,
        0.7565339396533091,
        0.7596604072023183
      ],
      "mean_mse_gaussian": 0.19353812273839138,
      "mean_mse_mask": 0.11631621085725782,
      "mean_mse_gm": 0.19431513145682403,
      "delta_g": 0.0036963227670639975,
      "delta_m": 0.030791771574877225,
      "ci_g": [
        0.0017394175403751433,
        0.005722921824781224
      ],
      "ci_m": [
        0.029544531559804455,
        0.03195362811675295
      ],
      "p_g_raw": 0.0,
      "p_m_raw": 0.0,
      "seeds_beat_both": 5,
      "win_rate_g": 0.62734375,
      "win_rate_m": 0.8515625,
      "p_g_holm": 0.0,
      "p_m_holm": 0.0
    },
    "1000": {
      "mean_gaussian": 0.7580077176738996,
      "mean_mask": 0.7775797352776863,
      "mean_gm": 0.7548181870719418,
      "seed_means_gaussian": [
        0.7569628517958336,
        0.7561213195149321,
        0.7600375103647821,
        0.7609293694840744,
        0.7559875372098759
      ],