{
  "ebm": "none",
  "seed": 0,
  "steps": 1000,
  "runtime_seconds": 26.28230094909668,
  "peak_memory_mb": 672.92724609375
}
