{
  "mode": "denoise",
  "tag": "vanilla",
  "gammas": {
    "0.3": {
      "psnr_restored_vs_orig": [
        28.979656219482422,
        24.89912223815918,
        23.167949676513672,
        21.644851684570312,
        20.56351661682129,
        20.603578567504883,
        20.500709533691406,
        20.241485595703125
      ],
      "lpips_restored_vs_orig": [
        0.09548254311084747,
        0.20691391825675964,
        0.1562158614397049,
        0.15709245204925537,
        0.2245962917804718,
        0.11343900859355927,
        0.16663576662540436,
        0.1330626904964447
      ]
    },
    "0.5": {
      "psnr_restored_vs_orig": [
        23.723236083984375,
        20.474346160888672,
        19.43212127685547,
        17.964550018310547,
        17.76180076599121,
        16.35849380493164,
        16.122962951660156,
        16.767925262451172
      ],
      "lpips_restored_vs_orig": [
        0.255368173122406,
        0.39036235213279724,
        0.31638103723526,
        0.2909904420375824,
        0.3590487241744995,
        0.23680028319358826,
        0.32339850068092346,
        0.30814096331596375
      ]
    },
    "0.7": {
      "psnr_restored_vs_orig": [
        19.555044174194336,
        16.744205474853516,
        16.62529754638672,
        13.325759887695312,
        14.724187850952148,
        13.078869819641113,
        13.360553741455078,
        12.709336280822754
      ],
      "lpips_restored_vs_orig": [
        0.4568368196487427,
        0.5527204275131226,
        0.533034086227417,
        0.5115920305252075,
        0.493624746799469,
        0.43155890703201294,
        0.4372410476207733,
        0.5768023729324341
      ]
    },
    "0.9": {
      "psnr_restored_vs_orig": [
        14.264516830444336,
        13.20395278930664,
        12.627931594848633,
        9.317353248596191,
        12.020156860351562,
        10.006546974182129,
        10.90127182006836,
        9.388837814331055
      ],
      "lpips_restored_vs_orig": [
        0.6732426881790161,
        0.7091395854949951,
        0.658713161945343,
        0.5823062062263489,
        0.6762517094612122,
        0.6986621618270874,
        0.5457019209861755,
        0.646703839302063
      ]
    }
  }
}