{
  "ebm": "direct",
  "seed": 0,
  "steps": 1000,
  "runtime_seconds": 64.85849332809448,
  "peak_memory_mb": 930.607421875
}
