{
  "config": {
    "steps": 600,
    "base_gap": 1.3797607421875,
    "known_gap": 1.71490478515625,
    "base_cover": 1.4051027297973633,
    "known_cover": 0.016587257385253906
  },
  "SINGLE_DISCOVERED_SE2": {
    "gap": 3.760986328125,
    "tx_mean": 3.7577812671661377,
    "ty_mean": -1.7394829988479614,
    "tx_std": 4.806066726814606e-07,
    "ty_std": 3.6045500451109547e-07,
    "eig1": 3.6091062863979895e-13,
    "eig2": 8.604779441619115e-21,
    "eig_ratio": 8.604779441619115e-12,
    "logdet_cov": -27.63102149963379,
    "cover_ed": 5.187612533569336
  },
  "RANDOM_SINGLE_SE2": {
    "gap": 2.5767822265625,
    "tx_mean": -0.8915748596191406,
    "ty_mean": -0.3753663897514343,
    "tx_std": 0.0,
    "ty_std": 6.007583408518258e-08,
    "eig1": 3.609106167813377e-15,
    "eig2": 0.0,
    "eig_ratio": 0.0,
    "logdet_cov": -27.63102149963379,
    "cover_ed": 2.772027015686035
  },
  "DISCOVERED_2GEN_SE2": {
    "gap": 2.1785888671875,
    "tx_mean": -0.0013931915163993835,
    "ty_mean": -0.008487433195114136,
    "tx_std": 3.621971368789673,
    "ty_std": 1.0717135667800903,
    "eig1": 13.424280166625977,
    "eig2": 0.8429652452468872,
    "eig_ratio": 0.06279407422846985,
    "logdet_cov": 2.4262354373931885,
    "cover_ed": 0.3201289176940918
  },
  "RANDOM_2GEN_SE2": {
    "gap": 4.00958251953125,
    "tx_mean": 0.0020912932232022285,
    "ty_mean": 0.048222050070762634,
    "tx_std": 0.26004090905189514,
    "ty_std": 1.8188797235488892,
    "eig1": 3.3513975143432617,
    "eig2": 0.024546757340431213,
    "eig_ratio": 0.007324334769413764,
    "logdet_cov": -2.497797966003418,
    "cover_ed": 0.887110710144043
  },
  "DISCOVERED_DISTRIBUTION_SE2": {
    "gap": 2.5299072265625,
    "tx_mean": 0.7302276492118835,
    "ty_mean": -1.329263687133789,
    "tx_std": 3.22513484954834,
    "ty_std": 2.079805374145508,
    "eig1": 10.63311767578125,
    "eig2": 4.093968868255615,
    "eig_ratio": 0.38502055493849485,
    "logdet_cov": 3.7734882831573486,
    "logsig": [
      -1.5918048620224,
      -1.9610562324523926
    ],
    "cover_ed": 0.3169736862182617
  }
}