{
  "config": {
    "k_pca": 32,
    "held": [
      15.0,
      20.0,
      25.0
    ],
    "n_img": 1500,
    "steps": 1500,
    "img_move_target": 19.673603057861328,
    "pca_move_target": 14.312882423400879,
    "device": "cpu"
  },
  "BASE": {
    "gap_heldout": 1.064788818359375
  },
  "KNOWN_AUG": {
    "gap_heldout": 0.1822967529296875
  },
  "SPATIAL_RANDOM": {
    "gap_heldout": 1.119781494140625,
    "gap_anchor": 0.555267333984375,
    "gap_visible": 0.559295654296875,
    "angle_deg": 1.0531717538833618,
    "det": 1.4693207740783691,
    "cond": 1.104390025138855,
    "off_identity": 0.31755009293556213
  },
  "SPATIAL_RANDOM_BIDIR": {
    "gap_heldout": 1.4119110107421875,
    "gap_anchor": 0.8088226318359375,
    "gap_visible": 0.7891998291015625,
    "n_ops": 2
  },
  "SPATIAL_DISCOVERED_FORWARD": {
    "gap_heldout": 0.8971405029296875,
    "gap_anchor": 0.4878997802734375,
    "gap_visible": 0.6019439697265625,
    "angle_deg": 4.900686740875244,
    "det": 1.0102126598358154,
    "cond": 1.0700451135635376,
    "off_identity": 0.15851961076259613
  },
  "SPATIAL_DISCOVERED_INVERSE": {
    "gap_heldout": 1.4436798095703125,
    "gap_anchor": 0.4871673583984375,
    "gap_visible": 0.4182586669921875,
    "angle_deg": -4.663631916046143,
    "det": 0.9898903965950012,
    "cond": 1.0700451135635376,
    "off_identity": 0.1575692743062973
  },
  "SPATIAL_DISCOVERED_BIDIR": {
    "gap_heldout": 1.0238189697265625,
    "gap_anchor": 0.4077911376953125,
    "gap_visible": 0.4427947998046875,
    "n_ops": 2
  },
  "SPATIAL_DISCOVERED_ORBIT": {
    "gap_heldout": 1.2640533447265625,
    "gap_anchor": 0.6537933349609375,
    "gap_visible": 0.6226959228515625,
    "n_ops": 4
  },
  "SPATIAL_DISCOVERED_RESIDUAL": {
    "gap_heldout": 1.28936767578125,
    "gap_anchor": 0.76702880859375,
    "gap_visible": 0.6729736328125,
    "angle_deg": -0.2727552652359009,
    "det": 1.2861109972000122,
    "cond": 1.2830244302749634,
    "off_identity": 0.2845810353755951
  },
  "MIXTURE_SINGLE": {
    "gap_heldout": 0.305328369140625,
    "gap_anchor": 0.883880615234375,
    "gap_visible": 1.32000732421875,
    "angle_deg": 29.480749130249023,
    "det": 0.9857679605484009,
    "cond": 1.1263641119003296,
    "off_identity": 0.7661739587783813
  },
  "MIXTURE_BIDIR": {
    "gap_heldout": 1.1859130859375,
    "gap_anchor": 0.622772216796875,
    "gap_visible": 0.75433349609375,
    "n_ops": 2
  },
  "PCA_LINEAR_DISCOVERED": {
    "gap_heldout": 1.118988037109375,
    "gap_anchor": 0.401123046875,
    "det": 0.9485851526260376,
    "cond": 1.1622875928878784,
    "off_identity": 0.5739482045173645
  }
}