{
  "n_seeds": 3,
  "arms": {
    "base": {
      "clean": 0.4596666693687439,
      "translated6": 0.3703333338101705,
      "translated_std": 0.012036976940517571,
      "seeds": [
        0.36500000953674316,
        0.35899999737739563,
        0.3869999945163727
      ]
    },
    "known_crop": {
      "clean": 0.4566666583220164,
      "translated6": 0.37700000405311584,
      "translated_std": 0.01801850913022775,
      "seeds": [
        0.39800000190734863,
        0.3540000021457672,
        0.3790000081062317
      ]
    },
    "random_policy": {
      "clean": 0.44699999690055847,
      "translated6": 0.37133334080378216,
      "translated_std": 0.0061282501161305175,
      "seeds": [
        0.3799999952316284,
        0.367000013589859,
        0.367000013589859
      ]
    },
    "DISCOVERED_ANCHOR_ONLY": {
      "clean": 0.43299999833106995,
      "translated6": 0.3713333308696747,
      "translated_std": 0.011025215614119111,
      "seeds": [
        0.38499999046325684,
        0.3709999918937683,
        0.3580000102519989
      ]
    },
    "DISCOVERED_ANCHOR_ENTROPY": {
      "clean": 0.4443333347638448,
      "translated6": 0.3796666661898295,
      "translated_std": 0.0052493353428016845,
      "seeds": [
        0.3869999945163727,
        0.37700000405311584,
        0.375
      ]
    },
    "DISCOVERED_ANCHOR_ENTROPY_UTILITY": {
      "clean": 0.44299999872843426,
      "translated6": 0.3816666603088379,
      "translated_std": 0.008013886069558412,
      "seeds": [
        0.3930000066757202,
        0.37599998712539673,
        0.37599998712539673
      ]
    }
  }
}