{
  "rows": [
    {
      "S1_predonly": {
        "clean_mse": 0.0004287147312425077,
        "neg_control_mse": 0.05962563306093216,
        "shortcut_sensitivity": 1.0117880916805007,
        "composition_error": 5.85716438293457,
        "identity_error": 2.1959946155548096,
        "inverse_error": 2.5279555320739746,
        "verdict": "shortcut_win"
      },
      "S2_Wonly": {
        "clean_mse": 0.0001705548638710752,
        "neg_control_mse": 0.06314297020435333,
        "shortcut_sensitivity": 1.0524198153143516,
        "composition_error": 5.488422393798828,
        "identity_error": 2.190816879272461,
        "inverse_error": 2.114978551864624,
        "verdict": "shortcut_win"
      },
      "S4_HtoW": {
        "clean_mse": 0.006266222335398197,
        "neg_control_mse": 1.0335661172866821,
        "shortcut_sensitivity": 0.002295706421136856,
        "composition_error": 0.005147015210241079,
        "identity_error": 0.32918694615364075,
        "inverse_error": 0.2566685080528259,
        "verdict": "clean_win"
      }
    },
    {
      "S1_predonly": {
        "clean_mse": 0.02715999074280262,
        "neg_control_mse": 0.4313327670097351,
        "shortcut_sensitivity": 0.7716429810971022,
        "composition_error": 1.3888707160949707,
        "identity_error": 0.1027020812034607,
        "inverse_error": 1.524404525756836,
        "verdict": "clean_win"
      },
      "S2_Wonly": {
        "clean_mse": 0.024968039244413376,
        "neg_control_mse": 0.8574494123458862,
        "shortcut_sensitivity": 1.133292306214571,
        "composition_error": 2.148845672607422,
        "identity_error": 0.1645689457654953,
        "inverse_error": 1.1317083835601807,
        "verdict": "clean_win"
      },
      "S4_HtoW": {
        "clean_mse": 0.04154612869024277,
        "neg_control_mse": 1.0005632638931274,
        "shortcut_sensitivity": 0.01676604151725769,
        "composition_error": 0.007681915536522865,
        "identity_error": 0.20144867897033691,
        "inverse_error": 0.25607091188430786,
        "verdict": "clean_win"
      }
    },
    {
      "S1_predonly": {
        "clean_mse": 0.0005089160986244678,
        "neg_control_mse": 0.01402550470083952,
        "shortcut_sensitivity": 0.9745330694131553,
        "composition_error": 13.44223403930664,
        "identity_error": 3.660290241241455,
        "inverse_error": 2.9573886394500732,
        "verdict": "shortcut_win"
      },
      "S2_Wonly": {
        "clean_mse": 0.00016320889699272811,
        "neg_control_mse": 0.009404203854501247,
        "shortcut_sensitivity": 0.9820901041675825,
        "composition_error": 11.005624771118164,
        "identity_error": 3.343855381011963,
        "inverse_error": 2.147258996963501,
        "verdict": "shortcut_win"
      },
      "S4_HtoW": {
        "clean_mse": 0.007769866846501827,
        "neg_control_mse": 1.006934404373169,
        "shortcut_sensitivity": 0.0018537612631917,
        "composition_error": 0.00974416546523571,
        "identity_error": 0.606232225894928,
        "inverse_error": 0.48809993267059326,
        "verdict": "clean_win"
      }
    }
  ],
  "table": {
    "S1_predonly": {
      "clean_mse": [
        0.009365873857556531,
        0.015410209435928588,
        0.0382810824052866
      ],
      "neg_control_mse": [
        0.16832796825716892,
        0.22890715596453645,
        0.5686368986139727
      ],
      "shortcut_sensitivity": [
        0.9193213807302527,
        0.12924266501311202,
        0.3210565781222079
      ],
      "composition_error": [
        6.8960897127787275,
        6.09347324857342,
        15.137026692135441
      ],
      "identity_error": [
        1.9863289793332417,
        1.7880375103363397,
        4.441731409395628
      ],
      "inverse_error": [
        2.336582899093628,
        0.7354104167161838,
        1.8268607497560583
      ]
    },
    "S2_Wonly": {
      "clean_mse": [
        0.008433934335092394,
        0.014318955351391088,
        0.035570256980819
      ],
      "neg_control_mse": [
        0.3099988621349136,
        0.47486686812929313,
        1.1796346951661296
      ],
      "shortcut_sensitivity": [
        1.0559340752321684,
        0.07566233536603312,
        0.18795566063953437
      ],
      "composition_error": [
        6.214297612508138,
        4.472784940594217,
        11.111013747341362
      ],
      "identity_error": [
        1.8997470686833065,
        1.6095051367774047,
        3.9982324074750766
      ],
      "inverse_error": [
        1.7979819774627686,
        0.577235552641076,
        1.4339326048609697
      ]
    },
    "S4_HtoW": {
      "clean_mse": [
        0.018527405957380932,
        0.019948970747715802,
        0.04955599054439089
      ],
      "neg_control_mse": [
        1.0136879285176594,
        0.01750727418265844,
        0.04349048002655582
      ],
      "shortcut_sensitivity": [
        0.0069718364005287485,
        0.008484908324907073,
        0.02107768075038478
      ],
      "composition_error": [
        0.007524365403999885,
        0.0023026211477233517,
        0.005720028028862521
      ],
      "identity_error": [
        0.3789559503396352,
        0.20693029091571466,
        0.5140433393608232
      ],
      "inverse_error": [
        0.333613117535909,
        0.13378984011552872,
        0.3323523872759134
      ]
    }
  },
  "stats": {
    "composition_error": {
      "w_mean": 6.214297612508138,
      "hw_mean": 0.007524365403999885,
      "t": 2.4035238298401724,
      "p": 0.13812464953557754,
      "cohens_d": 1.9624689892428147
    },
    "shortcut_sensitivity": {
      "w_mean": 1.0559340752321684,
      "hw_mean": 0.0069718364005287485,
      "t": 23.863106141782907,
      "p": 0.0015434624703790703,
      "cohens_d": 19.484144575081164
    },
    "identity_error": {
      "w_mean": 1.8997470686833065,
      "hw_mean": 0.3789559503396352,
      "t": 1.623221567868165,
      "p": 0.24207696615292792,
      "cohens_d": 1.3253548602524994
    },
    "inverse_error": {
      "w_mean": 1.7979819774627686,
      "hw_mean": 0.333613117535909,
      "t": 4.280508104731744,
      "p": 0.042032026034961506,
      "cohens_d": 3.49502023214689
    }
  },
  "gate_hits": 3,
  "seeds": 3,
  "steps": 800
}