{
  "rows": [
    {
      "S1_predonly": {
        "clean_mse": 0.0002324796369066462,
        "neg_control_mse": 0.0598716177046299,
        "shortcut_sensitivity": 1.0366761469194898,
        "composition_error": 5.5471320152282715,
        "identity_error": 2.1840806007385254,
        "inverse_error": 2.2400739192962646,
        "verdict": "shortcut_win"
      },
      "S2_Wonly": {
        "clean_mse": 0.000152120046550408,
        "neg_control_mse": 0.0684177577495575,
        "shortcut_sensitivity": 1.0681021123600658,
        "composition_error": 5.222260475158691,
        "identity_error": 2.1825902462005615,
        "inverse_error": 1.944581389427185,
        "verdict": "shortcut_win"
      },
      "S4_HtoW": {
        "clean_mse": 0.0024783241096884012,
        "neg_control_mse": 1.07880437374115,
        "shortcut_sensitivity": 0.0006031522061675787,
        "composition_error": 0.0012157093733549118,
        "identity_error": 0.28919100761413574,
        "inverse_error": 0.2545660436153412,
        "verdict": "clean_win"
      }
    },
    {
      "S1_predonly": {
        "clean_mse": 0.025399096310138702,
        "neg_control_mse": 0.7233539819717407,
        "shortcut_sensitivity": 1.1069288179278374,
        "composition_error": 2.2667694091796875,
        "identity_error": 0.15429924428462982,
        "inverse_error": 1.2647433280944824,
        "verdict": "clean_win"
      },
      "S2_Wonly": {
        "clean_mse": 0.0256708525121212,
        "neg_control_mse": 1.0043361186981201,
        "shortcut_sensitivity": 1.2845121957361698,
        "composition_error": 2.4848194122314453,
        "identity_error": 0.18773366510868073,
        "inverse_error": 1.1701686382293701,
        "verdict": "clean_win"
      },
      "S4_HtoW": {
        "clean_mse": 0.02957417443394661,
        "neg_control_mse": 1.0575642585754395,
        "shortcut_sensitivity": 0.007538314908742905,
        "composition_error": 0.00275177089497447,
        "identity_error": 0.2263144552707672,
        "inverse_error": 0.25460100173950195,
        "verdict": "clean_win"
      }
    },
    {
      "S1_predonly": {
        "clean_mse": 0.00024180926266126335,
        "neg_control_mse": 0.011638248339295387,
        "shortcut_sensitivity": 0.9854630895715673,
        "composition_error": 12.033897399902344,
        "identity_error": 3.46433162689209,
        "inverse_error": 2.473771810531616,
        "verdict": "shortcut_win"
      },
      "S2_Wonly": {
        "clean_mse": 0.00013717055844608694,
        "neg_control_mse": 0.006592726334929466,
        "shortcut_sensitivity": 0.9858059680409497,
        "composition_error": 11.277100563049316,
        "identity_error": 3.520972490310669,
        "inverse_error": 2.2217493057250977,
        "verdict": "shortcut_win"
      },
      "S4_HtoW": {
        "clean_mse": 0.003392952959984541,
        "neg_control_mse": 1.0663994550704956,
        "shortcut_sensitivity": 0.000357732642441988,
        "composition_error": 0.002208543010056019,
        "identity_error": 0.5497685670852661,
        "inverse_error": 0.4974958896636963,
        "verdict": "clean_win"
      }
    },
    {
      "S1_predonly": {
        "clean_mse": 0.00021411791385617107,
        "neg_control_mse": 0.025166133418679237,
        "shortcut_sensitivity": 1.0077683745330432,
        "composition_error": 4.556270599365234,
        "identity_error": 1.6734888553619385,
        "inverse_error": 1.2967777252197266,
        "verdict": "shortcut_win"
      },
      "S2_Wonly": {
        "clean_mse": 0.00013218469393905252,
        "neg_control_mse": 0.027546729892492294,
        "shortcut_sensitivity": 0.9942866747878725,
        "composition_error": 4.452674865722656,
        "identity_error": 1.6498816013336182,
        "inverse_error": 1.1597906351089478,
        "verdict": "shortcut_win"
      },
      "S4_HtoW": {
        "clean_mse": 0.0024809555616229773,
        "neg_control_mse": 1.0701085329055786,
        "shortcut_sensitivity": 0.0007543910760432482,
        "composition_error": 0.0010859400499612093,
        "identity_error": 0.27925407886505127,
        "inverse_error": 0.2494470775127411,
        "verdict": "clean_win"
      }
    },
    {
      "S1_predonly": {
        "clean_mse": 0.0002752543368842453,
        "neg_control_mse": 0.05234875530004501,
        "shortcut_sensitivity": 0.98971915236325,
        "composition_error": 4.864312171936035,
        "identity_error": 1.3687623739242554,
        "inverse_error": 6.847073078155518,
        "verdict": "shortcut_win"
      },
      "S2_Wonly": {
        "clean_mse": 0.0001695317041594535,
        "neg_control_mse": 0.04824592545628548,
        "shortcut_sensitivity": 1.0217757064092439,
        "composition_error": 4.607355117797852,
        "identity_error": 1.3705084323883057,
        "inverse_error": 6.458883285522461,
        "verdict": "shortcut_win"
      },
      "S4_HtoW": {
        "clean_mse": 0.0031552871223539114,
        "neg_control_mse": 1.0352517366409302,
        "shortcut_sensitivity": 0.0006857363041490316,
        "composition_error": 0.0012307383585721254,
        "identity_error": 0.31343233585357666,
        "inverse_error": 0.3457922637462616,
        "verdict": "clean_win"
      }
    },
    {
      "S1_predonly": {
        "clean_mse": 0.00031371164368465543,
        "neg_control_mse": 0.03185931593179703,
        "shortcut_sensitivity": 0.9138117308611982,
        "composition_error": 1.4553186893463135,
        "identity_error": 0.5381873250007629,
        "inverse_error": 3.293656826019287,
        "verdict": "shortcut_win"
      },
      "S2_Wonly": {
        "clean_mse": 0.0001972884638234973,
        "neg_control_mse": 0.030201729387044907,
        "shortcut_sensitivity": 0.9203333287732676,
        "composition_error": 1.3434553146362305,
        "identity_error": 0.5149362683296204,
        "inverse_error": 3.0716679096221924,
        "verdict": "shortcut_win"
      },
      "S4_HtoW": {
        "clean_mse": 0.0013893949799239635,
        "neg_control_mse": 1.0710792541503906,
        "shortcut_sensitivity": 0.0007821747567504644,
        "composition_error": 4.078014171682298e-05,
        "identity_error": 7.275552889041137e-06,
        "inverse_error": 3.450718941166997e-05,
        "verdict": "clean_win"
      }
    },
    {
      "S1_predonly": {
        "clean_mse": 0.00021045442554168403,
        "neg_control_mse": 0.02573111467063427,
        "shortcut_sensitivity": 1.0045173859980423,
        "composition_error": 4.4643988609313965,
        "identity_error": 2.0837578773498535,
        "inverse_error": 1.341200590133667,
        "verdict": "shortcut_win"
      },
      "S2_Wonly": {
        "clean_mse": 0.00012464499741327018,
        "neg_control_mse": 0.020216483622789383,
        "shortcut_sensitivity": 1.009362268683617,
        "composition_error": 3.9728734493255615,
        "identity_error": 1.9433003664016724,
        "inverse_error": 1.1542787551879883,
        "verdict": "shortcut_win"
      },
      "S4_HtoW": {
        "clean_mse": 0.002378574339672923,
        "neg_control_mse": 1.1201587915420532,
        "shortcut_sensitivity": 0.0006980181206017733,
        "composition_error": 0.001035488792695105,
        "identity_error": 0.2860836386680603,
        "inverse_error": 0.25423240661621094,
        "verdict": "clean_win"
      }
    },
    {
      "S1_predonly": {
        "clean_mse": 0.00022548914421349764,
        "neg_control_mse": 0.010668663308024406,
        "shortcut_sensitivity": 1.0463913035346195,
        "composition_error": 7.660106658935547,
        "identity_error": 2.9853100776672363,
        "inverse_error": 2.217068672180176,
        "verdict": "shortcut_win"
      },
      "S2_Wonly": {
        "clean_mse": 0.0001278493000427261,
        "neg_control_mse": 0.010408139787614346,
        "shortcut_sensitivity": 1.0426486161159119,
        "composition_error": 6.731629848480225,