{
  "1.0": {
    "predonly": {
      "clean_mse": [
        0.00027486789622344077,
        0.024898983538150787,
        0.0003051438252441585,
        0.00024290382862091064,
        0.00031505629885941744
      ],
      "neg_control_mse": [
        0.059220414608716965,
        0.7101284265518188,
        0.011339804157614708,
        0.024283209815621376,
        0.05657966434955597
      ],
      "shortcut_sensitivity": [
        1.027428059693193,
        0.9182352647185326,
        1.0129981360514648,
        1.0277272909879684,
        0.9996474523795769
      ],
      "composition_error": [
        5.656632423400879,
        1.9306939840316772,
        12.47451114654541,
        4.612488746643066,
        4.8896026611328125
      ]
    },
    "htow": {
      "clean_mse": [
        0.0033159260638058186,
        0.026816153898835182,
        0.004025342874228954,
        0.0032092262990772724,
        0.0034402022138237953
      ],
      "neg_control_mse": [
        1.0692572593688965,
        1.037385106086731,
        0.99857097864151,
        1.0442719459533691,
        1.0813989639282227
      ],
      "shortcut_sensitivity": [
        0.0007987073622643948,
        0.0038201231509447098,
        0.0010656798258423805,
        0.0008425954729318619,
        0.001709070522338152
      ],
      "composition_error": [
        0.0017588018672540784,
        0.003075411543250084,
        0.0034892463590949774,
        0.001765848370268941,
        0.002053571166470647
      ]
    }
  },
  "0.75": {
    "predonly": {
      "clean_mse": [
        0.0025106514804065228,
        0.00042114785173907876,
        0.0022548469714820385,
        0.002415352500975132,
        0.029189176857471466
      ],
      "neg_control_mse": [
        0.8956905603408813,
        1.0828794240951538,
        0.8214781284332275,
        0.851205587387085,
        1.0619431734085083
      ],
      "shortcut_sensitivity": [
        0.03512397455051541,
        0.0019368465873412788,
        0.034506839234381914,
        0.03414226230233908,
        0.0536079928278923
      ],
      "composition_error": [
        21.507400512695312,
        0.19226451218128204,
        32.01981735229492,
        13.980360984802246,
        0.7183316349983215
      ]
    },
    "htow": {
      "clean_mse": [
        0.002150351647287607,
        2.1916577679803595e-05,
        0.003337186761200428,
        0.002182860393077135,
        0.01961262710392475
      ],
      "neg_control_mse": [
        1.1004118919372559,
        1.1077975034713745,
        1.028611660003662,
        1.0614514350891113,
        1.0991401672363281
      ],
      "shortcut_sensitivity": [
        0.000573970377445221,
        1.1930169421248138e-05,
        0.0009466460905969143,
        0.0005707615055143833,
        -0.002048017457127571
      ],
      "composition_error": [
        0.0013621068792417645,
        1.58349284902215e-05,
        0.002698929514735937,
        0.0013807180803269148,
        0.0021017331164330244
      ]
    }
  },
  "0.5": {
    "predonly": {
      "clean_mse": [
        0.021451082080602646,
        0.00047716082190163434,
        0.030708758160471916,
        0.018536223098635674,
        0.0004034009762108326
      ],
      "neg_control_mse": [
        1.073195219039917,
        1.0965585708618164,
        0.9691855311393738,
        1.0298932790756226,
        1.1138932704925537
      ],
      "shortcut_sensitivity": [
        0.022664960473775864,
        0.0008145525061991066,
        0.028728021308779716,
        0.0020640119910240173,
        0.0006628665141761303
      ],
      "composition_error": [
        2.236403465270996,
        0.21731838583946228,
        8.439507484436035,
        0.6358417272567749,
        0.4620426893234253
      ]
    },
    "htow": {
      "clean_mse": [
        0.01620391756296158,
        2.7050546123064123e-05,
        0.02125050127506256,
        0.01476367749273777,
        4.7925859689712524e-05
      ],
      "neg_control_mse": [
        1.0935002565383911,
        1.1085046529769897,
        1.012441873550415,
        1.0635942220687866,
        1.1238441467285156
      ],
      "shortcut_sensitivity": [
        0.008519833907485008,
        5.084684744360857e-06,
        0.0014449618756771088,
        -0.0024625062942504883,
        5.421297828434035e-06
      ],
      "composition_error": [
        0.0025355892721563578,
        1.719467036309652e-05,
        0.0040725041180849075,
        0.00133780506439507,
        2.9966540751047432e-05
      ]
    }
  },
  "0.25": {
    "predonly": {
      "clean_mse": [
        0.0004900285857729614,
        0.0005004616104997694,
        0.04070468246936798,
        0.0003996871819254011,
        0.00040741925477050245
      ],
      "neg_control_mse": [
        1.1048517227172852,
        1.1039721965789795,
        1.0039904117584229,
        1.0740811824798584,
        1.120549201965332
      ],
      "shortcut_sensitivity": [
        0.0001617101370356977,
        0.0002351065049879253,
        0.011794961988925934,
        0.00016639431123621762,
        0.00016970132128335536
      ],
      "composition_error": [
        2.244438648223877,
        0.23807138204574585,
        19.672639846801758,
        1.8685389757156372,
        0.30211299657821655
      ]
    },
    "htow": {
      "clean_mse": [
        0.0036987685598433018,
        5.713410064345226e-05,
        0.0338875949382782,
        0.0011145840398967266,
        4.3232503230683506e-05
      ],
      "neg_control_mse": [
        1.1112087965011597,
        1.1085588932037354,
        1.004971981048584,
        1.0754480361938477,
        1.1233773231506348
      ],
      "shortcut_sensitivity": [
        -4.337797872722149e-05,
        7.059054041747004e-06,
        0.005464017391204834,
        0.0001818196615204215,
        9.3090784503147e-06
      ],
      "composition_error": [
        0.0007556771161034703,
        1.5438497939612716e-05,
        0.007771872915327549,
        0.000635385571513325,
        1.893521039164625e-05
      ]
    }
  },
  "0.0": {
    "predonly": {
      "clean_mse": [
        0.000463852658867836,
        0.0005779458442702889,
        0.05248427391052246,
        0.00044595118379220366,
        0.00046891983947716653
      ],
      "neg_control_mse": [
        1.1042585372924805,
        1.1048657894134521,
        1.006169080734253,
        1.0753388404846191,
        1.1247926950454712
      ],
      "shortcut_sensitivity": [
        -2.9433693271130323e-05,
        5.526543827727437e-05,
        0.0014464110136032104,
        -9.633367881178856e-07,
        8.148985216394067e-06
      ],
      "composition_error": [
        3.427255392074585,
        0.2904459834098816,
        34.01468276977539,
        1.7605375051498413,
        0.185837984085083
      ]
    },
    "htow": {
      "clean_mse": [
        0.0016826787032186985,
        0.00016823963960632682,
        0.0594562292098999,
        0.0016536308685317636,
        0.00013523391680791974
      ],
      "neg_control_mse": [
        1.1055207252502441,
        1.1084946393966675,
        0.9987491965293884,
        1.072871208190918,
        1.1250633001327515
      ],
      "shortcut_sensitivity": [
        2.344534732401371e-05,
        4.478002665564418e-06,
        -0.0057259052991867065,
        9.108439553529024e-05,
        1.5497469576075673e-05
      ],
      "composition_error": [
        0.0007113582687452435,
        2.0670278900070116e-05,
        0.01836746372282505,
        0.0006373354117386043,
        1.453771983506158e-05
      ]
    }
  }
}