{
  "stage1_v0": {
    "clean_mse": 0.0011595359537750483
  },
  "stage1_v1": {
    "clean_mse": 0.0011595359537750483,
    "neg_control_mse": 0.062372948974370956,
    "shortcut_sensitivity": 0.9963982233311981,
    "composition_error": 6.28626823425293,
    "identity_error": 2.1732242107391357,
    "inverse_error": 2.7903800010681152,
    "verdict": "shortcut_win"
  },
  "stage2_v1": {
    "clean_mse": 0.0002580101427156478,
    "neg_control_mse": 0.05823817104101181,
    "shortcut_sensitivity": 1.0199944560590666,
    "composition_error": 5.643631935119629,
    "identity_error": 2.1846604347229004,
    "inverse_error": 2.370863437652588,
    "verdict": "shortcut_win"
  },
  "stage3_v1": {
    "clean_mse": 0.0002580101427156478,
    "neg_control_mse": 0.05823817104101181,
    "shortcut_sensitivity": 1.0199944560590666,
    "composition_error": 5.643631935119629,
    "identity_error": 2.1846604347229004,
    "inverse_error": 2.370863437652588,
    "verdict": "shortcut_win"
  },
  "stage4_v1": {
    "clean_mse": 0.08986630290746689,
    "neg_control_mse": 0.6482762098312378,
    "shortcut_sensitivity": 0.12809459120035172,
    "composition_error": 0.01615362986922264,
    "identity_error": 0.3992556631565094,
    "inverse_error": 0.27919018268585205,
    "verdict": "unsolved"
  },
  "gate": {
    "stage2_neg_control_mse": 0.0582,
    "stage4_neg_control_mse": 0.6483,
    "pass": true,
    "claim": "W-only kept cheating; H->W broke it"
  }
}