{
  "ebm": "direct",
  "t": 0.5,
  "rows": [
    {
      "radius": 0.1,
      "finite": true,
      "field_cosine": 0.9999974370002747,
      "relative_field_change": 0.002255695639178157,
      "base_field_norm": 199.0452423095703,
      "perturbed_field_norm": 199.04176330566406
    },
    {
      "radius": 0.5,
      "finite": true,
      "field_cosine": 0.9999353885650635,
      "relative_field_change": 0.011351426132023335,
      "base_field_norm": 199.0452423095703,
      "perturbed_field_norm": 199.0391082763672
    },
    {
      "radius": 1.0,
      "finite": true,
      "field_cosine": 0.9997414946556091,
      "relative_field_change": 0.022735420614480972,
      "base_field_norm": 199.0452423095703,
      "perturbed_field_norm": 199.08636474609375
    },
    {
      "radius": 2.0,
      "finite": true,
      "field_cosine": 0.998971700668335,
      "relative_field_change": 0.0454150065779686,
      "base_field_norm": 199.0452423095703,
      "perturbed_field_norm": 199.5653076171875
    }
  ]
}
