{
  "ebm": "dot",
  "t": 0.5,
  "rows": [
    {
      "radius": 0.1,
      "finite": true,
      "field_cosine": 0.9999976754188538,
      "relative_field_change": 0.0021759765222668648,
      "base_field_norm": 188.911865234375,
      "perturbed_field_norm": 188.91033935546875
    },
    {
      "radius": 0.5,
      "finite": true,
      "field_cosine": 0.9999405145645142,
      "relative_field_change": 0.010880046524107456,
      "base_field_norm": 188.911865234375,
      "perturbed_field_norm": 188.92514038085938
    },
    {
      "radius": 1.0,
      "finite": true,
      "field_cosine": 0.9997591972351074,
      "relative_field_change": 0.021904021501541138,
      "base_field_norm": 188.911865234375,
      "perturbed_field_norm": 188.97518920898438
    },
    {
      "radius": 2.0,
      "finite": true,
      "field_cosine": 0.9990416765213013,
      "relative_field_change": 0.043771445751190186,
      "base_field_norm": 188.911865234375,
      "perturbed_field_norm": 189.3429412841797
    }
  ]
}
