{
  "ebm": "none",
  "t": 0.5,
  "rows": [
    {
      "radius": 0.1,
      "finite": true,
      "field_cosine": 0.999997615814209,
      "relative_field_change": 0.0021605701185762882,
      "base_field_norm": 195.87142944335938,
      "perturbed_field_norm": 195.8708953857422
    },
    {
      "radius": 0.5,
      "finite": true,
      "field_cosine": 0.9999414682388306,
      "relative_field_change": 0.01078299805521965,
      "base_field_norm": 195.87142944335938,
      "perturbed_field_norm": 195.90432739257812
    },
    {
      "radius": 1.0,
      "finite": true,
      "field_cosine": 0.9997647404670715,
      "relative_field_change": 0.021608617156744003,
      "base_field_norm": 195.87142944335938,
      "perturbed_field_norm": 195.958251953125
    },
    {
      "radius": 2.0,
      "finite": true,
      "field_cosine": 0.9990700483322144,
      "relative_field_change": 0.042979493737220764,
      "base_field_norm": 195.87142944335938,
      "perturbed_field_norm": 196.01968383789062
    }
  ]
}
