{
  "config": {
    "k_pca": 32,
    "held": [
      15.0,
      20.0,
      25.0
    ],
    "n_img": 1500,
    "steps": 1500,
    "move_target": 14.312882423400879,
    "device": "cpu"
  },
  "BASE_FEATURE": {
    "gap_to_heldout": 1.064788818359375
  },
  "KNOWN_AUG_FEATURE": {
    "gap_to_heldout": 0.1822967529296875
  },
  "RANDOM_STABLE_FEATURE": {
    "arm": "RANDOM_STABLE_FEATURE",
    "gap_to_heldout": 4.8256988525390625,
    "gap_to_anchor": 3.9741973876953125,
    "off_identity": 3.321997880935669,
    "det": 0.2382580190896988,
    "cond": 5.053016662597656,
    "move": 86.52886962890625,
    "shift_consistency": 0.04054174944758415
  },
  "DISCOVERED_STABLE_FEATURE": {
    "arm": "DISCOVERED_STABLE_FEATURE",
    "gap_to_heldout": 1.18743896484375,
    "gap_to_anchor": 0.406341552734375,
    "off_identity": 0.9531471729278564,
    "det": 1.009218454360962,
    "cond": 1.142055869102478,
    "move": 14.425427436828613,
    "shift_consistency": 0.003697676118463278
  }
}