{
  "config": {
    "D": 16,
    "heldout": [
      2,
      5
    ],
    "steps": 4000,
    "seeds": [
      0,
      1,
      2
    ],
    "min_pair": 2.4796767234802246,
    "sig_obs": 0.4782891273498535,
    "device": "cpu"
  },
  "arms": {
    "BASE": {
      "recall_heldout": 0.00016666667458290854,
      "modes_covered": 6.0,
      "mmd_energy": 0.1853459676106771,
      "recall_sd": 0.00023570227159077248,
      "hits_heldout_any": false,
      "consistent_shift_any": false,
      "sigma_seed0": null
    },
    "ORACLE": {
      "recall_heldout": 0.17699999610582987,
      "modes_covered": 8.0,
      "mmd_energy": 0.08874813715616862,
      "recall_sd": 0.009548120185409195,
      "hits_heldout_any": false,
      "consistent_shift_any": false,
      "sigma_seed0": null
    },
    "DISC_LINEAR": {
      "recall_heldout": 0.0,
      "modes_covered": 6.0,
      "mmd_energy": 0.26436599095662433,
      "T_move_ratio": 0.9386038382848104,
      "T_on_manifold": 0.0,
      "T_mode_change": 0.142578125,
      "recall_sd": 0.0,
      "hits_heldout_any": true,
      "consistent_shift_any": true,
      "sigma_seed0": {
        "0": 7,
        "1": 1,
        "3": 2,
        "4": 4,
        "6": 6,
        "7": 0
      }
    },
    "DISC_NONLIN": {
      "recall_heldout": 0.0,
      "modes_covered": 6.0,
      "mmd_energy": 0.4918937683105469,
      "T_move_ratio": 1.000986893971761,
      "T_on_manifold": 0.07552083333333333,
      "T_mode_change": 0.3587239583333333,
      "recall_sd": 0.0,
      "hits_heldout_any": false,
      "consistent_shift_any": false,
      "sigma_seed0": {
        "0": 7,
        "1": 0,
        "3": 3,
        "4": 4,
        "6": 6,
        "7": 0
      }
    }
  }
}