{
  "n_seeds": 3,
  "lam": 1.5,
  "cond_mu_std": [
    3.4268343448638916,
    0.7135313749313354
  ],
  "arms": {
    "base": {
      "clean": 0.4709999958674113,
      "translated6": 0.3619999984900157,
      "translated_std": 0.00941630118570025,
      "seeds": [
        0.3529999852180481,
        0.3580000102519989,
        0.375
      ]
    },
    "crop_pad4": {
      "clean": 0.4623333315054576,
      "translated6": 0.4086666703224182,
      "translated_std": 0.0012472163464911361,
      "seeds": [
        0.40700000524520874,
        0.4099999964237213,
        0.4090000092983246
      ]
    },
    "random_policy": {
      "clean": 0.4493333399295807,
      "translated6": 0.39266666769981384,
      "translated_std": 0.005249340389344238,
      "seeds": [
        0.3880000114440918,
        0.38999998569488525,
        0.4000000059604645
      ]
    },
    "global_safe_hard": {
      "clean": 0.44233333071072894,
      "translated6": 0.3973333438237508,
      "translated_std": 0.007760295196197995,
      "seeds": [
        0.3970000147819519,
        0.40700000524520874,
        0.3880000114440918
      ]
    },
    "conditional": {
      "clean": 0.3816666603088379,
      "translated6": 0.3630000054836273,
      "translated_std": 0.011343134986872897,
      "seeds": [
        0.35600000619888306,
        0.3790000081062317,
        0.3540000021457672
      ]
    }
  },
  "beats_crop": false,
  "beats_global": false,
  "beats_random": false,
  "verdict": "no_beat"
}