{
  "n_seeds": 3,
  "arms": {
    "base": {
      "clean": 0.4709999958674113,
      "translated6": 0.3619999984900157,
      "translated_std": 0.00941630118570025,
      "seeds": [
        0.3529999852180481,
        0.3580000102519989,
        0.375
      ]
    },
    "crop_pad2": {
      "clean": 0.4580000042915344,
      "translated6": 0.38199999928474426,
      "translated_std": 0.0024494825400688553,
      "seeds": [
        0.38199999928474426,
        0.38499999046325684,
        0.3790000081062317
      ]
    },
    "crop_pad4": {
      "clean": 0.4623333315054576,
      "translated6": 0.4086666703224182,
      "translated_std": 0.0012472163464911361,
      "seeds": [
        0.40700000524520874,
        0.4099999964237213,
        0.4090000092983246
      ]
    },
    "crop_pad6": {
      "clean": 0.4516666730244954,
      "translated6": 0.404666672150294,
      "translated_std": 0.003681788171342217,
      "seeds": [
        0.4050000011920929,
        0.4090000092983246,
        0.4000000059604645
      ]
    },
    "transl_only6": {
      "clean": 0.4516666730244954,
      "translated6": 0.404666672150294,
      "translated_std": 0.003681788171342217,
      "seeds": [
        0.4050000011920929,
        0.4090000092983246,
        0.4000000059604645
      ]
    },
    "transl_scale": {
      "clean": 0.4543333351612091,
      "translated6": 0.4063333372275035,
      "translated_std": 0.028592925563246097,
      "seeds": [
        0.3720000088214874,
        0.44200000166893005,
        0.4050000011920929
      ]
    },
    "transl_flip": {
      "clean": 0.45366666714350384,
      "translated6": 0.39800000190734863,
      "translated_std": 0.02379075887610612,
      "seeds": [
        0.3659999966621399,
        0.4230000078678131,
        0.4050000011920929
      ]
    }
  },
  "ranked": [
    "crop_pad4",
    "transl_scale",
    "crop_pad6",
    "transl_only6",
    "transl_flip",
    "crop_pad2",
    "base"
  ],
  "ceiling": "crop_pad4",
  "crop_pad4_is_ceiling": true
}