{
  "n_seeds": 3,
  "lam": 0.5,
  "cond_mu_std": [
    8.120121002197266,
    0.8462041020393372
  ],
  "arms": {
    "base": {
      "clean": 0.4709999958674113,
      "translated6": 0.3619999984900157,
      "translated_std": 0.00941630118570025,
      "seeds": [
        0.3529999852180481,
        0.3580000102519989,
        0.375
      ]
    },
    "crop_pad4": {
      "clean": 0.4623333315054576,
      "translated6": 0.4086666703224182,
      "translated_std": 0.0012472163464911361,
      "seeds": [
        0.40700000524520874,
        0.4099999964237213,
        0.4090000092983246
      ]
    },
    "random_policy": {
      "clean": 0.4493333399295807,
      "translated6": 0.39266666769981384,
      "translated_std": 0.005249340389344238,
      "seeds": [
        0.3880000114440918,
        0.38999998569488525,
        0.4000000059604645
      ]
    },
    "global_safe_hard": {
      "clean": 0.4453333218892415,
      "translated6": 0.3933333357175191,
      "translated_std": 0.004988876005946701,
      "seeds": [
        0.3919999897480011,
        0.4000000059604645,
        0.3880000114440918
      ]
    },
    "conditional": {
      "clean": 0.375,
      "translated6": 0.3619999885559082,
      "translated_std": 0.011430950964980436,
      "seeds": [
        0.3479999899864197,
        0.37599998712539673,
        0.3619999885559082
      ]
    }
  },
  "beats_crop": false,
  "beats_global": false,
  "beats_random": false,
  "verdict": "no_beat"
}