{
  "best_known": "crop_pad4_color",
  "n_seeds": 3,
  "phi_curriculum": [
    -0.41768696904182434,
    -0.4453783333301544
  ],
  "phi_random": [
    -0.1467950940132141,
    0.7861412763595581
  ],
  "s_start": 0.39707037806510925,
  "s_end": 0.29669931530952454,
  "arms": {
    "best_known": {
      "clean": 0.4336666663487752,
      "robust": 0.4008333335320155,
      "robust_std": 0.011085526833109424,
      "seeds": [
        0.3865000009536743,
        0.41350000351667404,
        0.4024999961256981
      ]
    },
    "static_residual": {
      "clean": 0.43666667739550274,
      "robust": 0.41483333706855774,
      "robust_std": 0.005643334238857728,
      "seeds": [
        0.42275000363588333,
        0.4100000038743019,
        0.411750003695488
      ]
    },
    "curriculum_learned": {
      "clean": 0.4416666626930237,
      "robust": 0.41316666454076767,
      "robust_std": 0.00410453456514309,
      "seeds": [
        0.41874999552965164,
        0.4117499962449074,
        0.409000001847744
      ]
    },
    "random_curriculum": {
      "clean": 0.43700000643730164,
      "robust": 0.41483333458503086,
      "robust_std": 0.0037043513687553507,
      "seeds": [
        0.42000000178813934,
        0.4129999950528145,
        0.4115000069141388
      ]
    }
  },
  "beats_static": false,
  "beats_best_known": true,
  "beats_random_curriculum": false,
  "verdict": "no_beat"
}