{
  "arms": {
    "random_crop": {
      "scorer_CE": 1.7020444869995117,
      "anchor_ED": 3.2608642578125,
      "move_px": 17.914371490478516,
      "cov_eig_min": 4.7348313331604,
      "cov_eig_max": 5.547553062438965
    },
    "random_policy": {
      "scorer_CE": 1.6660308837890625,
      "anchor_ED": 2.958251953125,
      "move_px": 16.531721115112305,
      "cov_eig_min": 2.6389851570129395,
      "cov_eig_max": 9.98301887512207
    },
    "safe_hard_l0.5": {
      "scorer_CE": 1.7097969055175781,
      "anchor_ED": 2.7130126953125,
      "move_px": 17.68047523498535,
      "cov_eig_min": 3.9744701385498047,
      "cov_eig_max": 12.000518798828125
    },
    "safe_hard_l1.5": {
      "scorer_CE": 1.7148172855377197,
      "anchor_ED": 2.7386474609375,
      "move_px": 19.491052627563477,
      "cov_eig_min": 7.053033828735352,
      "cov_eig_max": 19.109224319458008
    },
    "safe_hard_l3.0": {
      "scorer_CE": 1.820180058479309,
      "anchor_ED": 2.948486328125,
      "move_px": 20.840410232543945,
      "cov_eig_min": 7.635555744171143,
      "cov_eig_max": 19.341005325317383
    }
  },
  "ed_cap": 4.89129738671875,
  "best_safe_hard": "safe_hard_l3.0",
  "harder_than_crop": true,
  "rank2d_ok": true,
  "verdict": "pass"
}