{
  "best_known": "crop_pad4_color",
  "n_seeds": 3,
  "thetas": {
    "rand": [
      0.0,
      0.0,
      0.0,
      0.0
    ],
    "full": [
      0.6741841435432434,
      0.6029106378555298,
      -0.30375513434410095,
      0.08847765624523163
    ],
    "no_anchor": [
      0.5831864476203918,
      0.4369792938232422,
      0.0478987991809845,
      0.165747731924057
    ],
    "no_entropy": [
      -0.5161969661712646,
      0.3556133806705475,
      0.24685798585414886,
      -0.25944623351097107
    ]
  },
  "ranges": {
    "rand": {
      "r_tx": 1.0,
      "r_ty": 1.0,
      "r_s": 0.05,
      "r_b": 0.0
    },
    "full": {
      "r_tx": 1.3248788118362427,
      "r_ty": 1.2926437854766846,
      "r_s": 0.042463979125022894,
      "r_b": 0.0
    },
    "no_anchor": {
      "r_tx": 1.2836005687713623,
      "r_ty": 1.2150779962539673,
      "r_s": 0.05119724273681641,
      "r_b": 0.0
    },
    "no_entropy": {
      "r_tx": 0.7474839091300964,
      "r_ty": 1.17595636844635,
      "r_s": 0.056140297651290895,
      "r_b": 0.0
    }
  },
  "arms": {
    "base": {
      "clean": 0.4676666557788849,
      "robust": 0.3909166653951009,
      "robust_std": 0.0047316944582963165,
      "seeds": [
        0.3842499926686287,
        0.3947500064969063,
        0.39374999701976776
      ]
    },
    "best_known": {
      "clean": 0.4336666663487752,
      "robust": 0.4008333335320155,
      "robust_std": 0.011085526833109424,
      "seeds": [
        0.3865000009536743,
        0.41350000351667404,
        0.4024999961256981
      ]
    },
    "rand_residual": {
      "clean": 0.43933333953221637,
      "robust": 0.41458333283662796,
      "robust_std": 0.004976332022539501,
      "seeds": [
        0.42149999737739563,
        0.41225000470876694,
        0.4099999964237213
      ]
    },
    "learned_residual": {
      "clean": 0.4376666744550069,
      "robust": 0.41483332961797714,
      "robust_std": 0.005948853056043175,
      "seeds": [
        0.4229999929666519,
        0.4124999940395355,
        0.409000001847744
      ]
    },
    "learned_no_anchor": {
      "clean": 0.4373333354791005,
      "robust": 0.4155833348631859,
      "robust_std": 0.004529225160830169,
      "seeds": [
        0.4217500016093254,
        0.4139999970793724,
        0.41100000590085983
      ]
    },
    "learned_no_entropy": {
      "clean": 0.4386666615804036,
      "robust": 0.41333333899577457,
      "robust_std": 0.004089282786266363,
      "seeds": [
        0.419000007212162,
        0.40950000286102295,
        0.4115000069141388
      ]
    }
  },
  "beats_best_known": true,
  "beats_random": true,
  "anchor_matters": false,
  "entropy_matters": true,
  "verdict": "pass"
}