{
  "config": {
    "T_steps": 3000,
    "eqm_steps": 4000,
    "seeds": [
      0,
      1,
      2
    ],
    "device": "cpu"
  },
  "arms": {
    "BASE": {
      "recall_arc": 0.001777777758737405,
      "bins": 32.0,
      "mmd_full": 0.061872005462646484,
      "onman_gen": 0.9758888880411783,
      "recall_sd": 0.00041573967407558765
    },
    "ORACLE": {
      "recall_arc": 0.06755555421113968,
      "bins": 36.0,
      "mmd_full": 0.024871031443277996,
      "onman_gen": 0.9766666690508524,
      "recall_sd": 0.0036750728474935655
    },
    "FIELD_CLOSURE_DISC": {
      "recall_arc": 0.002000000017384688,
      "bins": 32.0,
      "mmd_full": 0.7310091654459635,
      "onman_gen": 0.44333332777023315,
      "T_onman": 0.0,
      "T_move": 0.9702799717585245,
      "T_shift_deg": 0.5572876930236816,
      "T_shift_std": 98.58199564615886,
      "T_orbit_bins": 2.0,
      "recall_sd": 0.0002721654765346082
    },
    "FROZEN_ANCHOR_DISC": {
      "recall_arc": 0.009444444595525662,
      "bins": 32.0,
      "mmd_full": 0.06516806284586589,
      "onman_gen": 0.8100000023841858,
      "T_onman": 0.6988932291666666,
      "T_move": 0.9889938235282898,
      "T_shift_deg": 0.43164024750391644,
      "T_shift_std": 94.826904296875,
      "T_orbit_bins": 5.666666666666667,
      "recall_sd": 0.005724110107939394
    },
    "VISIBLE_ANCHOR_DISC": {
      "recall_arc": 0.0015555555582977831,
      "bins": 32.0,
      "mmd_full": 0.06628020604451497,
      "onman_gen": 0.8573333422342936,
      "T_onman": 0.6435546875,
      "T_move": 0.9501755634943644,
      "T_shift_deg": -10.733725388844809,
      "T_shift_std": 97.10625966389973,
      "T_orbit_bins": 5.666666666666667,
      "recall_sd": 0.0008748897568729671
    }
  }
}