{
  "config": {
    "seeds": [
      0,
      1,
      2
    ],
    "device": "cpu"
  },
  "arms": {
    "BASE": {
      "recall_arc": 0.0026666666381061077,
      "bins": 32.0,
      "recall_sd": 0.0011863418953612754
    },
    "ORACLE": {
      "recall_arc": 0.06744444370269775,
      "bins": 36.0,
      "recall_sd": 0.004491418397417392
    },
    "GEN_SKEW": {
      "recall_arc": 0.07000000029802322,
      "bins": 36.0,
      "T_onman": 1.0,
      "T_shift_std": 0.8451647162437439,
      "M_angle": 14.138113657633463,
      "M_off": 1.0184672673543294,
      "M_det": 0.999999980131785,
      "recall_sd": 0.005192586884842873,
      "angle_err45": 2.7894579569498696
    },
    "GEN_FREE": {
      "recall_arc": 0.04677777675290903,
      "bins": 34.666666666666664,
      "T_onman": 0.9300130208333334,
      "T_shift_std": 7.639268398284912,
      "M_angle": 14.907761891682943,
      "M_off": 0.9091608126958212,
      "M_det": 0.8972113132476807,
      "recall_sd": 0.025563766126783134,
      "angle_err45": 3.6769421895345054
    },
    "GEN_FREE_STABLE": {
      "recall_arc": 0.06677777816851933,
      "bins": 36.0,
      "T_onman": 1.0,
      "T_shift_std": 0.8420533339182535,
      "M_angle": 14.128641764322916,
      "M_off": 1.0176506439844768,
      "M_det": 1.0016207695007324,
      "recall_sd": 0.0025867670566968736,
      "angle_err45": 2.8375523885091147
    }
  }
}