{
  "config": {
    "C": 0.4,
    "seeds": [
      0,
      1,
      2
    ],
    "device": "cpu"
  },
  "arms": {
    "BASE": {
      "recall_arc": 0.0007777777694476148,
      "bins": 37.0,
      "recall_sd": 0.00041573970518888964
    },
    "ORACLE": {
      "recall_arc": 0.022222221518556278,
      "bins": 39.333333333333336,
      "recall_sd": 0.005977323505416677
    },
    "GEN_SKEW_SCREW": {
      "recall_arc": 0.020666666328907013,
      "bins": 39.0,
      "T_onman": 0.9342447916666666,
      "T_dphi_std": 0.9420871734619141,
      "lin_det": 1.0000000198682149,
      "lin_cond": 1.00000003973643,
      "rec_omega_deg": 43.98131561279297,
      "rec_htrans": 0.18707590301831564,
      "recall_sd": 0.0014401648357075644
    },
    "GEN_FREE_STABLE_VOLONLY": {
      "recall_arc": 0.01311111073785772,
      "bins": 37.666666666666664,
      "T_onman": 0.640625,
      "T_dphi_std": 1.8929442365964253,
      "lin_det": 1.0044355988502502,
      "lin_cond": 1.7861452500025432,
      "rec_omega_deg": 1.1023658116658528,
      "rec_htrans": -0.21330259243647257,
      "recall_sd": 0.00856492963203252
    },
    "GEN_FREE_STABLE_ISOMETRY": {
      "recall_arc": 0.020999999716877937,
      "bins": 39.333333333333336,
      "T_onman": 0.8463541666666666,
      "T_dphi_std": 1.148940900961558,
      "lin_det": 1.003135323524475,
      "lin_cond": 1.0347097317377727,
      "rec_omega_deg": 14.561734517415365,
      "rec_htrans": 0.007977003852526346,
      "recall_sd": 0.0014401648357075644
    }
  }
}