{
  "config": {
    "seeds": [
      0,
      1,
      2
    ],
    "device": "cpu"
  },
  "arms": {
    "BASE": {
      "recall_arc": 0.0018888888880610466,
      "bins": 32.0,
      "recall_sd": 0.00041573969481779465
    },
    "ORACLE": {
      "recall_arc": 0.06766666720310847,
      "bins": 36.0,
      "recall_sd": 0.0029938197666175836
    },
    "FROZEN_LATENT_SINGLE": {
      "recall_arc": 0.02388888840020324,
      "bins": 33.333333333333336,
      "T_onman": 0.716796875,
      "T_shift_deg": -4.858073552449544,
      "T_shift_std": 25.207827031612396,
      "M_angle": -38.605743408203125,
      "M_off": 1.0440924167633057,
      "recall_sd": 0.03284230863578741
    },
    "FROZEN_LATENT_ORBIT": {
      "recall_arc": 0.023777776630595326,
      "bins": 33.0,
      "T_onman": 0.716796875,
      "T_shift_deg": -4.858073552449544,
      "T_shift_std": 25.207827031612396,
      "M_angle": -38.605743408203125,
      "M_off": 1.0440924167633057,
      "recall_sd": 0.03221264056452131
    },
    "FROZEN_LATENT_DISC_ORBIT": {
      "recall_arc": 0.018666667204039793,
      "bins": 29.333333333333332,
      "T_onman": 0.4186197916666667,
      "T_shift_deg": -27.265949885050457,
      "T_shift_std": 24.732497533162434,
      "M_angle": -24.06825065612793,
      "M_off": 0.9544748862584432,
      "recall_sd": 0.013366625674853963
    }
  }
}