{
  "config": {
    "joint_mode": "scratch",
    "steps": 4000,
    "seeds": [
      0,
      1,
      2
    ],
    "device": "cpu",
    "min_move": 3.9146714210510254
  },
  "arms": {
    "BASE": {
      "recall_arc": 0.002333333327745398,
      "arc_bins_covered": 32.0,
      "on_manifold_gen": 0.9763333400090536,
      "recall_sd": 0.0004714044883028359
    },
    "ORACLE": {
      "recall_arc": 0.06311111152172089,
      "arc_bins_covered": 36.0,
      "on_manifold_gen": 0.9792222181955973,
      "recall_sd": 0.0031544609018729413
    },
    "DISC_LINEAR": {
      "recall_arc": 0.0016666666682188709,
      "arc_bins_covered": 32.0,
      "on_manifold_gen": 0.47944443424542743,
      "T_on_manifold": 0.020182291666666668,
      "recall_sd": 0.0005443310005955622
    },
    "ORACLE_LATENT": {
      "recall_arc": 0.0014444444871818025,
      "arc_bins_covered": 32.0,
      "on_manifold_gen": 0.9814444382985433,
      "T_on_manifold": 1.0,
      "ae_diag": 0.02151536134382089,
      "M_offidentity": 0.007190026032427947,
      "M_order_err": 0.05844192827741305,
      "M_angle_deg": -0.009608909487724304,
      "recall_sd": 0.0004157397363021946
    },
    "DISC_JOINT": {
      "recall_arc": 0.0007777777888501684,
      "arc_bins_covered": 31.666666666666668,
      "on_manifold_gen": 0.565666675567627,
      "T_on_manifold": 0.1015625,
      "ae_diag": 0.4307918647925059,
      "M_offidentity": 1.2635428309440613,
      "M_order_err": 1.4149468342463176,
      "M_angle_deg": 64.3273040453593,
      "recall_sd": 0.000566557725274888
    }
  }
}