{
  "config": {
    "K_LAT": 3,
    "seeds": [
      0,
      1,
      2
    ],
    "device": "cpu"
  },
  "arms": {
    "BASE": {
      "recall_arc": 0.004333333267519872,
      "bins": 32.0,
      "onman_gen": 1.0,
      "recall_sd": 0.0009428089766056718
    },
    "ORACLE": {
      "recall_arc": 0.06277777999639511,
      "bins": 36.0,
      "onman_gen": 1.0,
      "recall_sd": 0.009028077740780335
    },
    "GEN_SKEW_KNOWN_PLANE": {
      "recall_arc": 0.07244444141785304,
      "bins": 36.0,
      "onman_gen": 1.0,
      "T_onman": 1.0,
      "T_shift_std": 3.3856704235076904,
      "passive_dh": 0.13720703125,
      "passive_leak": 0.0,
      "M_det": 1.0,
      "M_cond": 1.0000000794728596,
      "M_angle": 49.045878092447914,
      "recall_sd": 0.0022662312663943173
    },
    "GEN_SKEW_FREE_PLANE": {
      "recall_arc": 0.070333331823349,
      "bins": 36.0,
      "onman_gen": 1.0,
      "T_onman": 1.0,
      "T_shift_std": 3.3451042970021567,
      "passive_dh": 0.14453125,
      "passive_leak": 0.03796692627171675,
      "M_det": 1.0000000198682149,
      "M_cond": 1.0000001192092896,
      "M_angle": 15.76751708984375,
      "recall_sd": 0.004009248708219136
    },
    "GEN_FREE_STABLE": {
      "recall_arc": 0.07111111283302307,
      "bins": 36.0,
      "onman_gen": 1.0,
      "T_onman": 1.0,
      "T_shift_std": 3.3498659133911133,
      "passive_dh": 0.14518229166666666,
      "passive_leak": 0.043411443630854286,
      "M_det": 1.0012461344401042,
      "M_cond": 1.0023560523986816,
      "M_angle": 16.555775960286457,
      "recall_sd": 0.004157396450365188
    }
  }
}