{
  "config": {
    "joint_mode": "scratch",
    "steps": 4000,
    "seeds": [
      0,
      1,
      2
    ],
    "device": "cpu",
    "min_move": 3.911540985107422
  },
  "arms": {
    "BASE": {
      "recall_arc": 0.0024444444570690393,
      "arc_bins_covered": 32.0,
      "on_manifold_gen": 0.9767777721087137,
      "recall_sd": 0.0003142696222827513
    },
    "ORACLE": {
      "recall_arc": 0.06555555388331413,
      "arc_bins_covered": 36.0,
      "on_manifold_gen": 0.9806666771570841,
      "recall_sd": 0.00396590384644061
    },
    "DISC_LINEAR": {
      "recall_arc": 0.0008888889181738099,
      "arc_bins_covered": 32.0,
      "on_manifold_gen": 0.4584444463253021,
      "T_on_manifold": 0.0,
      "recall_sd": 0.00015713486602008465
    },
    "ORACLE_LATENT": {
      "recall_arc": 0.0013333333384556074,
      "arc_bins_covered": 31.333333333333332,
      "on_manifold_gen": 0.7411110997200012,
      "T_on_manifold": 0.4641927083333333,
      "ae_diag": 0.021511003995935123,
      "M_offidentity": 1.399999976158142,
      "M_order_err": 321.1386323769887,
      "M_angle_deg": 25.626513227820396,
      "recall_sd": 0.0009813067458245958
    },
    "DISC_JOINT": {
      "recall_arc": 0.0014444444871818025,
      "arc_bins_covered": 32.0,
      "on_manifold_gen": 0.47744445006052655,
      "T_on_manifold": 0.0,
      "ae_diag": 0.18949203193187714,
      "M_offidentity": 1.399999976158142,
      "M_order_err": 96.62897948424022,
      "M_angle_deg": 60.859273513158165,
      "recall_sd": 0.0003142696771614603
    }
  }
}