{
  "config": {
    "seeds": [
      0,
      1,
      2
    ],
    "device": "cpu"
  },
  "arms": {
    "BASE": {
      "recall_arc": 0.002333333327745398,
      "bins": 32.0,
      "recall_sd": 0.0007200823100741376
    },
    "ORACLE": {
      "recall_arc": 0.06766666720310847,
      "bins": 36.0,
      "recall_sd": 0.003399347386651585
    },
    "FROZEN_RESIDUAL": {
      "recall_arc": 0.008777778130024672,
      "bins": 32.0,
      "T_onman": 0.701171875,
      "T_shift_deg": 1.2942706942558289,
      "T_shift_std": 94.9798812866211,
      "recall_sd": 0.005586580375313705
    },
    "FROZEN_LATENT_CLEAN": {
      "recall_arc": 0.02477777861834814,
      "bins": 33.333333333333336,
      "T_onman": 0.7076822916666666,
      "T_shift_deg": -4.908528010050456,
      "T_shift_std": 25.28876719872157,
      "M_angle": -38.78402964274088,
      "M_off": 1.050443212191264,
      "recall_sd": 0.03362795841465098
    },
    "FROZEN_LATENT_DISC": {
      "recall_arc": 0.01333333361738672,
      "bins": 33.0,
      "T_onman": 0.4169921875,
      "T_shift_deg": -26.42317771911621,
      "T_shift_std": 24.84531021118164,
      "M_angle": -24.33566125233968,
      "M_off": 0.9394116600354513,
      "recall_sd": 0.009285592288720019
    }
  }
}