{
  "config": {
    "k_pca": 32,
    "held": [
      15.0,
      20.0,
      25.0
    ],
    "n_img": 1500,
    "steps": 1500,
    "img_move_target": 19.673603057861328,
    "pca_move_target": 14.312882423400879,
    "device": "cpu"
  },
  "BASE": {
    "gap_heldout": 1.064788818359375
  },
  "KNOWN_AUG": {
    "gap_heldout": 0.1822967529296875
  },
  "SPATIAL_RANDOM": {
    "gap_heldout": 1.119781494140625,
    "gap_anchor": 0.555267333984375,
    "gap_visible": 0.559295654296875,
    "angle_deg": 1.0531717538833618,
    "det": 1.4693207740783691,
    "cond": 1.104390025138855,
    "off_identity": 0.31755009293556213
  },
  "SPATIAL_DISCOVERED": {
    "gap_heldout": 2.893096923828125,
    "gap_anchor": 1.42315673828125,
    "gap_visible": 1.179046630859375,
    "angle_deg": -23.719486236572266,
    "det": 0.9996217489242554,
    "cond": 1.001519799232483,
    "off_identity": 0.5822850465774536
  },
  "SPATIAL_DISCOVERED_RESIDUAL": {
    "gap_heldout": 3.307159423828125,
    "gap_anchor": 1.88067626953125,
    "gap_visible": 1.536651611328125,
    "angle_deg": -23.268770217895508,
    "det": 0.9999647736549377,
    "cond": 1.0000605583190918,
    "off_identity": 0.5703542232513428
  },
  "PCA_LINEAR_DISCOVERED": {
    "gap_heldout": 1.118988037109375,
    "gap_anchor": 0.401123046875,
    "det": 0.9485851526260376,
    "cond": 1.1622875928878784,
    "off_identity": 0.5739482045173645
  }
}