{
  "task": "multi_independent",
  "seed": 0,
  "anchor": "randomconv",
  "true_families": [
    "rotate",
    "hue",
    "scale"
  ],
  "hidden": [
    2,
    4,
    3
  ],
  "valid_ref_validity": -6.700936794281006,
  "decoy_ref_validity": -6.685153484344482,
  "arms": {
    "BASE_IDENTITY": {
      "collapse_validity": {
        "move_pixel": 0.0,
        "identity_collapse": true,
        "mean_validity": -6.117660999298096,
        "validity_rate": 0.73046875,
        "anchor_ed": 0.9428586959838867
      },
      "coverage": {
        "heldout_coverage": 0.0,
        "reachable_spread": 0.0
      },
      "latent_recovery": {
        "moved_per_factor": {
          "cx": 0.0,
          "cy": 0.0,
          "rot": 0.0,
          "scale": 0.0,
          "hue": 0.0,
          "bright": 0.0,
          "stroke": 0.0,
          "bg": 0.0
        },
        "hidden_factor_mass": 0.0
      }
    },
    "KNOWN_ORACLE": {
      "collapse_validity": {
        "move_pixel": 8.344809532165527,
        "identity_collapse": false,
        "mean_validity": -6.012558460235596,
        "validity_rate": 0.7421875,
        "anchor_ed": 0.2880268096923828
      },
      "coverage": {
        "heldout_coverage": 0.97265625,
        "heldout_coverage_joint": 0.0,
        "per_factor_coverage": {
          "rot": 1.0,
          "hue": 0.91796875,
          "scale": 1.0
        },
        "reachable_spread": 0.3006053864955902
      },
      "latent_recovery": {
        "moved_per_factor": {
          "cx": 0.0,
          "cy": 0.0,
          "rot": 0.29688605666160583,
          "scale": 0.07927342504262924,
          "hue": 0.1148684099316597,
          "bright": 0.0,
          "stroke": 0.0,
          "bg": 0.0
        },
        "hidden_factor_mass": 1.0
      }
    },
    "RANDOM_VALID_POLICY": {
      "collapse_validity": {
        "move_pixel": 6.910065650939941,
        "identity_collapse": false,
        "mean_validity": -6.577359676361084,
        "validity_rate": 0.6015625,
        "anchor_ed": 0.3836994171142578
      },
      "coverage": {
        "heldout_coverage": 0.9563802083333334,
        "heldout_coverage_joint": 0.0,
        "per_factor_coverage": {
          "rot": 1.0,
          "hue": 0.869140625,
          "scale": 1.0
        },
        "reachable_spread": 0.2048482447862625
      },
      "latent_recovery": {
        "moved_per_factor": {
          "cx": 0.03543928638100624,
          "cy": 0.034394700080156326,
          "rot": 0.1291220635175705,
          "scale": 0.03503179922699928,
          "hue": 0.04824494197964668,
          "bright": 0.029924986883997917,
          "stroke": 0.039039455354213715,
          "bg": 0.0
        },
        "hidden_factor_mass": 0.604784995158357
      }
    },
    "RANDOM_WITH_DECOYS": {
      "collapse_validity": {
        "move_pixel": 7.844507217407227,
        "identity_collapse": false,
        "mean_validity": -6.6160125732421875,
        "validity_rate": 0.546875,
        "anchor_ed": 0.5108938217163086
      },
      "coverage": {
        "heldout_coverage": 0.9641927083333334,
        "heldout_coverage_joint": 0.0,
        "per_factor_coverage": {
          "rot": 1.0,
          "hue": 0.892578125,
          "scale": 1.0
        },
        "reachable_spread": 0.15263473987579346
      },
      "latent_recovery": {
        "moved_per_factor": {
          "cx": 0.019903117790818214,
          "cy": 0.018877968192100525,
          "rot": 0.07114962488412857,
          "scale": 0.017844200134277344,
          "hue": 0.029130224138498306,
          "bright": 0.014833815395832062,
          "stroke": 0.021531086415052414,
          "bg": 0.0
        },
        "hidden_factor_mass": 0.6111865900825065
      }
    },
    "LEARNED_SINGLE_POLICY": {
      "quality": {
        "effective_usage": {
          "translate_x": 0.0,
          "translate_y": 0.0,
          "rotate": 0.0,
          "scale": 0.0,
          "hue": 1.0,
          "bright": 0.0,
          "stroke": 0.0,
          "crop_erase": 0.0,
          "big_shear": 0.0,
          "bg_shortcut": 0.0,
          "shape_warp": 0.0,
          "occlude": 0.0,
          "color_collapse": 0.0
        },
        "decoy_usage": 0.0,
        "true_family_usage": 1.0,
        "true_family_recall": 0.3333333333333333,
        "true_families_recalled": [
          "hue"
        ],
        "family_entropy": -0.0,
        "max_family_weight": 1.0,
        "top_family": "hue"
      },
      "discover_final": {
        "L_anchor": 0.36867713928222656,
        "move": 5.883637428283691,
        "L_move": 0.0,
        "L_bound": 0.0015801384579390287,
        "fam_entropy": 0.4076547622680664
      },
      "collapse_validity": {
        "move_pixel": 10.032402992248535,
        "identity_collapse": false,
        "mean_validity": -6.027777671813965,
        "validity_rate": 0.73046875,
        "anchor_ed": 0.3070850372314453
      },
      "coverage": {
        "heldout_coverage": 0.33203125,
        "heldout_coverage_joint": 0.0,
        "per_factor_coverage": {
          "rot": 0.0,
          "hue": 0.923828125,
          "scale": 0.072265625
        },
        "reachable_spread": 0.13987769186496735
      },
      "latent_recovery": {
        "moved_per_factor": {
          "cx": 0.0,
          "cy": 0.0,
          "rot": 0.0,
          "scale": 0.0,
          "hue": 0.2493867427110672,
          "bright": 0.0,
          "stroke": 0.0,
          "bg": 0.0
        },
        "hidden_factor_mass": 1.0
      }
    },
    "LEARNED_MULTI_POLICY": {
      "quality": {
        "effective_usage": {
          "translate_x": 0.0490165539085865,
          "translate_y": 0.07535284757614136,
          "rotate": 0.002489595441147685,
          "scale": 0.23904256522655487,
          "hue": 0.3651939630508423,
          "bright": 0.07371824979782104,
          "stroke": 0.18844172358512878,
          "crop_erase": 6.317456427495927e-05,
          "big_shear": 0.0009285728447139263,
          "bg_shortcut": 0.0019149529980495572,
          "shape_warp": 0.0007138564833439887,
          "occlude": 0.0,
          "color_collapse": 0.003123929025605321
        },
        "decoy_usage": 0.006744485915987752,
        "true_family_usage": 0.6067261237185448,
        "true_family_recall": 0.6666666666666666,
        "true_families_recalled": [
          "hue",
          "scale"
        ],
        "family_entropy": 0.406941682100296,
        "max_family_weight": 0.9262437224388123,
        "top_family": "hue"
      },
      "discover_final": {
        "L_anchor": 0.36867713928222656,
        "move": 5.883637428283691,
        "L_move": 0.0,
        "L_bound": 0.0015801384579390287,
        "fam_entropy": 0.4076547622680664
      },
      "collapse_validity": {
        "move_pixel": 9.722705841064453,
        "identity_collapse": false,
        "mean_validity": -6.104852199554443,
        "validity_rate": 0.7578125,
        "anchor_ed": 0.28636741638183594
      },
      "coverage": {
        "heldout_coverage": 0.9602864583333334,
        "heldout_coverage_joint": 0.0,
        "per_factor_coverage": {
          "rot": 1.0,
          "hue": 0.880859375,
          "scale": 1.0
        },
        "reachable_spread": 0.1630633920431137
      },
      "latent_recovery": {
        "moved_per_factor": {
          "cx": 0.0017165084136649966,
          "cy": 0.00226143398322165,
          "rot": 0.018870830535888672,
          "scale": 0.002865924732759595,
          "hue": 0.234864741563797,
          "bright": 0.00170709821395576,
          "stroke": 0.004535284824669361,
          "bg": 0.0
        },
        "hidden_factor_mass": 0.9616961403966178
      }
    },
    "LEARNED_MULTI_NO_ANCHOR": {
      "quality": {
        "effective_usage": {
          "translate_x": 0.0,
          "translate_y": 0.0,
          "rotate": 0.0,
          "scale": 0.0,
          "hue": 0.0,
          "bright": 0.0,
          "stroke": 0.0,
          "crop_erase": 0.0,
          "big_shear": 0.0,