{
  "task": "impossible_control",
  "seed": 2,
  "anchor": "randomconv",
  "true_families": [],
  "hidden": [
    7
  ],
  "valid_ref_validity": -9.624664306640625,
  "decoy_ref_validity": -9.952003479003906,
  "arms": {
    "BASE_IDENTITY": {
      "collapse_validity": {
        "move_pixel": 0.0,
        "identity_collapse": true,
        "mean_validity": -6.644146919250488,
        "validity_rate": 0.97265625,
        "anchor_ed": 0.3548011779785156
      },
      "coverage": {
        "heldout_coverage": 0.0,
        "reachable_spread": 0.0
      },
      "latent_recovery": {
        "moved_per_factor": {
          "cx": 0.0,
          "cy": 0.0,
          "rot": 0.0,
          "scale": 0.0,
          "hue": 0.0,
          "bright": 0.0,
          "stroke": 0.0,
          "bg": 0.0
        },
        "hidden_factor_mass": 0.0
      }
    },
    "KNOWN_ORACLE": {
      "collapse_validity": {
        "move_pixel": 6.839620113372803,
        "identity_collapse": false,
        "mean_validity": -9.138452529907227,
        "validity_rate": 0.6484375,
        "anchor_ed": 0.9861412048339844
      },
      "coverage": {
        "heldout_coverage": 0.0,
        "heldout_coverage_joint": 0.0,
        "per_factor_coverage": {
          "bg": 0.0
        },
        "reachable_spread": 0.029541146010160446
      },
      "latent_recovery": {
        "moved_per_factor": {
          "cx": 0.03536459431052208,
          "cy": 0.034412045031785965,
          "rot": 0.13119886815547943,
          "scale": 0.03222262114286423,
          "hue": 0.0497325100004673,
          "bright": 0.030776627361774445,
          "stroke": 0.04089595004916191,
          "bg": 0.0
        },
        "hidden_factor_mass": 0.0
      }
    },
    "RANDOM_VALID_POLICY": {
      "collapse_validity": {
        "move_pixel": 7.128299236297607,
        "identity_collapse": false,
        "mean_validity": -9.380348205566406,
        "validity_rate": 0.60546875,
        "anchor_ed": 1.154520034790039
      },
      "coverage": {
        "heldout_coverage": 0.0,
        "heldout_coverage_joint": 0.0,
        "per_factor_coverage": {
          "bg": 0.0
        },
        "reachable_spread": 0.029588431119918823
      },
      "latent_recovery": {
        "moved_per_factor": {
          "cx": 0.035383403301239014,
          "cy": 0.03501882031559944,
          "rot": 0.1370108723640442,
          "scale": 0.03308272734284401,
          "hue": 0.04936062544584274,
          "bright": 0.02923925779759884,
          "stroke": 0.03971301391720772,
          "bg": 0.0
        },
        "hidden_factor_mass": 0.0
      }
    },
    "RANDOM_WITH_DECOYS": {
      "collapse_validity": {
        "move_pixel": 8.034150123596191,
        "identity_collapse": false,
        "mean_validity": -9.497150421142578,
        "validity_rate": 0.5234375,
        "anchor_ed": 1.7386035919189453
      },
      "coverage": {
        "heldout_coverage": 0.0,
        "heldout_coverage_joint": 0.0,
        "per_factor_coverage": {
          "bg": 0.0
        },
        "reachable_spread": 0.02932390198111534
      },
      "latent_recovery": {
        "moved_per_factor": {
          "cx": 0.018075842410326004,
          "cy": 0.020389830693602562,
          "rot": 0.06209716573357582,
          "scale": 0.01843956485390663,
          "hue": 0.0259504783898592,
          "bright": 0.016241848468780518,
          "stroke": 0.019571643322706223,
          "bg": 0.0
        },
        "hidden_factor_mass": 0.0
      }
    },
    "LEARNED_SINGLE_POLICY": {
      "quality": {
        "effective_usage": {
          "translate_x": 0.0,
          "translate_y": 0.0,
          "rotate": 0.0,
          "scale": 0.0,
          "hue": 0.0,
          "bright": 0.0,
          "stroke": 1.0,
          "crop_erase": 0.0,
          "big_shear": 0.0,
          "bg_shortcut": 0.0,
          "shape_warp": 0.0,
          "occlude": 0.0,
          "color_collapse": 0.0
        },
        "decoy_usage": 0.0,
        "true_family_usage": 0,
        "true_family_recall": 0.0,
        "true_families_recalled": [],
        "family_entropy": -0.0,
        "max_family_weight": 1.0,
        "top_family": "stroke"
      },
      "discover_final": {
        "L_anchor": 0.33544921875,
        "move": 1.4767202138900757,
        "L_move": 0.0,
        "L_bound": 0.0,
        "fam_entropy": 1.0167676210403442
      },
      "collapse_validity": {
        "move_pixel": 1.1393215656280518,
        "identity_collapse": false,
        "mean_validity": -6.486940383911133,
        "validity_rate": 0.9765625,
        "anchor_ed": 0.30899715423583984
      },
      "coverage": {
        "heldout_coverage": 0.0,
        "heldout_coverage_joint": 0.0,
        "per_factor_coverage": {
          "bg": 0.0
        },
        "reachable_spread": 0.02944757044315338
      },
      "latent_recovery": {
        "moved_per_factor": {
          "cx": 0.0,
          "cy": 0.0,
          "rot": 0.0,
          "scale": 0.0,
          "hue": 0.0,
          "bright": 0.0,
          "stroke": 0.07921069115400314,
          "bg": 0.0
        },
        "hidden_factor_mass": 0.0
      }
    },
    "LEARNED_MULTI_POLICY": {
      "quality": {
        "effective_usage": {
          "translate_x": 0.028919707983732224,
          "translate_y": 0.006781634408980608,
          "rotate": 0.1573544144630432,
          "scale": 0.04594562202692032,
          "hue": 0.009476869367063046,
          "bright": 0.12254337966442108,
          "stroke": 0.6241860389709473,
          "crop_erase": 0.001340534072369337,
          "big_shear": 0.0007773518445901573,
          "bg_shortcut": 0.002009492600336671,
          "shape_warp": 0.000352464645402506,
          "occlude": 0.0,
          "color_collapse": 0.0003124813374597579
        },
        "decoy_usage": 0.004792324500158429,
        "true_family_usage": 0,
        "true_family_recall": 0.0,
        "true_families_recalled": [],
        "family_entropy": 1.0165218114852905,
        "max_family_weight": 0.4892984628677368,
        "top_family": "stroke"
      },
      "discover_final": {
        "L_anchor": 0.33544921875,
        "move": 1.4767202138900757,
        "L_move": 0.0,
        "L_bound": 0.0,
        "fam_entropy": 1.0167676210403442
      },
      "collapse_validity": {
        "move_pixel": 0.8795380592346191,
        "identity_collapse": false,
        "mean_validity": -6.343076229095459,
        "validity_rate": 0.984375,
        "anchor_ed": 0.2795381546020508
      },
      "coverage": {
        "heldout_coverage": 0.0,
        "heldout_coverage_joint": 0.0,
        "per_factor_coverage": {
          "bg": 0.0
        },
        "reachable_spread": 0.02907511778175831
      },
      "latent_recovery": {
        "moved_per_factor": {
          "cx": 0.0004551374295260757,
          "cy": 0.0004883112269453704,
          "rot": 0.011278700083494186,
          "scale": 0.0006854316452518106,
          "hue": 0.00046361060230992734,
          "bright": 0.0017632677918300033,
          "stroke": 0.037688616663217545,
          "bg": 0.0
        },
        "hidden_factor_mass": 0.0
      }
    },
    "LEARNED_MULTI_NO_ANCHOR": {
      "quality": {
        "effective_usage": {
          "translate_x": 0.0,
          "translate_y": 0.0,
          "rotate": 0.0,
          "scale": 0.0,
          "hue": 0.0,
          "bright": 0.0,
          "stroke": 0.0,
          "crop_erase": 0.0,
          "big_shear": 0.0,
          "bg_shortcut": 0.0,
          "shape_warp": 0.0,
          "occlude": 0.0,
          "color_collapse": 0.0
        },
        "decoy_usage": 0.0,
        "true_family_usage": 0,
        "true_family_recall": 0.0,
        "true_families_recalled": [],
        "family_entropy": 2.5354225635528564,
        "max_family_weight": 0.08177980035543442,
        "top_family": "translate_x"
      },
      "discover_final": {
        "move": 6.95612907409668,
        "L_move": 0.0,
        "L_bound": 0.0,