{
  "task": "decoy_pressure",
  "seed": 0,
  "anchor": "randomconv",
  "true_families": [
    "rotate",
    "hue"
  ],
  "hidden": [
    2,
    4
  ],
  "valid_ref_validity": -7.060822486877441,
  "decoy_ref_validity": -7.409844875335693,
  "arms": {
    "BASE_IDENTITY": {
      "collapse_validity": {
        "move_pixel": 0.0,
        "identity_collapse": true,
        "mean_validity": -6.104611396789551,
        "validity_rate": 0.80859375,
        "anchor_ed": 0.718449592590332
      },
      "coverage": {
        "heldout_coverage": 0.0,
        "reachable_spread": 0.0
      },
      "latent_recovery": {
        "moved_per_factor": {
          "cx": 0.0,
          "cy": 0.0,
          "rot": 0.0,
          "scale": 0.0,
          "hue": 0.0,
          "bright": 0.0,
          "stroke": 0.0,
          "bg": 0.0
        },
        "hidden_factor_mass": 0.0
      }
    },
    "KNOWN_ORACLE": {
      "collapse_validity": {
        "move_pixel": 9.529946327209473,
        "identity_collapse": false,
        "mean_validity": -5.996291160583496,
        "validity_rate": 0.8984375,
        "anchor_ed": 0.20198345184326172
      },
      "coverage": {
        "heldout_coverage": 0.958984375,
        "heldout_coverage_joint": 0.0,
        "per_factor_coverage": {
          "rot": 1.0,
          "hue": 0.91796875
        },
        "reachable_spread": 0.4635794162750244
      },
      "latent_recovery": {
        "moved_per_factor": {
          "cx": 0.0,
          "cy": 0.0,
          "rot": 0.4551575481891632,
          "scale": 0.0,
          "hue": 0.17410598695278168,
          "bright": 0.0,
          "stroke": 0.0,
          "bg": 0.0
        },
        "hidden_factor_mass": 1.0000000236803195
      }
    },
    "RANDOM_VALID_POLICY": {
      "collapse_validity": {
        "move_pixel": 7.080142021179199,
        "identity_collapse": false,
        "mean_validity": -6.801037788391113,
        "validity_rate": 0.62890625,
        "anchor_ed": 0.43285560607910156
      },
      "coverage": {
        "heldout_coverage": 0.9345703125,
        "heldout_coverage_joint": 0.0,
        "per_factor_coverage": {
          "rot": 1.0,
          "hue": 0.869140625
        },
        "reachable_spread": 0.26101255416870117
      },
      "latent_recovery": {
        "moved_per_factor": {
          "cx": 0.03543928638100624,
          "cy": 0.034394700080156326,
          "rot": 0.1291220635175705,
          "scale": 0.03503179922699928,
          "hue": 0.04824494197964668,
          "bright": 0.029924986883997917,
          "stroke": 0.039039455354213715,
          "bg": 0.0
        },
        "hidden_factor_mass": 0.5050353447147088
      }
    },
    "RANDOM_WITH_DECOYS": {
      "collapse_validity": {
        "move_pixel": 7.984983921051025,
        "identity_collapse": false,
        "mean_validity": -7.093967437744141,
        "validity_rate": 0.54296875,
        "anchor_ed": 0.8039636611938477
      },
      "coverage": {
        "heldout_coverage": 0.9462890625,
        "heldout_coverage_joint": 0.0,
        "per_factor_coverage": {
          "rot": 1.0,
          "hue": 0.892578125
        },
        "reachable_spread": 0.19128035008907318
      },
      "latent_recovery": {
        "moved_per_factor": {
          "cx": 0.019903117790818214,
          "cy": 0.018877968192100525,
          "rot": 0.07114962488412857,
          "scale": 0.017844200134277344,
          "hue": 0.029130224138498306,
          "bright": 0.014833815395832062,
          "stroke": 0.021531086415052414,
          "bg": 0.0
        },
        "hidden_factor_mass": 0.5188587710595389
      }
    },
    "LEARNED_SINGLE_POLICY": {
      "quality": {
        "effective_usage": {
          "translate_x": 0.0,
          "translate_y": 0.0,
          "rotate": 0.0,
          "scale": 0.0,
          "hue": 1.0,
          "bright": 0.0,
          "stroke": 0.0,
          "crop_erase": 0.0,
          "big_shear": 0.0,
          "bg_shortcut": 0.0,
          "shape_warp": 0.0,
          "occlude": 0.0,
          "color_collapse": 0.0
        },
        "decoy_usage": 0.0,
        "true_family_usage": 1.0,
        "true_family_recall": 0.5,
        "true_families_recalled": [
          "hue"
        ],
        "family_entropy": -0.0,
        "max_family_weight": 1.0,
        "top_family": "hue"
      },
      "discover_final": {
        "L_anchor": 0.2892112731933594,
        "move": 6.737748622894287,
        "L_move": 0.0,
        "L_bound": 0.0011349978158250451,
        "fam_entropy": 0.3072386085987091
      },
      "collapse_validity": {
        "move_pixel": 10.122730255126953,
        "identity_collapse": false,
        "mean_validity": -6.063051223754883,
        "validity_rate": 0.8359375,
        "anchor_ed": 0.20880603790283203
      },
      "coverage": {
        "heldout_coverage": 0.4599609375,
        "heldout_coverage_joint": 0.0,
        "per_factor_coverage": {
          "rot": 0.0,
          "hue": 0.919921875
        },
        "reachable_spread": 0.1952410340309143
      },
      "latent_recovery": {
        "moved_per_factor": {
          "cx": 0.0,
          "cy": 0.0,
          "rot": 0.0,
          "scale": 0.0,
          "hue": 0.2513241171836853,
          "bright": 0.0,
          "stroke": 0.0,
          "bg": 0.0
        },
        "hidden_factor_mass": 1.0
      }
    },
    "LEARNED_MULTI_POLICY": {
      "quality": {
        "effective_usage": {
          "translate_x": 0.022506901994347572,
          "translate_y": 0.06388816237449646,
          "rotate": 0.17522521317005157,
          "scale": 0.0012237894115969539,
          "hue": 0.5418087244033813,
          "bright": 0.049974579364061356,
          "stroke": 0.1438920944929123,
          "crop_erase": 0.00019348040223121643,
          "big_shear": 0.0001660917914705351,
          "bg_shortcut": 0.000587336253374815,
          "shape_warp": 0.00039032401400618255,
          "occlude": 0.0,
          "color_collapse": 0.00014339845802169293
        },
        "decoy_usage": 0.001480630919104442,
        "true_family_usage": 0.7170339375734329,
        "true_family_recall": 1.0,
        "true_families_recalled": [
          "rotate",
          "hue"
        ],
        "family_entropy": 0.30674806237220764,
        "max_family_weight": 0.9440931081771851,
        "top_family": "hue"
      },
      "discover_final": {
        "L_anchor": 0.2892112731933594,
        "move": 6.737748622894287,
        "L_move": 0.0,
        "L_bound": 0.0011349978158250451,
        "fam_entropy": 0.3072386085987091
      },
      "collapse_validity": {
        "move_pixel": 9.896637916564941,
        "identity_collapse": false,
        "mean_validity": -6.03958797454834,
        "validity_rate": 0.84765625,
        "anchor_ed": 0.2005147933959961
      },
      "coverage": {
        "heldout_coverage": 0.4296875,
        "heldout_coverage_joint": 0.0,
        "per_factor_coverage": {
          "rot": 0.0,
          "hue": 0.859375
        },
        "reachable_spread": 0.22376355528831482
      },
      "latent_recovery": {
        "moved_per_factor": {
          "cx": 0.00037664754199795425,
          "cy": 0.0013287581969052553,
          "rot": 0.02043798379600048,
          "scale": 0.0014054712373763323,
          "hue": 0.2385772466659546,
          "bright": 0.0011891829781234264,
          "stroke": 0.004507111385464668,
          "bg": 0.0
        },
        "hidden_factor_mass": 0.9671156898338287
      }
    },
    "LEARNED_MULTI_NO_ANCHOR": {
      "quality": {
        "effective_usage": {
          "translate_x": 0.0,
          "translate_y": 0.0,
          "rotate": 0.0,
          "scale": 0.0,
          "hue": 0.0,
          "bright": 0.0,
          "stroke": 0.0,
          "crop_erase": 0.0,
          "big_shear": 0.0,
          "bg_shortcut": 0.0,
          "shape_warp": 0.0,
          "occlude": 0.0,
          "color_collapse": 0.0
        },
        "decoy_usage": 0.0,
        "true_family_usage": 0.0,