{
  "task": "multi_independent",
  "seed": 0,
  "proxy": "eqm_lite",
  "anchor": "randomconv",
  "arms": {
    "BASE": {
      "eqm_clean": 0.08401595056056976,
      "eqm_heldout": 0.5591343641281128,
      "robustness_gap": 0.47511841356754303
    },
    "KNOWN_ORACLE_MULTI": {
      "eqm_clean": 0.08592069894075394,
      "eqm_heldout": 0.1677687019109726,
      "robustness_gap": 0.08184800297021866
    },
    "RANDOM_VALID_POLICY": {
      "eqm_clean": 0.08590542525053024,
      "eqm_heldout": 0.19081348180770874,
      "robustness_gap": 0.1049080565571785
    },
    "DISCOVERED_SINGLE": {
      "eqm_clean": 0.08747793734073639,
      "eqm_heldout": 0.1473737210035324,
      "robustness_gap": 0.05989578366279602
    },
    "DISCOVERED_MULTI": {
      "eqm_clean": 0.08698214590549469,
      "eqm_heldout": 0.15094393491744995,
      "robustness_gap": 0.06396178901195526
    },
    "DISCOVERED_MULTI_NO_ANCHOR": {
      "eqm_clean": 0.08413331210613251,
      "eqm_heldout": 0.37378090620040894,
      "robustness_gap": 0.28964759409427643
    },
    "DISCOVERED_MULTI_NO_DIVERSITY": {
      "eqm_clean": 0.08736572414636612,
      "eqm_heldout": 0.147731751203537,
      "robustness_gap": 0.06036602705717087
    }
  }
}