{
  "task": "multi_independent",
  "seed": 2,
  "proxy": "classifier",
  "anchor": "randomconv",
  "arms": {
    "BASE": {
      "clean_acc": 0.9990234375,
      "heldout_acc": 0.177734375,
      "robustness_gap": 0.8212890625
    },
    "KNOWN_ORACLE_MULTI": {
      "clean_acc": 0.8037109375,
      "heldout_acc": 0.21875,
      "robustness_gap": 0.5849609375
    },
    "RANDOM_VALID_POLICY": {
      "clean_acc": 0.990234375,
      "heldout_acc": 0.359375,
      "robustness_gap": 0.630859375
    },
    "DISCOVERED_SINGLE": {
      "clean_acc": 0.9951171875,
      "heldout_acc": 0.265625,
      "robustness_gap": 0.7294921875
    },
    "DISCOVERED_MULTI": {
      "clean_acc": 0.9921875,
      "heldout_acc": 0.283203125,
      "robustness_gap": 0.708984375
    },
    "DISCOVERED_MULTI_NO_ANCHOR": {
      "clean_acc": 0.99609375,
      "heldout_acc": 0.31640625,
      "robustness_gap": 0.6796875
    },
    "DISCOVERED_MULTI_NO_DIVERSITY": {
      "clean_acc": 0.9970703125,
      "heldout_acc": 0.2578125,
      "robustness_gap": 0.7392578125
    }
  }
}