{
  "task": "single_scale",
  "seed": 1,
  "anchor": "randomconv",
  "true_families": [
    "scale"
  ],
  "hidden": [
    3
  ],
  "valid_ref_validity": -7.601675987243652,
  "decoy_ref_validity": -7.880001544952393,
  "arms": {
    "BASE_IDENTITY": {
      "collapse_validity": {
        "move_pixel": 0.0,
        "identity_collapse": true,
        "mean_validity": -5.678930282592773,
        "validity_rate": 0.97265625,
        "anchor_ed": 0.26428699493408203
      },
      "coverage": {
        "heldout_coverage": 0.0,
        "reachable_spread": 0.0
      },
      "latent_recovery": {
        "moved_per_factor": {
          "cx": 0.0,
          "cy": 0.0,
          "rot": 0.0,
          "scale": 0.0,
          "hue": 0.0,
          "bright": 0.0,
          "stroke": 0.0,
          "bg": 0.0
        },
        "hidden_factor_mass": 0.0
      }
    },
    "KNOWN_ORACLE": {
      "collapse_validity": {
        "move_pixel": 6.5789618492126465,
        "identity_collapse": false,
        "mean_validity": -5.707192420959473,
        "validity_rate": 0.9140625,
        "anchor_ed": 0.1541433334350586
      },
      "coverage": {
        "heldout_coverage": 1.0,
        "heldout_coverage_joint": 1.0,
        "per_factor_coverage": {
          "scale": 1.0
        },
        "reachable_spread": 0.24002623558044434
      },
      "latent_recovery": {
        "moved_per_factor": {
          "cx": 0.0,
          "cy": 0.0,
          "rot": 0.0,
          "scale": 0.22963546216487885,
          "hue": 0.0,
          "bright": 0.0,
          "stroke": 0.0,
          "bg": 0.0
        },
        "hidden_factor_mass": 1.0
      }
    },
    "RANDOM_VALID_POLICY": {
      "collapse_validity": {
        "move_pixel": 6.962184429168701,
        "identity_collapse": false,
        "mean_validity": -7.495047092437744,
        "validity_rate": 0.625,
        "anchor_ed": 0.2778511047363281
      },
      "coverage": {
        "heldout_coverage": 1.0,
        "heldout_coverage_joint": 1.0,
        "per_factor_coverage": {
          "scale": 1.0
        },
        "reachable_spread": 0.09520620107650757
      },
      "latent_recovery": {
        "moved_per_factor": {
          "cx": 0.03420842066407204,
          "cy": 0.03214772045612335,
          "rot": 0.13759702444076538,
          "scale": 0.032355573028326035,
          "hue": 0.050245173275470734,
          "bright": 0.029357125982642174,
          "stroke": 0.04270891472697258,
          "bg": 0.0
        },
        "hidden_factor_mass": 0.09022245497469561
      }
    },
    "RANDOM_WITH_DECOYS": {
      "collapse_validity": {
        "move_pixel": 8.267329216003418,
        "identity_collapse": false,
        "mean_validity": -7.612936973571777,
        "validity_rate": 0.6328125,
        "anchor_ed": 0.4729642868041992
      },
      "coverage": {
        "heldout_coverage": 1.0,
        "heldout_coverage_joint": 1.0,
        "per_factor_coverage": {
          "scale": 1.0
        },
        "reachable_spread": 0.06974286586046219
      },
      "latent_recovery": {
        "moved_per_factor": {
          "cx": 0.018263254314661026,
          "cy": 0.020567715167999268,
          "rot": 0.062377914786338806,
          "scale": 0.017728151753544807,
          "hue": 0.02889132685959339,
          "bright": 0.01725560426712036,
          "stroke": 0.022189466282725334,
          "bg": 0.0
        },
        "hidden_factor_mass": 0.09466452634004546
      }
    },
    "LEARNED_SINGLE_POLICY": {
      "quality": {
        "effective_usage": {
          "translate_x": 0.0,
          "translate_y": 0.0,
          "rotate": 0.0,
          "scale": 0.0,
          "hue": 0.0,
          "bright": 0.0,
          "stroke": 1.0,
          "crop_erase": 0.0,
          "big_shear": 0.0,
          "bg_shortcut": 0.0,
          "shape_warp": 0.0,
          "occlude": 0.0,
          "color_collapse": 0.0
        },
        "decoy_usage": 0.0,
        "true_family_usage": 0.0,
        "true_family_recall": 0.0,
        "true_families_recalled": [],
        "family_entropy": -0.0,
        "max_family_weight": 1.0,
        "top_family": "stroke"
      },
      "discover_final": {
        "L_anchor": 0.2516508102416992,
        "move": 4.375550270080566,
        "L_move": 0.0,
        "L_bound": 0.06424598395824432,
        "fam_entropy": 0.4287974536418915
      },
      "collapse_validity": {
        "move_pixel": 3.433962821960449,
        "identity_collapse": false,
        "mean_validity": -5.769749164581299,
        "validity_rate": 0.9296875,
        "anchor_ed": 0.18934154510498047
      },
      "coverage": {
        "heldout_coverage": 0.0625,
        "heldout_coverage_joint": 0.0625,
        "per_factor_coverage": {
          "scale": 0.0625
        },
        "reachable_spread": 0.028425736352801323
      },
      "latent_recovery": {
        "moved_per_factor": {
          "cx": 0.0,
          "cy": 0.0,
          "rot": 0.0,
          "scale": 0.0,
          "hue": 0.0,
          "bright": 0.0,
          "stroke": 0.247676819562912,
          "bg": 0.0
        },
        "hidden_factor_mass": 0.0
      }
    },
    "LEARNED_MULTI_POLICY": {
      "quality": {
        "effective_usage": {
          "translate_x": 0.002443052129819989,
          "translate_y": 0.0052662016823887825,
          "rotate": 0.07099761813879013,
          "scale": 0.07610037177801132,
          "hue": 0.00011578319390537217,
          "bright": 0.1271953582763672,
          "stroke": 0.7163942456245422,
          "crop_erase": 3.5368477256270126e-05,
          "big_shear": 7.375658606179059e-05,
          "bg_shortcut": 0.00035698144347406924,
          "shape_warp": 0.0002450212195981294,
          "occlude": 0.0,
          "color_collapse": 0.0007762755267322063
        },
        "decoy_usage": 0.0014874032531224657,
        "true_family_usage": 0.07610037177801132,
        "true_family_recall": 1.0,
        "true_families_recalled": [
          "scale"
        ],
        "family_entropy": 0.4277307093143463,
        "max_family_weight": 0.9156167507171631,
        "top_family": "stroke"
      },
      "discover_final": {
        "L_anchor": 0.2516508102416992,
        "move": 4.375550270080566,
        "L_move": 0.0,
        "L_bound": 0.06424598395824432,
        "fam_entropy": 0.4287974536418915
      },
      "collapse_validity": {
        "move_pixel": 3.6414504051208496,
        "identity_collapse": false,
        "mean_validity": -5.895954132080078,
        "validity_rate": 0.91015625,
        "anchor_ed": 0.16487979888916016
      },
      "coverage": {
        "heldout_coverage": 1.0,
        "heldout_coverage_joint": 1.0,
        "per_factor_coverage": {
          "scale": 1.0
        },
        "reachable_spread": 0.03856462985277176
      },
      "latent_recovery": {
        "moved_per_factor": {
          "cx": 0.004161810036748648,
          "cy": 0.0036793865729123354,
          "rot": 0.017018791288137436,
          "scale": 0.002687066560611129,
          "hue": 3.9257029129657894e-05,
          "bright": 0.004082959610968828,
          "stroke": 0.22808526456356049,
          "bg": 0.0
        },
        "hidden_factor_mass": 0.010344637578827056
      }
    },
    "LEARNED_MULTI_NO_ANCHOR": {
      "quality": {
        "effective_usage": {
          "translate_x": 0.0,
          "translate_y": 0.0,
          "rotate": 0.0,
          "scale": 0.0,
          "hue": 0.0,
          "bright": 0.0,
          "stroke": 0.0,
          "crop_erase": 0.0,
          "big_shear": 0.0,
          "bg_shortcut": 0.0,
          "shape_warp": 0.0,
          "occlude": 0.0,
          "color_collapse": 0.0
        },
        "decoy_usage": 0.0,
        "true_family_usage": 0.0,
        "true_family_recall": 0.0,
        "true_families_recalled": [],
        "family_entropy": 2.5647380352020264,
        "max_family_weight": 0.07781925052404404,
        "top_family": "translate_x"
      },