{
  "task": "single_rotation",
  "seed": 0,
  "proxy": "eqm_lite",
  "anchor": "randomconv",
  "arms": {
    "BASE": {
      "eqm_clean": 0.08673415333032608,
      "eqm_heldout": 0.09051264077425003,
      "robustness_gap": 0.00377848744392395
    },
    "KNOWN_ORACLE_MULTI": {
      "eqm_clean": 0.08681640028953552,
      "eqm_heldout": 0.09052498638629913,
      "robustness_gap": 0.003708586096763611
    },
    "RANDOM_VALID_POLICY": {
      "eqm_clean": 0.08789926022291183,
      "eqm_heldout": 0.0916822999715805,
      "robustness_gap": 0.0037830397486686707
    },
    "DISCOVERED_SINGLE": {
      "eqm_clean": 0.0872500091791153,
      "eqm_heldout": 0.09085884690284729,
      "robustness_gap": 0.0036088377237319946
    },
    "DISCOVERED_MULTI": {
      "eqm_clean": 0.08719046413898468,
      "eqm_heldout": 0.09079357981681824,
      "robustness_gap": 0.003603115677833557
    },
    "DISCOVERED_MULTI_NO_ANCHOR": {
      "eqm_clean": 0.08672240376472473,
      "eqm_heldout": 0.09038426727056503,
      "robustness_gap": 0.0036618635058403015
    },
    "DISCOVERED_MULTI_NO_DIVERSITY": {
      "eqm_clean": 0.0872550904750824,
      "eqm_heldout": 0.09086660295724869,
      "robustness_gap": 0.0036115124821662903
    }
  }
}