{
  "task": "multi_independent",
  "seed": 1,
  "proxy": "eqm_lite",
  "anchor": "randomconv",
  "arms": {
    "BASE": {
      "eqm_clean": 0.0905793309211731,
      "eqm_heldout": 0.551937460899353,
      "robustness_gap": 0.46135812997817993
    },
    "KNOWN_ORACLE_MULTI": {
      "eqm_clean": 0.09280189126729965,
      "eqm_heldout": 0.16974398493766785,
      "robustness_gap": 0.0769420936703682
    },
    "RANDOM_VALID_POLICY": {
      "eqm_clean": 0.09054861962795258,
      "eqm_heldout": 0.1981683075428009,
      "robustness_gap": 0.10761968791484833
    },
    "DISCOVERED_SINGLE": {
      "eqm_clean": 0.0935525894165039,
      "eqm_heldout": 0.15486013889312744,
      "robustness_gap": 0.061307549476623535
    },
    "DISCOVERED_MULTI": {
      "eqm_clean": 0.09350444376468658,
      "eqm_heldout": 0.15813925862312317,
      "robustness_gap": 0.06463481485843658
    },
    "DISCOVERED_MULTI_NO_ANCHOR": {
      "eqm_clean": 0.09045686572790146,
      "eqm_heldout": 0.3881874978542328,
      "robustness_gap": 0.29773063212633133
    },
    "DISCOVERED_MULTI_NO_DIVERSITY": {
      "eqm_clean": 0.09349189698696136,
      "eqm_heldout": 0.1562514305114746,
      "robustness_gap": 0.06275953352451324
    }
  }
}