{
  "phase": "3_transfer",
  "dataset": "MNIST",
  "task": "multi",
  "seed": 1,
  "arms": {
    "BASE": {
      "eqm_gap": 0.11739429831504822,
      "eqm_clean": 0.09297797083854675,
      "eqm_heldout": 0.21037226915359497
    },
    "KNOWN_ORACLE": {
      "eqm_gap": 0.048779651522636414,
      "eqm_clean": 0.09360095858573914,
      "eqm_heldout": 0.14238061010837555
    },
    "RANDOM_VALID": {
      "eqm_gap": 0.08059140294790268,
      "eqm_clean": 0.09389752894639969,
      "eqm_heldout": 0.17448893189430237
    },
    "DISCOVERED_MULTI": {
      "eqm_gap": 0.022505328059196472,
      "eqm_clean": 0.09456269443035126,
      "eqm_heldout": 0.11706802248954773,
      "true_family_usage": 0.9426171258091927,
      "decoy_usage": 0.0023619731719008996,
      "recall": 0.6666666666666666
    },
    "DISCOVERED_MULTI_NO_ANCHOR": {
      "eqm_gap": 0.10823611915111542,
      "eqm_clean": 0.09223338961601257,
      "eqm_heldout": 0.200469508767128,
      "true_family_usage": 0.0,
      "decoy_usage": 0.0,
      "recall": 0.0
    }
  },
  "gate": {
    "beats_base": true,
    "beats_random": true,
    "near_oracle": true,
    "anchor_essential": true
  },
  "pass": true
}