{
  "task": "single_scale",
  "seed": 0,
  "anchor": "randomconv",
  "true_families": [
    "scale"
  ],
  "hidden": [
    3
  ],
  "valid_ref_validity": -7.823963642120361,
  "decoy_ref_validity": -8.150120735168457,
  "arms": {
    "BASE_IDENTITY": {
      "collapse_validity": {
        "move_pixel": 0.0,
        "identity_collapse": true,
        "mean_validity": -5.64665412902832,
        "validity_rate": 0.984375,
        "anchor_ed": 0.2790489196777344
      },
      "coverage": {
        "heldout_coverage": 0.0,
        "reachable_spread": 0.0
      },
      "latent_recovery": {
        "moved_per_factor": {
          "cx": 0.0,
          "cy": 0.0,
          "rot": 0.0,
          "scale": 0.0,
          "hue": 0.0,
          "bright": 0.0,
          "stroke": 0.0,
          "bg": 0.0
        },
        "hidden_factor_mass": 0.0
      }
    },
    "KNOWN_ORACLE": {
      "collapse_validity": {
        "move_pixel": 6.846323490142822,
        "identity_collapse": false,
        "mean_validity": -5.922183036804199,
        "validity_rate": 0.90625,
        "anchor_ed": 0.14685535430908203
      },
      "coverage": {
        "heldout_coverage": 1.0,
        "heldout_coverage_joint": 1.0,
        "per_factor_coverage": {
          "scale": 1.0
        },
        "reachable_spread": 0.237774059176445
      },
      "latent_recovery": {
        "moved_per_factor": {
          "cx": 0.0,
          "cy": 0.0,
          "rot": 0.0,
          "scale": 0.23044995963573456,
          "hue": 0.0,
          "bright": 0.0,
          "stroke": 0.0,
          "bg": 0.0
        },
        "hidden_factor_mass": 1.0
      }
    },
    "RANDOM_VALID_POLICY": {
      "collapse_validity": {
        "move_pixel": 6.9897565841674805,
        "identity_collapse": false,
        "mean_validity": -7.7274956703186035,
        "validity_rate": 0.640625,
        "anchor_ed": 0.3288154602050781
      },
      "coverage": {
        "heldout_coverage": 1.0,
        "heldout_coverage_joint": 1.0,
        "per_factor_coverage": {
          "scale": 1.0
        },
        "reachable_spread": 0.09251967072486877
      },
      "latent_recovery": {
        "moved_per_factor": {
          "cx": 0.03543928638100624,
          "cy": 0.034394700080156326,
          "rot": 0.1291220635175705,
          "scale": 0.03503179922699928,
          "hue": 0.04824494197964668,
          "bright": 0.029924986883997917,
          "stroke": 0.039039455354213715,
          "bg": 0.0
        },
        "hidden_factor_mass": 0.09974965044364825
      }
    },
    "RANDOM_WITH_DECOYS": {
      "collapse_validity": {
        "move_pixel": 8.040532112121582,
        "identity_collapse": false,
        "mean_validity": -7.964722633361816,
        "validity_rate": 0.5859375,
        "anchor_ed": 0.5068302154541016
      },
      "coverage": {
        "heldout_coverage": 1.0,
        "heldout_coverage_joint": 1.0,
        "per_factor_coverage": {
          "scale": 1.0
        },
        "reachable_spread": 0.0753435343503952
      },
      "latent_recovery": {
        "moved_per_factor": {
          "cx": 0.019903117790818214,
          "cy": 0.018877968192100525,
          "rot": 0.07114962488412857,
          "scale": 0.017844200134277344,
          "hue": 0.029130224138498306,
          "bright": 0.014833815395832062,
          "stroke": 0.021531086415052414,
          "bg": 0.0
        },
        "hidden_factor_mass": 0.09232781902296754
      }
    },
    "LEARNED_SINGLE_POLICY": {
      "quality": {
        "effective_usage": {
          "translate_x": 0.0,
          "translate_y": 0.0,
          "rotate": 0.0,
          "scale": 0.0,
          "hue": 0.0,
          "bright": 0.0,
          "stroke": 1.0,
          "crop_erase": 0.0,
          "big_shear": 0.0,
          "bg_shortcut": 0.0,
          "shape_warp": 0.0,
          "occlude": 0.0,
          "color_collapse": 0.0
        },
        "decoy_usage": 0.0,
        "true_family_usage": 0.0,
        "true_family_recall": 0.0,
        "true_families_recalled": [],
        "family_entropy": -0.0,
        "max_family_weight": 1.0,
        "top_family": "stroke"
      },
      "discover_final": {
        "L_anchor": 0.18527603149414062,
        "move": 4.189517021179199,
        "L_move": 0.0,
        "L_bound": 0.04945851489901543,
        "fam_entropy": 0.5563656687736511
      },
      "collapse_validity": {
        "move_pixel": 3.4188828468322754,
        "identity_collapse": false,
        "mean_validity": -5.816563129425049,
        "validity_rate": 0.94921875,
        "anchor_ed": 0.19701480865478516
      },
      "coverage": {
        "heldout_coverage": 0.072265625,
        "heldout_coverage_joint": 0.072265625,
        "per_factor_coverage": {
          "scale": 0.072265625
        },
        "reachable_spread": 0.028755376115441322
      },
      "latent_recovery": {
        "moved_per_factor": {
          "cx": 0.0,
          "cy": 0.0,
          "rot": 0.0,
          "scale": 0.0,
          "hue": 0.0,
          "bright": 0.0,
          "stroke": 0.24223685264587402,
          "bg": 0.0
        },
        "hidden_factor_mass": 0.0
      }
    },
    "LEARNED_MULTI_POLICY": {
      "quality": {
        "effective_usage": {
          "translate_x": 0.0037666887510567904,
          "translate_y": 0.0001751162635628134,
          "rotate": 0.05075183883309364,
          "scale": 0.0665203258395195,
          "hue": 0.004357725847512484,
          "bright": 0.12488547712564468,
          "stroke": 0.748113751411438,
          "crop_erase": 4.4116604840382934e-05,
          "big_shear": 8.873983460944146e-06,
          "bg_shortcut": 0.0010671799536794424,
          "shape_warp": 7.433038263116032e-05,
          "occlude": 0.0,
          "color_collapse": 0.00023464641708415002
        },
        "decoy_usage": 0.0014291473416960798,
        "true_family_usage": 0.0665203258395195,
        "true_family_recall": 1.0,
        "true_families_recalled": [
          "scale"
        ],
        "family_entropy": 0.5546177625656128,
        "max_family_weight": 0.8848968744277954,
        "top_family": "stroke"
      },
      "discover_final": {
        "L_anchor": 0.18527603149414062,
        "move": 4.189517021179199,
        "L_move": 0.0,
        "L_bound": 0.04945851489901543,
        "fam_entropy": 0.5563656687736511
      },
      "collapse_validity": {
        "move_pixel": 3.6801838874816895,
        "identity_collapse": false,
        "mean_validity": -5.941183090209961,
        "validity_rate": 0.9296875,
        "anchor_ed": 0.18058490753173828
      },
      "coverage": {
        "heldout_coverage": 1.0,
        "heldout_coverage_joint": 1.0,
        "per_factor_coverage": {
          "scale": 1.0
        },
        "reachable_spread": 0.043911997228860855
      },
      "latent_recovery": {
        "moved_per_factor": {
          "cx": 0.005798788741230965,
          "cy": 0.005118125583976507,
          "rot": 0.01627962477505207,
          "scale": 0.0031002522446215153,
          "hue": 0.0008561380673199892,
          "bright": 0.009239363484084606,
          "stroke": 0.2194301187992096,
          "bg": 0.0
        },
        "hidden_factor_mass": 0.011932197775961143
      }
    },
    "LEARNED_MULTI_NO_ANCHOR": {
      "quality": {
        "effective_usage": {
          "translate_x": 0.0,
          "translate_y": 0.0,
          "rotate": 0.0,
          "scale": 0.0,
          "hue": 0.0,
          "bright": 0.0,
          "stroke": 0.0,
          "crop_erase": 0.0,
          "big_shear": 0.0,
          "bg_shortcut": 0.0,
          "shape_warp": 0.0,
          "occlude": 0.0,
          "color_collapse": 0.0
        },
        "decoy_usage": 0.0,
        "true_family_usage": 0.0,
        "true_family_recall": 0.0,
        "true_families_recalled": [],
        "family_entropy": 2.5648703575134277,
        "max_family_weight": 0.07725798338651657,
        "top_family": "translate_x"
      },