{
  "task": "single_rotation",
  "seed": 0,
  "anchor": "randomconv",
  "true_families": [
    "rotate"
  ],
  "hidden": [
    2
  ],
  "valid_ref_validity": -8.101770401000977,
  "decoy_ref_validity": -8.238521575927734,
  "arms": {
    "BASE_IDENTITY": {
      "collapse_validity": {
        "move_pixel": 0.0,
        "identity_collapse": true,
        "mean_validity": -5.88339376449585,
        "validity_rate": 0.9140625,
        "anchor_ed": 0.27024364471435547
      },
      "coverage": {
        "heldout_coverage": 0.0,
        "reachable_spread": 0.0
      },
      "latent_recovery": {
        "moved_per_factor": {
          "cx": 0.0,
          "cy": 0.0,
          "rot": 0.0,
          "scale": 0.0,
          "hue": 0.0,
          "bright": 0.0,
          "stroke": 0.0,
          "bg": 0.0
        },
        "hidden_factor_mass": 0.0
      }
    },
    "KNOWN_ORACLE": {
      "collapse_validity": {
        "move_pixel": 6.18149995803833,
        "identity_collapse": false,
        "mean_validity": -5.672612190246582,
        "validity_rate": 0.93359375,
        "anchor_ed": 0.11340904235839844
      },
      "coverage": {
        "heldout_coverage": 1.0,
        "reachable_spread": 0.9389814138412476
      },
      "latent_recovery": {
        "moved_per_factor": {
          "cx": 0.0,
          "cy": 0.0,
          "rot": 0.9078331589698792,
          "scale": 0.0,
          "hue": 0.0,
          "bright": 0.0,
          "stroke": 0.0,
          "bg": 0.0
        },
        "hidden_factor_mass": 1.0
      }
    },
    "RANDOM_VALID_POLICY": {
      "collapse_validity": {
        "move_pixel": 7.214164733886719,
        "identity_collapse": false,
        "mean_validity": -8.07719612121582,
        "validity_rate": 0.5625,
        "anchor_ed": 0.48223114013671875
      },
      "coverage": {
        "heldout_coverage": 1.0,
        "reachable_spread": 0.3773302137851715
      },
      "latent_recovery": {
        "moved_per_factor": {
          "cx": 0.03543928638100624,
          "cy": 0.034394700080156326,
          "rot": 0.1291220635175705,
          "scale": 0.03503179922699928,
          "hue": 0.04824494197964668,
          "bright": 0.029924986883997917,
          "stroke": 0.039039455354213715,
          "bg": 0.0
        },
        "hidden_factor_mass": 0.3676625518712604
      }
    },
    "RANDOM_WITH_DECOYS": {
      "collapse_validity": {
        "move_pixel": 8.430370330810547,
        "identity_collapse": false,
        "mean_validity": -8.420700073242188,
        "validity_rate": 0.4765625,
        "anchor_ed": 0.7147235870361328
      },
      "coverage": {
        "heldout_coverage": 1.0,
        "reachable_spread": 0.2761707007884979
      },
      "latent_recovery": {
        "moved_per_factor": {
          "cx": 0.019903117790818214,
          "cy": 0.018877968192100525,
          "rot": 0.07114962488412857,
          "scale": 0.017844200134277344,
          "hue": 0.029130224138498306,
          "bright": 0.014833815395832062,
          "stroke": 0.021531086415052414,
          "bg": 0.0
        },
        "hidden_factor_mass": 0.36813584472386246
      }
    },
    "LEARNED_SINGLE_POLICY": {
      "quality": {
        "effective_usage": {
          "translate_x": 0.017748311161994934,
          "translate_y": 0.01180779468268156,
          "rotate": 0.829277753829956,
          "scale": 0.01009638886898756,
          "hue": 0.0008570346399210393,
          "bright": 0.1267242729663849,
          "stroke": 0.003226255066692829,
          "crop_erase": 7.184003607108025e-06,
          "big_shear": 2.5757535695447586e-05,
          "bg_shortcut": 3.189961353200488e-05,
          "shape_warp": 4.772464308189228e-05,
          "occlude": 0.0,
          "color_collapse": 0.00014959073450881988
        },
        "decoy_usage": 0.00026215653042527265,
        "true_family_usage": 0.829277753829956,
        "true_family_recall": 1.0,
        "true_families_recalled": [
          "rotate"
        ],
        "family_entropy": 0.3412330150604248,
        "max_family_weight": 0.935187578201294,
        "top_family": "rotate"
      },
      "discover_final": {
        "L_anchor": 0.1655111312866211,
        "move": 6.351691722869873,
        "L_move": 0.0,
        "L_bound": 3.9519778511021286e-05,
        "fam_entropy": 0.34076806902885437
      },
      "collapse_validity": {
        "move_pixel": 5.076249599456787,
        "identity_collapse": false,
        "mean_validity": -5.765521049499512,
        "validity_rate": 0.91796875,
        "anchor_ed": 0.07616233825683594
      },
      "coverage": {
        "heldout_coverage": 1.0,
        "reachable_spread": 0.7062230706214905
      },
      "latent_recovery": {
        "moved_per_factor": {
          "cx": 0.000681846693623811,
          "cy": 0.0004996451898477972,
          "rot": 0.5882906317710876,
          "scale": 0.0005755563033744693,
          "hue": 0.00015817412349861115,
          "bright": 0.004885389935225248,
          "stroke": 0.0002624501648824662,
          "bg": 0.0
        },
        "hidden_factor_mass": 0.9881364109504477
      }
    },
    "LEARNED_MULTI_POLICY": {
      "quality": {
        "effective_usage": {
          "translate_x": 0.017748311161994934,
          "translate_y": 0.01180779468268156,
          "rotate": 0.829277753829956,
          "scale": 0.01009638886898756,
          "hue": 0.0008570346399210393,
          "bright": 0.1267242729663849,
          "stroke": 0.003226255066692829,
          "crop_erase": 7.184003607108025e-06,
          "big_shear": 2.5757535695447586e-05,
          "bg_shortcut": 3.189961353200488e-05,
          "shape_warp": 4.772464308189228e-05,
          "occlude": 0.0,
          "color_collapse": 0.00014959073450881988
        },
        "decoy_usage": 0.00026215653042527265,
        "true_family_usage": 0.829277753829956,
        "true_family_recall": 1.0,
        "true_families_recalled": [
          "rotate"
        ],
        "family_entropy": 0.3412330150604248,
        "max_family_weight": 0.935187578201294,
        "top_family": "rotate"
      },
      "discover_final": {
        "L_anchor": 0.1655111312866211,
        "move": 6.351691722869873,
        "L_move": 0.0,
        "L_bound": 3.9519778511021286e-05,
        "fam_entropy": 0.34076806902885437
      },
      "collapse_validity": {
        "move_pixel": 4.833076477050781,
        "identity_collapse": false,
        "mean_validity": -5.649047374725342,
        "validity_rate": 0.91015625,
        "anchor_ed": 0.08945465087890625
      },
      "coverage": {
        "heldout_coverage": 1.0,
        "reachable_spread": 0.7109854221343994
      },
      "latent_recovery": {
        "moved_per_factor": {
          "cx": 0.0006531925173476338,
          "cy": 0.0005171303637325764,
          "rot": 0.5956658124923706,
          "scale": 0.0005789518472738564,
          "hue": 0.0,
          "bright": 0.004215637221932411,
          "stroke": 0.0002488848986104131,
          "bg": 0.0
        },
        "hidden_factor_mass": 0.989676034456396
      }
    },
    "LEARNED_MULTI_NO_ANCHOR": {
      "quality": {
        "effective_usage": {
          "translate_x": 0.0,
          "translate_y": 0.0,
          "rotate": 0.0,
          "scale": 0.0,
          "hue": 0.0,
          "bright": 0.0,
          "stroke": 0.0,
          "crop_erase": 0.0,
          "big_shear": 0.0,
          "bg_shortcut": 0.0,
          "shape_warp": 0.0,
          "occlude": 0.0,
          "color_collapse": 0.0
        },
        "decoy_usage": 0.0,
        "true_family_usage": 0.0,
        "true_family_recall": 0.0,
        "true_families_recalled": [],
        "family_entropy": 2.564919948577881,
        "max_family_weight": 0.07722967118024826,
        "top_family": "translate_x"
      },
      "discover_final": {
        "move": 6.384443283081055,
        "L_move": 0.0,
        "L_bound": 0.0,
        "fam_entropy": 2.564934253692627
      },