{
  "phase": "3_transfer",
  "dataset": "dsprites",
  "task": "multi",
  "seed": 1,
  "arms": {
    "BASE": {
      "eqm_gap": 0.048228926956653595,
      "eqm_clean": 0.08767332881689072,
      "eqm_heldout": 0.1359022557735443
    },
    "KNOWN_ORACLE": {
      "eqm_gap": 0.0335250198841095,
      "eqm_clean": 0.08777447044849396,
      "eqm_heldout": 0.12129949033260345
    },
    "RANDOM_VALID": {
      "eqm_gap": 0.039117611944675446,
      "eqm_clean": 0.08764240890741348,
      "eqm_heldout": 0.12676002085208893
    },
    "DISCOVERED_MULTI": {
      "eqm_gap": 0.016889773309230804,
      "eqm_clean": 0.08792302012443542,
      "eqm_heldout": 0.10481279343366623,
      "true_family_usage": 0.9474661680324061,
      "decoy_usage": 0.00604472681061452,
      "recall": 0.3333333333333333
    },
    "DISCOVERED_MULTI_NO_ANCHOR": {
      "eqm_gap": 0.0450659841299057,
      "eqm_clean": 0.08699958026409149,
      "eqm_heldout": 0.1320655643939972,
      "true_family_usage": 0.0,
      "decoy_usage": 0.0,
      "recall": 0.0
    }
  },
  "gate": {
    "beats_base": true,
    "beats_random": true,
    "near_oracle": true,
    "anchor_essential": true
  },
  "pass": true
}