{
  "task": "single_hue",
  "seed": 1,
  "anchor": "randomconv",
  "true_families": [
    "hue"
  ],
  "hidden": [
    4
  ],
  "valid_ref_validity": -6.890658378601074,
  "decoy_ref_validity": -7.717343807220459,
  "arms": {
    "BASE_IDENTITY": {
      "collapse_validity": {
        "move_pixel": 0.0,
        "identity_collapse": true,
        "mean_validity": -5.461536884307861,
        "validity_rate": 0.91796875,
        "anchor_ed": 0.47197914123535156
      },
      "coverage": {
        "heldout_coverage": 0.0,
        "reachable_spread": 0.0
      },
      "latent_recovery": {
        "moved_per_factor": {
          "cx": 0.0,
          "cy": 0.0,
          "rot": 0.0,
          "scale": 0.0,
          "hue": 0.0,
          "bright": 0.0,
          "stroke": 0.0,
          "bg": 0.0
        },
        "hidden_factor_mass": 0.0
      }
    },
    "KNOWN_ORACLE": {
      "collapse_validity": {
        "move_pixel": 13.41964340209961,
        "identity_collapse": false,
        "mean_validity": -5.735138416290283,
        "validity_rate": 0.94140625,
        "anchor_ed": 0.13704681396484375
      },
      "coverage": {
        "heldout_coverage": 0.966796875,
        "heldout_coverage_joint": 0.966796875,
        "per_factor_coverage": {
          "hue": 0.966796875
        },
        "reachable_spread": 0.36275267601013184
      },
      "latent_recovery": {
        "moved_per_factor": {
          "cx": 0.0,
          "cy": 0.0,
          "rot": 0.0,
          "scale": 0.0,
          "hue": 0.34793248772621155,
          "bright": 0.0,
          "stroke": 0.0,
          "bg": 0.0
        },
        "hidden_factor_mass": 1.0
      }
    },
    "RANDOM_VALID_POLICY": {
      "collapse_validity": {
        "move_pixel": 7.000220775604248,
        "identity_collapse": false,
        "mean_validity": -6.858280181884766,
        "validity_rate": 0.61328125,
        "anchor_ed": 0.36870574951171875
      },
      "coverage": {
        "heldout_coverage": 0.880859375,
        "heldout_coverage_joint": 0.880859375,
        "per_factor_coverage": {
          "hue": 0.880859375
        },
        "reachable_spread": 0.13716784119606018
      },
      "latent_recovery": {
        "moved_per_factor": {
          "cx": 0.03420842066407204,
          "cy": 0.03214772045612335,
          "rot": 0.13759702444076538,
          "scale": 0.032355573028326035,
          "hue": 0.050245173275470734,
          "bright": 0.029357125982642174,
          "stroke": 0.04270891472697258,
          "bg": 0.0
        },
        "hidden_factor_mass": 0.14010701895383715
      }
    },
    "RANDOM_WITH_DECOYS": {
      "collapse_validity": {
        "move_pixel": 7.955867767333984,
        "identity_collapse": false,
        "mean_validity": -7.179192543029785,
        "validity_rate": 0.5234375,
        "anchor_ed": 0.7684879302978516
      },
      "coverage": {
        "heldout_coverage": 0.865234375,
        "heldout_coverage_joint": 0.865234375,
        "per_factor_coverage": {
          "hue": 0.865234375
        },
        "reachable_spread": 0.10569644719362259
      },
      "latent_recovery": {
        "moved_per_factor": {
          "cx": 0.018263254314661026,
          "cy": 0.020567715167999268,
          "rot": 0.062377914786338806,
          "scale": 0.017728151753544807,
          "hue": 0.02889132685959339,
          "bright": 0.01725560426712036,
          "stroke": 0.022189466282725334,
          "bg": 0.0
        },
        "hidden_factor_mass": 0.15427348606444388
      }
    },
    "LEARNED_SINGLE_POLICY": {
      "quality": {
        "effective_usage": {
          "translate_x": 0.0,
          "translate_y": 0.0,
          "rotate": 0.0,
          "scale": 0.0,
          "hue": 1.0,
          "bright": 0.0,
          "stroke": 0.0,
          "crop_erase": 0.0,
          "big_shear": 0.0,
          "bg_shortcut": 0.0,
          "shape_warp": 0.0,
          "occlude": 0.0,
          "color_collapse": 0.0
        },
        "decoy_usage": 0.0,
        "true_family_usage": 1.0,
        "true_family_recall": 1.0,
        "true_families_recalled": [
          "hue"
        ],
        "family_entropy": -0.0,
        "max_family_weight": 1.0,
        "top_family": "hue"
      },
      "discover_final": {
        "L_anchor": 0.11837005615234375,
        "move": 6.328692436218262,
        "L_move": 0.0,
        "L_bound": 0.00034573732409626245,
        "fam_entropy": 0.3834623098373413
      },
      "collapse_validity": {
        "move_pixel": 10.231194496154785,
        "identity_collapse": false,
        "mean_validity": -5.711226463317871,
        "validity_rate": 0.921875,
        "anchor_ed": 0.0770721435546875
      },
      "coverage": {
        "heldout_coverage": 0.93359375,
        "heldout_coverage_joint": 0.93359375,
        "per_factor_coverage": {
          "hue": 0.93359375
        },
        "reachable_spread": 0.29026246070861816
      },
      "latent_recovery": {
        "moved_per_factor": {
          "cx": 0.0,
          "cy": 0.0,
          "rot": 0.0,
          "scale": 0.0,
          "hue": 0.25204330682754517,
          "bright": 0.0,
          "stroke": 0.0,
          "bg": 0.0
        },
        "hidden_factor_mass": 1.0
      }
    },
    "LEARNED_MULTI_POLICY": {
      "quality": {
        "effective_usage": {
          "translate_x": 0.000526432238984853,
          "translate_y": 0.02376970835030079,
          "rotate": 0.041727520525455475,
          "scale": 0.01476958580315113,
          "hue": 0.7386141419410706,
          "bright": 0.043330706655979156,
          "stroke": 0.13672158122062683,
          "crop_erase": 3.4354466151853558e-06,
          "big_shear": 2.237844637420494e-05,
          "bg_shortcut": 0.00010455315350554883,
          "shape_warp": 0.00011335559975123033,
          "occlude": 0.0,
          "color_collapse": 0.0002966151514556259
        },
        "decoy_usage": 0.0005403377977017954,
        "true_family_usage": 0.7386141419410706,
        "true_family_recall": 1.0,
        "true_families_recalled": [
          "hue"
        ],
        "family_entropy": 0.38340604305267334,
        "max_family_weight": 0.9285629391670227,
        "top_family": "hue"
      },
      "discover_final": {
        "L_anchor": 0.11837005615234375,
        "move": 6.328692436218262,
        "L_move": 0.0,
        "L_bound": 0.00034573732409626245,
        "fam_entropy": 0.3834623098373413
      },
      "collapse_validity": {
        "move_pixel": 10.059343338012695,
        "identity_collapse": false,
        "mean_validity": -5.780988693237305,
        "validity_rate": 0.90625,
        "anchor_ed": 0.05846214294433594
      },
      "coverage": {
        "heldout_coverage": 0.900390625,
        "heldout_coverage_joint": 0.900390625,
        "per_factor_coverage": {
          "hue": 0.900390625
        },
        "reachable_spread": 0.2788698375225067
      },
      "latent_recovery": {
        "moved_per_factor": {
          "cx": 0.0006604971131309867,
          "cy": 0.001214188290759921,
          "rot": 0.007436846848577261,
          "scale": 0.0007046852260828018,
          "hue": 0.23876944184303284,
          "bright": 0.0005621539894491434,
          "stroke": 0.004791921470314264,
          "bg": 0.0
        },
        "hidden_factor_mass": 0.939520357281149
      }
    },
    "LEARNED_MULTI_NO_ANCHOR": {
      "quality": {
        "effective_usage": {
          "translate_x": 0.0,
          "translate_y": 0.0,
          "rotate": 0.0,
          "scale": 0.0,
          "hue": 0.0,
          "bright": 0.0,
          "stroke": 0.0,
          "crop_erase": 0.0,
          "big_shear": 0.0,
          "bg_shortcut": 0.0,
          "shape_warp": 0.0,
          "occlude": 0.0,
          "color_collapse": 0.0
        },
        "decoy_usage": 0.0,
        "true_family_usage": 0.0,
        "true_family_recall": 0.0,
        "true_families_recalled": [],
        "family_entropy": 2.5647172927856445,