{
  "task": "multi_independent",
  "seed": 2,
  "anchor": "randomconv",
  "true_families": [
    "rotate",
    "hue",
    "scale"
  ],
  "hidden": [
    2,
    4,
    3
  ],
  "valid_ref_validity": -6.763402462005615,
  "decoy_ref_validity": -6.6004414558410645,
  "arms": {
    "BASE_IDENTITY": {
      "collapse_validity": {
        "move_pixel": 0.0,
        "identity_collapse": true,
        "mean_validity": -6.195490837097168,
        "validity_rate": 0.69140625,
        "anchor_ed": 1.0189428329467773
      },
      "coverage": {
        "heldout_coverage": 0.0,
        "reachable_spread": 0.0
      },
      "latent_recovery": {
        "moved_per_factor": {
          "cx": 0.0,
          "cy": 0.0,
          "rot": 0.0,
          "scale": 0.0,
          "hue": 0.0,
          "bright": 0.0,
          "stroke": 0.0,
          "bg": 0.0
        },
        "hidden_factor_mass": 0.0
      }
    },
    "KNOWN_ORACLE": {
      "collapse_validity": {
        "move_pixel": 8.302712440490723,
        "identity_collapse": false,
        "mean_validity": -6.1245293617248535,
        "validity_rate": 0.6953125,
        "anchor_ed": 0.2898387908935547
      },
      "coverage": {
        "heldout_coverage": 0.98828125,
        "heldout_coverage_joint": 0.0,
        "per_factor_coverage": {
          "rot": 1.0,
          "hue": 0.96484375,
          "scale": 1.0
        },
        "reachable_spread": 0.3019774258136749
      },
      "latent_recovery": {
        "moved_per_factor": {
          "cx": 0.0,
          "cy": 0.0,
          "rot": 0.31060752272605896,
          "scale": 0.07812900096178055,
          "hue": 0.11326928436756134,
          "bright": 0.0,
          "stroke": 0.0,
          "bg": 0.0
        },
        "hidden_factor_mass": 0.999999985158378
      }
    },
    "RANDOM_VALID_POLICY": {
      "collapse_validity": {
        "move_pixel": 6.857058525085449,
        "identity_collapse": false,
        "mean_validity": -6.677862644195557,
        "validity_rate": 0.57421875,
        "anchor_ed": 0.41425323486328125
      },
      "coverage": {
        "heldout_coverage": 0.953125,
        "heldout_coverage_joint": 0.0,
        "per_factor_coverage": {
          "rot": 1.0,
          "hue": 0.859375,
          "scale": 1.0
        },
        "reachable_spread": 0.2055484801530838
      },
      "latent_recovery": {
        "moved_per_factor": {
          "cx": 0.035383403301239014,
          "cy": 0.03501882031559944,
          "rot": 0.1370108723640442,
          "scale": 0.03308272734284401,
          "hue": 0.04936062544584274,
          "bright": 0.02923925779759884,
          "stroke": 0.03971301391720772,
          "bg": 0.0
        },
        "hidden_factor_mass": 0.6116190254976444
      }
    },
    "RANDOM_WITH_DECOYS": {
      "collapse_validity": {
        "move_pixel": 7.511984825134277,
        "identity_collapse": false,
        "mean_validity": -6.506142616271973,
        "validity_rate": 0.59765625,
        "anchor_ed": 0.5443820953369141
      },
      "coverage": {
        "heldout_coverage": 0.96484375,
        "heldout_coverage_joint": 0.0,
        "per_factor_coverage": {
          "rot": 1.0,
          "hue": 0.89453125,
          "scale": 1.0
        },
        "reachable_spread": 0.15452925860881805
      },
      "latent_recovery": {
        "moved_per_factor": {
          "cx": 0.018075842410326004,
          "cy": 0.020389830693602562,
          "rot": 0.06209716573357582,
          "scale": 0.01843956485390663,
          "hue": 0.0259504783898592,
          "bright": 0.016241848468780518,
          "stroke": 0.019571643322706223,
          "bg": 0.0
        },
        "hidden_factor_mass": 0.5890874873238257
      }
    },
    "LEARNED_SINGLE_POLICY": {
      "quality": {
        "effective_usage": {
          "translate_x": 0.0,
          "translate_y": 0.0,
          "rotate": 0.0,
          "scale": 0.0,
          "hue": 1.0,
          "bright": 0.0,
          "stroke": 0.0,
          "crop_erase": 0.0,
          "big_shear": 0.0,
          "bg_shortcut": 0.0,
          "shape_warp": 0.0,
          "occlude": 0.0,
          "color_collapse": 0.0
        },
        "decoy_usage": 0.0,
        "true_family_usage": 1.0,
        "true_family_recall": 0.3333333333333333,
        "true_families_recalled": [
          "hue"
        ],
        "family_entropy": -0.0,
        "max_family_weight": 1.0,
        "top_family": "hue"
      },
      "discover_final": {
        "L_anchor": 0.35872840881347656,
        "move": 5.645103454589844,
        "L_move": 0.0,
        "L_bound": 0.008206753060221672,
        "fam_entropy": 0.3486849367618561
      },
      "collapse_validity": {
        "move_pixel": 10.14516544342041,
        "identity_collapse": false,
        "mean_validity": -6.171440124511719,
        "validity_rate": 0.6796875,
        "anchor_ed": 0.3373231887817383
      },
      "coverage": {
        "heldout_coverage": 0.326171875,
        "heldout_coverage_joint": 0.0,
        "per_factor_coverage": {
          "rot": 0.0,
          "hue": 0.904296875,
          "scale": 0.07421875
        },
        "reachable_spread": 0.13873358070850372
      },
      "latent_recovery": {
        "moved_per_factor": {
          "cx": 0.0,
          "cy": 0.0,
          "rot": 0.0,
          "scale": 0.0,
          "hue": 0.25493040680885315,
          "bright": 0.0,
          "stroke": 0.0,
          "bg": 0.0
        },
        "hidden_factor_mass": 1.0
      }
    },
    "LEARNED_MULTI_POLICY": {
      "quality": {
        "effective_usage": {
          "translate_x": 0.013733060099184513,
          "translate_y": 0.0788465142250061,
          "rotate": 0.07308290153741837,
          "scale": 0.07448526471853256,
          "hue": 0.6649788022041321,
          "bright": 0.0014551256317645311,
          "stroke": 0.07666489481925964,
          "crop_erase": 8.90586306923069e-05,
          "big_shear": 5.602907185675576e-05,
          "bg_shortcut": 0.0016665614675730467,
          "shape_warp": 0.0001607667509233579,
          "occlude": 0.0,
          "color_collapse": 0.014781019650399685
        },
        "decoy_usage": 0.016753435571445152,
        "true_family_usage": 0.812546968460083,
        "true_family_recall": 1.0,
        "true_families_recalled": [
          "rotate",
          "hue",
          "scale"
        ],
        "family_entropy": 0.3482934534549713,
        "max_family_weight": 0.9349587559700012,
        "top_family": "hue"
      },
      "discover_final": {
        "L_anchor": 0.35872840881347656,
        "move": 5.645103454589844,
        "L_move": 0.0,
        "L_bound": 0.008206753060221672,
        "fam_entropy": 0.3486849367618561
      },
      "collapse_validity": {
        "move_pixel": 9.938623428344727,
        "identity_collapse": false,
        "mean_validity": -6.1945343017578125,
        "validity_rate": 0.68359375,
        "anchor_ed": 0.3256549835205078
      },
      "coverage": {
        "heldout_coverage": 0.9811197916666666,
        "heldout_coverage_joint": 0.0,
        "per_factor_coverage": {
          "rot": 1.0,
          "hue": 0.943359375,
          "scale": 1.0
        },
        "reachable_spread": 0.15727250277996063
      },
      "latent_recovery": {
        "moved_per_factor": {
          "cx": 0.0002870658354368061,
          "cy": 0.004708370193839073,
          "rot": 0.017814643681049347,
          "scale": 0.0010603752452880144,
          "hue": 0.23614734411239624,
          "bright": 9.995189611800015e-05,
          "stroke": 0.0025508084800094366,
          "bg": 0.0
        },
        "hidden_factor_mass": 0.9708903598267083
      }
    },
    "LEARNED_MULTI_NO_ANCHOR": {
      "quality": {
        "effective_usage": {
          "translate_x": 0.0,
          "translate_y": 0.0,
          "rotate": 0.0,
          "scale": 0.0,
          "hue": 0.0,
          "bright": 0.0,
          "stroke": 0.0,
          "crop_erase": 0.0,
          "big_shear": 0.0,