{
  "task": "single_rotation",
  "seed": 1,
  "proxy": "eqm_lite",
  "anchor": "randomconv",
  "arms": {
    "BASE": {
      "eqm_clean": 0.09326276183128357,
      "eqm_heldout": 0.0965149775147438,
      "robustness_gap": 0.0032522156834602356
    },
    "KNOWN_ORACLE_MULTI": {
      "eqm_clean": 0.09342857450246811,
      "eqm_heldout": 0.09654289484024048,
      "robustness_gap": 0.0031143203377723694
    },
    "RANDOM_VALID_POLICY": {
      "eqm_clean": 0.09342460334300995,
      "eqm_heldout": 0.09653697907924652,
      "robustness_gap": 0.0031123757362365723
    },
    "DISCOVERED_SINGLE": {
      "eqm_clean": 0.09338264167308807,
      "eqm_heldout": 0.09634414315223694,
      "robustness_gap": 0.0029615014791488647
    },
    "DISCOVERED_MULTI": {
      "eqm_clean": 0.09338526427745819,
      "eqm_heldout": 0.09640257060527802,
      "robustness_gap": 0.0030173063278198242
    },
    "DISCOVERED_MULTI_NO_ANCHOR": {
      "eqm_clean": 0.0930265486240387,
      "eqm_heldout": 0.0961705818772316,
      "robustness_gap": 0.0031440332531929016
    },
    "DISCOVERED_MULTI_NO_DIVERSITY": {
      "eqm_clean": 0.09336137771606445,
      "eqm_heldout": 0.09631740301847458,
      "robustness_gap": 0.0029560253024101257
    }
  }
}