{
  "phase": "3_transfer",
  "dataset": "MNIST",
  "task": "multi",
  "seed": 2,
  "arms": {
    "BASE": {
      "eqm_gap": 0.1194334626197815,
      "eqm_clean": 0.09132251143455505,
      "eqm_heldout": 0.21075597405433655
    },
    "KNOWN_ORACLE": {
      "eqm_gap": 0.0486697182059288,
      "eqm_clean": 0.09249409288167953,
      "eqm_heldout": 0.14116381108760834
    },
    "RANDOM_VALID": {
      "eqm_gap": 0.07953156530857086,
      "eqm_clean": 0.09161525964736938,
      "eqm_heldout": 0.17114682495594025
    },
    "DISCOVERED_MULTI": {
      "eqm_gap": 0.022297494113445282,
      "eqm_clean": 0.09273562580347061,
      "eqm_heldout": 0.1150331199169159,
      "true_family_usage": 0.9565393347293139,
      "decoy_usage": 0.004996681203920161,
      "recall": 0.3333333333333333
    },
    "DISCOVERED_MULTI_NO_ANCHOR": {
      "eqm_gap": 0.11654810607433319,
      "eqm_clean": 0.0913243442773819,
      "eqm_heldout": 0.2078724503517151,
      "true_family_usage": 0.0,
      "decoy_usage": 0.0,
      "recall": 0.0
    }
  },
  "gate": {
    "beats_base": true,
    "beats_random": true,
    "near_oracle": true,
    "anchor_essential": true
  },
  "pass": true
}