{
  "part": "0A",
  "task": "full",
  "seed": 0,
  "latent_coverage": {
    "cx": {
      "visible": [
        -0.09998273104429245,
        0.09992731362581253
      ],
      "anchor": [
        -0.3191385269165039,
        0.3196004629135132
      ],
      "heldout": [
        0.18017612397670746,
        0.3199616074562073
      ]
    },
    "cy": {
      "visible": [
        -0.09997425228357315,
        0.09979235380887985
      ],
      "anchor": [
        -0.3195611834526062,
        0.31937867403030396
      ],
      "heldout": [
        0.18065497279167175,
        0.3199545443058014
      ]
    },
    "rot": {
      "visible": [
        -0.16980436444282532,
        0.16988934576511383
      ],
      "anchor": [
        -1.2990570068359375,
        1.2992758750915527
      ],
      "heldout": [
        0.7002594470977783,
        1.2498568296432495
      ]
    },
    "scale": {
      "visible": [
        -0.04985460266470909,
        0.04992217943072319
      ],
      "anchor": [
        -0.31960630416870117,
        0.3198741674423218
      ],
      "heldout": [
        0.16024571657180786,
        0.2991470694541931
      ]
    },
    "hue": {
      "visible": [
        0.00033839643583633006,
        0.14998063445091248
      ],
      "anchor": [
        0.0002047419548034668,
        0.9998008608818054
      ],
      "heldout": [
        0.45022761821746826,
        0.7797418832778931
      ]
    },
    "bright": {
      "visible": [
        0.7801381349563599,
        0.919979989528656
      ],
      "anchor": [
        0.4500272274017334,
        0.9496228694915771
      ],
      "heldout": [
        0.48008981347084045,
        0.6199469566345215
      ]
    },
    "stroke": {
      "visible": [
        0.1000140830874443,
        0.1499287337064743
      ],
      "anchor": [
        0.06001263111829758,
        0.29991966485977173
      ],
      "heldout": [
        0.2202073633670807,
        0.2999606132507324
      ]
    }
  },
  "anchor_ed_visible": 1.9007987976074219,
  "anchor_ed_heldout": 2.45623779296875,
  "heldout_distinct_from_visible": true,
  "separability": {
    "per_family_ed": {
      "translate_x": 1.089827537536621,
      "translate_y": 1.0171585083007812,
      "rotate": 2.0222511291503906,
      "scale": 0.8795852661132812,
      "hue": 1.290949821472168,
      "bright": 1.7817306518554688,
      "stroke": 1.449559211730957,
      "crop_erase": 4.874589920043945,
      "big_shear": 7.536272048950195,
      "bg_shortcut": 3.0887346267700195,
      "shape_warp": 9.006357192993164,
      "occlude": 6.170373916625977,
      "color_collapse": 2.641721725463867
    },
    "worst_valid": 2.0222511291503906,
    "lowest_decoy": 2.641721725463867,
    "separation": 0.6194705963134766,
    "auc_valid_lt_decoy": 1.0,
    "pass": true
  },
  "pass": true
}