{
  "task": "single_rotation",
  "seed": 1,
  "proxy": "classifier",
  "anchor": "randomconv",
  "arms": {
    "BASE": {
      "clean_acc": 0.9990234375,
      "heldout_acc": 0.517578125,
      "robustness_gap": 0.4814453125
    },
    "KNOWN_ORACLE_MULTI": {
      "clean_acc": 0.625,
      "heldout_acc": 0.931640625,
      "robustness_gap": -0.306640625
    },
    "RANDOM_VALID_POLICY": {
      "clean_acc": 0.947265625,
      "heldout_acc": 0.6640625,
      "robustness_gap": 0.283203125
    },
    "DISCOVERED_SINGLE": {
      "clean_acc": 0.85546875,
      "heldout_acc": 0.935546875,
      "robustness_gap": -0.080078125
    },
    "DISCOVERED_MULTI": {
      "clean_acc": 0.8544921875,
      "heldout_acc": 0.93359375,
      "robustness_gap": -0.0791015625
    },
    "DISCOVERED_MULTI_NO_ANCHOR": {
      "clean_acc": 0.9921875,
      "heldout_acc": 0.576171875,
      "robustness_gap": 0.416015625
    },
    "DISCOVERED_MULTI_NO_DIVERSITY": {
      "clean_acc": 0.890625,
      "heldout_acc": 0.931640625,
      "robustness_gap": -0.041015625
    }
  }
}