{
  "task": "impossible_control",
  "seed": 1,
  "anchor": "randomconv",
  "true_families": [],
  "hidden": [
    7
  ],
  "valid_ref_validity": -9.463438034057617,
  "decoy_ref_validity": -9.584298133850098,
  "arms": {
    "BASE_IDENTITY": {
      "collapse_validity": {
        "move_pixel": 0.0,
        "identity_collapse": true,
        "mean_validity": -6.410297393798828,
        "validity_rate": 0.97265625,
        "anchor_ed": 0.3362293243408203
      },
      "coverage": {
        "heldout_coverage": 0.0,
        "reachable_spread": 0.0
      },
      "latent_recovery": {
        "moved_per_factor": {
          "cx": 0.0,
          "cy": 0.0,
          "rot": 0.0,
          "scale": 0.0,
          "hue": 0.0,
          "bright": 0.0,
          "stroke": 0.0,
          "bg": 0.0
        },
        "hidden_factor_mass": 0.0
      }
    },
    "KNOWN_ORACLE": {
      "collapse_validity": {
        "move_pixel": 6.667049884796143,
        "identity_collapse": false,
        "mean_validity": -9.023954391479492,
        "validity_rate": 0.6328125,
        "anchor_ed": 0.9699134826660156
      },
      "coverage": {
        "heldout_coverage": 0.0,
        "heldout_coverage_joint": 0.0,
        "per_factor_coverage": {
          "bg": 0.0
        },
        "reachable_spread": 0.029080795124173164
      },
      "latent_recovery": {
        "moved_per_factor": {
          "cx": 0.0343642421066761,
          "cy": 0.03505852818489075,
          "rot": 0.13033774495124817,
          "scale": 0.030375106260180473,
          "hue": 0.05175525322556496,
          "bright": 0.030325643718242645,
          "stroke": 0.04024507850408554,
          "bg": 0.0
        },
        "hidden_factor_mass": 0.0
      }
    },
    "RANDOM_VALID_POLICY": {
      "collapse_validity": {
        "move_pixel": 7.258794784545898,
        "identity_collapse": false,
        "mean_validity": -9.386027336120605,
        "validity_rate": 0.5625,
        "anchor_ed": 1.07080078125
      },
      "coverage": {
        "heldout_coverage": 0.0,
        "heldout_coverage_joint": 0.0,
        "per_factor_coverage": {
          "bg": 0.0
        },
        "reachable_spread": 0.029413027688860893
      },
      "latent_recovery": {
        "moved_per_factor": {
          "cx": 0.03420842066407204,
          "cy": 0.03214772045612335,
          "rot": 0.13759702444076538,
          "scale": 0.032355573028326035,
          "hue": 0.050245173275470734,
          "bright": 0.029357125982642174,
          "stroke": 0.04270891472697258,
          "bg": 0.0
        },
        "hidden_factor_mass": 0.0
      }
    },
    "RANDOM_WITH_DECOYS": {
      "collapse_validity": {
        "move_pixel": 8.401827812194824,
        "identity_collapse": false,
        "mean_validity": -9.404218673706055,
        "validity_rate": 0.5390625,
        "anchor_ed": 1.7398796081542969
      },
      "coverage": {
        "heldout_coverage": 0.0,
        "heldout_coverage_joint": 0.0,
        "per_factor_coverage": {
          "bg": 0.0
        },
        "reachable_spread": 0.028841478750109673
      },
      "latent_recovery": {
        "moved_per_factor": {
          "cx": 0.018263254314661026,
          "cy": 0.020567715167999268,
          "rot": 0.062377914786338806,
          "scale": 0.017728151753544807,
          "hue": 0.02889132685959339,
          "bright": 0.01725560426712036,
          "stroke": 0.022189466282725334,
          "bg": 0.0
        },
        "hidden_factor_mass": 0.0
      }
    },
    "LEARNED_SINGLE_POLICY": {
      "quality": {
        "effective_usage": {
          "translate_x": 0.0,
          "translate_y": 0.0,
          "rotate": 1.0,
          "scale": 0.0,
          "hue": 0.0,
          "bright": 0.0,
          "stroke": 0.0,
          "crop_erase": 0.0,
          "big_shear": 0.0,
          "bg_shortcut": 0.0,
          "shape_warp": 0.0,
          "occlude": 0.0,
          "color_collapse": 0.0
        },
        "decoy_usage": 0.0,
        "true_family_usage": 0,
        "true_family_recall": 0.0,
        "true_families_recalled": [],
        "family_entropy": -0.0,
        "max_family_weight": 1.0,
        "top_family": "rotate"
      },
      "discover_final": {
        "L_anchor": 0.29123592376708984,
        "move": 2.124321937561035,
        "L_move": 0.0,
        "L_bound": 0.0,
        "fam_entropy": 0.986528754234314
      },
      "collapse_validity": {
        "move_pixel": 1.2188405990600586,
        "identity_collapse": false,
        "mean_validity": -6.268528938293457,
        "validity_rate": 0.9765625,
        "anchor_ed": 0.30774879455566406
      },
      "coverage": {
        "heldout_coverage": 0.0,
        "heldout_coverage_joint": 0.0,
        "per_factor_coverage": {
          "bg": 0.0
        },
        "reachable_spread": 0.02868092991411686
      },
      "latent_recovery": {
        "moved_per_factor": {
          "cx": 0.0,
          "cy": 0.0,
          "rot": 0.07048358023166656,
          "scale": 0.0,
          "hue": 0.0,
          "bright": 0.0,
          "stroke": 0.0,
          "bg": 0.0
        },
        "hidden_factor_mass": 0.0
      }
    },
    "LEARNED_MULTI_POLICY": {
      "quality": {
        "effective_usage": {
          "translate_x": 0.00026594597147777677,
          "translate_y": 0.5016549229621887,
          "rotate": 0.29861515760421753,
          "scale": 0.018272269517183304,
          "hue": 0.00026531939511187375,
          "bright": 0.03926093503832817,
          "stroke": 0.1354743242263794,
          "crop_erase": 0.0002087585598928854,
          "big_shear": 0.00028245217981748283,
          "bg_shortcut": 0.005419125780463219,
          "shape_warp": 0.00020704022608697414,
          "occlude": 0.0,
          "color_collapse": 7.380092574749142e-05
        },
        "decoy_usage": 0.0061911776720080525,
        "true_family_usage": 0,
        "true_family_recall": 0.0,
        "true_families_recalled": [],
        "family_entropy": 0.9873718023300171,
        "max_family_weight": 0.49804937839508057,
        "top_family": "translate_y"
      },
      "discover_final": {
        "L_anchor": 0.29123592376708984,
        "move": 2.124321937561035,
        "L_move": 0.0,
        "L_bound": 0.0,
        "fam_entropy": 0.986528754234314
      },
      "collapse_validity": {
        "move_pixel": 1.6171969175338745,
        "identity_collapse": false,
        "mean_validity": -6.411325454711914,
        "validity_rate": 0.96875,
        "anchor_ed": 0.3051948547363281
      },
      "coverage": {
        "heldout_coverage": 0.0,
        "heldout_coverage_joint": 0.0,
        "per_factor_coverage": {
          "bg": 0.0
        },
        "reachable_spread": 0.028981313109397888
      },
      "latent_recovery": {
        "moved_per_factor": {
          "cx": 0.0002664651838131249,
          "cy": 0.014194183982908726,
          "rot": 0.03530360385775566,
          "scale": 0.000537037500180304,
          "hue": 5.910062463954091e-05,
          "bright": 0.0010016397573053837,
          "stroke": 0.0034477177541702986,
          "bg": 0.0
        },
        "hidden_factor_mass": 0.0
      }
    },
    "LEARNED_MULTI_NO_ANCHOR": {
      "quality": {
        "effective_usage": {
          "translate_x": 0.0,
          "translate_y": 0.0,
          "rotate": 0.0,
          "scale": 0.0,
          "hue": 0.0,
          "bright": 0.0,
          "stroke": 0.0,
          "crop_erase": 0.0,
          "big_shear": 0.0,
          "bg_shortcut": 0.0,
          "shape_warp": 0.0,
          "occlude": 0.0,
          "color_collapse": 0.0
        },
        "decoy_usage": 0.0,
        "true_family_usage": 0,
        "true_family_recall": 0.0,
        "true_families_recalled": [],
        "family_entropy": 2.5649454593658447,
        "max_family_weight": 0.07722177356481552,
        "top_family": "translate_x"
      },
      "discover_final": {
        "move": 7.108838081359863,
        "L_move": 0.0,
        "L_bound": 0.0,