{
  "task": "single_rotation",
  "seed": 2,
  "proxy": "eqm_lite",
  "anchor": "randomconv",
  "arms": {
    "BASE": {
      "eqm_clean": 0.0894988551735878,
      "eqm_heldout": 0.09390684217214584,
      "robustness_gap": 0.004407986998558044
    },
    "KNOWN_ORACLE_MULTI": {
      "eqm_clean": 0.08959397673606873,
      "eqm_heldout": 0.09400266408920288,
      "robustness_gap": 0.004408687353134155
    },
    "RANDOM_VALID_POLICY": {
      "eqm_clean": 0.08896073698997498,
      "eqm_heldout": 0.09315213561058044,
      "robustness_gap": 0.004191398620605469
    },
    "DISCOVERED_SINGLE": {
      "eqm_clean": 0.09120745211839676,
      "eqm_heldout": 0.09548070281744003,
      "robustness_gap": 0.004273250699043274
    },
    "DISCOVERED_MULTI": {
      "eqm_clean": 0.09079534560441971,
      "eqm_heldout": 0.09515759348869324,
      "robustness_gap": 0.004362247884273529
    },
    "DISCOVERED_MULTI_NO_ANCHOR": {
      "eqm_clean": 0.09075982123613358,
      "eqm_heldout": 0.09508230537176132,
      "robustness_gap": 0.004322484135627747
    },
    "DISCOVERED_MULTI_NO_DIVERSITY": {
      "eqm_clean": 0.0910705104470253,
      "eqm_heldout": 0.09534620493650436,
      "robustness_gap": 0.004275694489479065
    }
  }
}