{
  "cutoffs": [
    "0.05",
    "0.1",
    "0.15",
    "0.2",
    "0.3",
    "0.4181"
  ],
  "results": {
    "0.05": {
      "mean_gaussian": 0.8300443581538275,
      "mean_mask": 0.8579654284985736,
      "mean_gm": 0.8278567291737999,
      "seed_means_gaussian": [
        0.8355151465220843,
        0.8281211878929753,
        0.8259468284377363,
        0.8273982889659237,
        0.8332403389504179
      ],
      "seed_means_mask": [
        0.8592479878279846,
        0.8541443516442087,
        0.8568104745354503,
        0.8608431400207337,
        0.8587811884644907
      ],
      "seed_means_gm": [
        0.8288340155268088,
        0.82714985095663,
        0.8269076266733464,
        0.8265339056379162,
        0.8298582470742986
      ],
      "mean_mse_gaussian": 0.19983680240620744,
      "mean_mse_mask": 0.16333569756898214,
      "mean_mse_gm": 0.2049447659010184,
      "delta_g": 0.002187628980027556,
      "delta_m": 0.03010869932477367,
      "ci_g": [
        0.00015570142422802747,
        0.004857973637990653
      ],
      "ci_m": [
        0.0281578395573888,
        0.03235069848014973
      ],
      "p_g_raw": 0.0342,
      "p_m_raw": 0.0,
      "seeds_beat_both": 4,
      "win_rate_g": 0.58671875,
      "win_rate_m": 0.8564453125,
      "p_g_holm": 0.1026,
      "p_m_holm": 0.0,
      "frac_gap_closed": -0.038437567745691854,
      "fourier_specialist_lpips": 0.8869581825274508
    },
    "0.1": {
      "mean_gaussian": 0.7685274001385551,
      "mean_mask": 0.7945517465646844,
      "mean_gm": 0.7632599531323649,
      "seed_means_gaussian": [
        0.772475829871837,
        0.7700796379649546,
        0.7645565707061905,
        0.7650234750472009,
        0.7705014871025924
      ],
      "seed_means_mask": [
        0.7951254747167695,
        0.7928767524426803,
        0.7949602030275855,
        0.7952867669519037,
        0.7945095356844831
      ],
      "seed_means_gm": [
        0.7638244762492832,
        0.7607182156352792,
        0.7638951916596852,
        0.7618114491924644,
        0.7660504329251125
      ],
      "mean_mse_gaussian": 0.14256607809693378,
      "mean_mse_mask": 0.11333244029774506,
      "mean_mse_gm": 0.14752502783594537,
      "delta_g": 0.005267447006190196,
      "delta_m": 0.03129179343231947,
      "ci_g": [
        0.002401387703139335,
        0.008095321216387674
      ],
      "ci_m": [
        0.029720171290682627,
        0.03260559004265815
      ],
      "p_g_raw": 0.0,
      "p_m_raw": 0.0,
      "seeds_beat_both": 5,
      "win_rate_g": 0.706640625,
      "win_rate_m": 0.897265625,
      "p_g_holm": 0.0,
      "p_m_holm": 0.0,
      "frac_gap_closed": -0.1018678656878419,
      "fourier_specialist_lpips": 0.8202360225841403
    },
    "0.15": {
      "mean_gaussian": 0.74019809201709,
      "mean_mask": 0.7659103480225895,
      "mean_gm": 0.7351636750332545,
      "seed_means_gaussian": [
        0.7431974062055815,
        0.7420850420603529,
        0.7374245616665576,
        0.737281247478677,
        0.7410022026742809
      ],
      "seed_means_mask": [
        0.7659261179505847,
        0.7652272778796032,
        0.7667490298917983,
        0.7658376261533704,
        0.7658116882375907
      ],
      "seed_means_gm": [
        0.7352351792214904,
        0.731755177344894,
        0.7362599483167287,
        0.7341366721084341,
        0.7384313981747255
      ],
      "mean_mse_gaussian": 0.12298671339667636,
      "mean_mse_mask": 0.09532044404968473,
      "mean_mse_gm": 0.12723728788187144,
      "delta_g": 0.0050344169838354436,
      "delta_m": 0.030746672989334978,
      "ci_g": [
        0.002237836387939751,
        0.008304525126004592
      ],
      "ci_m": [
        0.028866181161720305,
        0.03235963581246324
      ],
      "p_g_raw": 0.0,
      "p_m_raw": 0.0,
      "seeds_beat_both": 5,
      "win_rate_g": 0.7025390625,
      "win_rate_m": 0.9111328125,
      "p_g_holm": 0.0,
      "p_m_holm": 0.0,
      "frac_gap_closed": -0.09342252968703207,
      "fourier_specialist_lpips": 0.7940867739089299
    },
    "0.2": {
      "mean_gaussian": 0.7049826999951619,
      "mean_mask": 0.7304689999960828,
      "mean_gm": 0.7007299361401238,
      "seed_means_gaussian": [
        0.706983254494844,
        0.7073738888138905,
        0.703706370171858,
        0.7026567588036414,
        0.7041932276915759
      ],
      "seed_means_mask": [
        0.7299286824418232,
        0.7308541432139464,
        0.7315722366911359,
        0.7294488456682302,
        0.7305410919652786
      ],
      "seed_means_gm": [
        0.7008436049800366,
        0.696272260567639,
        0.7020381562469993,
        0.7001778966514394,
        0.7043177622545045
      ],
      "mean_mse_gaussian": 0.10488646228368452,
      "mean_mse_mask": 0.07970222871772421,
      "mean_mse_gm": 0.10784819806394808,
      "delta_g": 0.004252763855038144,
      "delta_m": 0.029739063855959036,
      "ci_g": [
        0.0011132441752124578,
        0.00812444100738503
      ],
      "ci_m": [
        0.027457829407649115,
        0.032457509194500744
      ],
      "p_g_raw": 0.0012,
      "p_m_raw": 0.0,
      "seeds_beat_both": 4,
      "win_rate_g": 0.6859375,
      "win_rate_m": 0.913671875,
      "p_g_holm": 0.0048,
      "p_m_holm": 0.0,
      "frac_gap_closed": -0.07387391519271531,
      "fourier_specialist_lpips": 0.7625505687610712
    },
    "0.3": {
      "mean_gaussian": 0.6373127254046267,
      "mean_mask": 0.6610262882662937,
      "mean_gm": 0.6354165854252642,
      "seed_means_gaussian": [
        0.6383235657704063,
        0.6401222008280456,
        0.6384679246984888,
        0.6361358028952964,
        0.6335141328308964
      ],
      "seed_means_mask": [
        0.6589503891009372,
        0.6636056722345529,
        0.6626018223323626,
        0.6589626997738378,
        0.661010857889778
      ],
      "seed_means_gm": [
        0.6356407359271543,
        0.6303416187147377,
        0.6368906980496831,
        0.634537497011479,
        0.6396723774232669
      ],
      "mean_mse_gaussian": 0.08279992006482643,
      "mean_mse_mask": 0.06248014822485857,
      "mean_mse_gm": 0.08308511428676865,
      "delta_g": 0.0018961399793624434,
      "delta_m": 0.02560970284102948,
      "ci_g": [
        -0.0028429354570107535,
        0.006503455774509348
      ],
      "ci_m": [
        0.02260724377119914,
        0.02950540329911746
      ],
      "p_g_raw": 0.2864,
      "p_m_raw": 0.0,
      "seeds_beat_both": 4,
      "win_rate_g": 0.5869140625,
      "win_rate_m": 0.875,
      "p_g_holm": 0.5728,
      "p_m_holm": 0.0,
      "frac_gap_closed": -0.038512187267697506,
      "fourier_specialist_lpips": 0.6865475290833274
    },
    "0.4181": {
      "mean_gaussian": 0.5116318588872673,
      "mean_mask": 0.5240042519522831,
      "mean_gm": 0.51116608978773,
      "seed_means_gaussian": [
        0.509139200890786,
        0.5142594733042642,
        0.5168464190210216,
        0.5147494758566609,
        0.5031647253636038
      ],
      "seed_means_mask": [
        0.5197875316080172,
        0.5278818360966397,
        0.5269881842104951,
        0.5217408679018263,
        0.5236228399444371
      ],
      "seed_means_gm": [
        0.5109593966190005,
        0.5074736442475114,
        0.5131560541194631,
        0.5097305964009138,
        0.5145107575517613
      ],
      "mean_mse_gaussian": 0.06191689062634396,
      "mean_mse_mask": 0.04828046804695987,
      "mean_mse_gm": 0.060253965814899856,
      "delta_g": 0.00046576909953721657,
      "delta_m": 0.012838162164553024,
      "ci_g": [
        -0.006167882567388006,
        0.005459956385311671
      ],
      "ci_m": [
        0.009578141252859496,
        0.016776968125486746
      ],
      "p_g_raw": 0.809,
      "p_m_raw": 0.0,
      "seeds_beat_both": 3,
      "win_rate_g": 0.5673828125,
      "win_rate_m": 0.7150390625,
      "p_g_holm": 0.809,
      "p_m_holm": 0.0,