candidate_id,image_file,group,source_id,severity,label,wrong_label,realism,class_probability,class_correct,composite_quality,direct_energy,direct_energy_zero_anchored,dot_energy,dot_energy_zero_anchored,base_field_norm
0,images/0000_real.png,real,34759,0.0,695,False,0.3683372437953949,0.5211561918258667,True,0.9210320562939797,-12120.8828125,-9410.4951171875,-9614.224609375,-9614.224609375,8.218484878540039
1,images/0001_real.png,real,33300,0.0,666,False,0.5094087719917297,0.16297025978565216,True,0.944487881157154,-14753.0888671875,-11946.052734375,-12710.701171875,-12710.701171875,9.845072746276855
2,images/0002_real.png,real,34345,0.0,686,False,0.6828656196594238,0.3415072560310364,True,0.972243940578577,-3925.87060546875,-1009.806640625,-1687.1038818359375,-1687.1038818359375,25.834545135498047
3,images/0003_real.png,real,15357,0.0,307,False,0.4563083350658417,0.37104618549346924,True,0.9468334636434714,-6490.54541015625,-3281.408203125,-3840.29638671875,-3840.29638671875,9.916407585144043
4,images/0004_real.png,real,5944,0.0,118,False,0.517914891242981,0.270933598279953,True,0.955824863174355,-5348.640625,-2667.319091796875,-3016.87353515625,-3016.87353515625,8.832825660705566
5,images/0005_real.png,real,17372,0.0,347,False,0.42775455117225647,0.5014231204986572,True,0.9472243940578577,-5192.0166015625,-2040.478759765625,-2354.91259765625,-2354.91259765625,14.228906631469727
6,images/0006_real.png,real,39617,0.0,792,False,0.26167646050453186,0.5179776549339294,True,0.8408913213448006,-2631.797607421875,-291.408935546875,-814.5526123046875,-814.5526123046875,31.363330841064453
7,images/0007_real.png,real,34249,0.0,684,False,0.23896735906600952,0.3812965750694275,True,0.7857701329163409,-5035.8251953125,-2188.44287109375,-2951.231689453125,-2951.231689453125,12.984573364257812
8,images/0008_real.png,real,8651,0.0,173,False,0.41572335362434387,0.3695051670074463,True,0.9308053166536356,-5980.06640625,-3166.70654296875,-3462.105712890625,-3462.105712890625,13.486449241638184
9,images/0009_real.png,real,24775,0.0,495,False,0.30910199880599976,0.5857388973236084,True,0.9018764659890539,-4866.3232421875,-1756.43408203125,-2252.57373046875,-2252.57373046875,20.90900421142578
10,images/0010_real.png,real,17876,0.0,357,False,0.597791314125061,0.23612481355667114,True,0.962470680218921,-4207.7021484375,-1439.0810546875,-1773.177734375,-1773.177734375,12.043135643005371
11,images/0011_real.png,real,49443,0.0,988,False,0.19019044935703278,0.6206106543540955,True,0.6450351837372947,-6190.3857421875,-3541.37353515625,-4269.421875,-4269.421875,12.78699779510498
12,images/0012_real.png,real,48430,0.0,968,False,0.44350484013557434,0.0030396978836506605,False,0.8197810789679436,-2688.1650390625,174.196533203125,-485.5690612792969,-485.5690612792969,23.895606994628906
13,images/0013_real.png,real,25594,0.0,511,False,0.5710923671722412,0.29642829298973083,True,0.9628616106333072,-5093.7724609375,-2171.24951171875,-2454.419189453125,-2454.419189453125,11.749420166015625
14,images/0014_real.png,real,27332,0.0,546,False,0.2616824805736542,0.5415167212486267,True,0.8444096950742768,-6606.8837890625,-3808.682373046875,-4298.71875,-4298.71875,12.760405540466309
15,images/0015_real.png,real,29097,0.0,581,False,0.43553033471107483,0.1557159274816513,True,0.9245504300234558,-4172.1669921875,-1268.994140625,-1651.909912109375,-1651.909912109375,11.225051879882812
16,images/0016_real.png,real,41998,0.0,839,False,0.3779458999633789,0.6847273111343384,True,0.9331508991399531,-6383.072265625,-3455.82177734375,-3920.8515625,-3920.8515625,13.513895034790039
17,images/0017_real.png,real,6178,0.0,123,False,0.2867845296859741,0.6197344660758972,True,0.8799843627834245,-3952.776123046875,-1173.561767578125,-1577.552978515625,-1577.552978515625,16.744489669799805
18,images/0018_real.png,real,21603,0.0,432,False,0.24242261052131653,0.5616944432258606,True,0.8072713057075841,-4628.6572265625,-1883.2001953125,-2476.24755859375,-2476.24755859375,8.083229064941406
19,images/0019_real.png,real,25185,0.0,503,False,0.3275670111179352,0.7575469017028809,True,0.9179046129788897,-8358.4755859375,-5307.2919921875,-6113.3984375,-6113.3984375,11.816182136535645
20,images/0020_real.png,real,2431,0.0,48,False,0.32430407404899597,0.4657694697380066,True,0.9053948397185301,-3845.3642578125,-1033.050537109375,-1224.927490234375,-1224.927490234375,18.635494232177734
21,images/0021_real.png,real,9216,0.0,184,False,0.2877417206764221,0.5581798553466797,True,0.880766223612197,-4928.1083984375,-1785.00732421875,-2234.295654296875,-2234.295654296875,14.394694328308105
22,images/0022_real.png,real,41841,0.0,836,False,0.1744675487279892,0.14329415559768677,False,0.5496481626270524,-5031.3505859375,-2218.74755859375,-2900.20166015625,-2900.20166015625,19.798965454101562
23,images/0023_real.png,real,23771,0.0,475,False,0.1705775111913681,0.7312429547309875,True,0.5660672400312744,-6314.2626953125,-3237.041015625,-3764.2685546875,-3764.2685546875,22.472379684448242
24,images/0024_real.png,real,28878,0.0,577,False,0.4791024327278137,0.24350185692310333,True,0.9397967161845191,-4830.00341796875,-2170.09228515625,-2754.71240234375,-2754.71240234375,19.855634689331055
25,images/0025_real.png,real,22433,0.0,448,False,0.40050140023231506,0.26037126779556274,True,0.9139953088350274,-4209.5146484375,-1486.77001953125,-1929.43359375,-1929.43359375,11.148786544799805
26,images/0026_real.png,real,6415,0.0,128,False,0.22211018204689026,0.3769189119338989,True,0.7376856919468334,-4918.6259765625,-1658.7421875,-2545.241943359375,-2545.241943359375,19.470354080200195
27,images/0027_real.png,real,28672,0.0,573,False,0.5752638578414917,0.40713444352149963,True,0.9730258014073494,-5058.65673828125,-2162.83251953125,-2429.165283203125,-2429.165283203125,15.790346145629883
28,images/0028_real.png,real,3648,0.0,72,False,0.49574387073516846,0.3231632113456726,True,0.9503518373729476,-6116.63671875,-2770.25634765625,-3213.28076171875,-3213.28076171875,14.345168113708496
29,images/0029_real.png,real,35074,0.0,701,False,0.7876260876655579,0.47673067450523376,True,0.9886630179827991,-7992.47900390625,-4480.142578125,-5299.01123046875,-5299.01123046875,11.988713264465332
30,images/0030_real.png,real,2831,0.0,56,False,0.5088983178138733,0.5600957274436951,True,0.9702892885066459,-4381.8388671875,-1736.5390625,-1984.0443115234375,-1984.0443115234375,14.493597984313965
31,images/0031_real.png,real,26200,0.0,524,False,0.20851841568946838,0.2739637792110443,True,0.6962470680218921,-6127.0185546875,-3149.57177734375,-3724.6650390625,-3724.6650390625,18.195873260498047
32,images/0032_real.png,real,2460,0.0,49,False,0.2843593657016754,0.14626561105251312,True,0.8467552775605942,-4175.5419921875,-1188.896240234375,-1450.719482421875,-1450.719482421875,9.719661712646484
33,images/0033_real.png,real,17912,0.0,358,False,0.7016882300376892,0.06766892224550247,False,0.9472243940578577,-6111.9443359375,-3457.3037109375,-3751.427490234375,-3751.427490234375,12.812115669250488
34,images/0034_real.png,real,41921,0.0,838,False,0.28923872113227844,0.8474573493003845,True,0.888975762314308,-5494.78662109375,-2942.916748046875,-3682.710693359375,-3682.710693359375,17.868824005126953
35,images/0035_real.png,real,7590,0.0,151,False,0.4078567624092102,0.3448542058467865,True,0.9253322908522283,-5699.4716796875,-2791.565185546875,-3149.879638671875,-3149.879638671875,20.22419548034668
36,images/0036_real.png,real,28201,0.0,564,False,0.31091228127479553,0.27277350425720215,True,0.8854573885848319,-4657.73828125,-1654.861572265625,-1966.88037109375,-1966.88037109375,15.721742630004883
37,images/0037_real.png,real,4000,0.0,80,False,0.293596088886261,0.40166419744491577,True,0.8792025019546521,-4738.7822265625,-1598.2216796875,-1867.62890625,-1867.62890625,16.261762619018555
38,images/0038_real.png,real,22029,0.0,440,False,0.2652692198753357,0.4328848123550415,True,0.8416731821735731,-3264.771728515625,-417.652587890625,-823.5524291992188,-823.5524291992188,13.032683372497559
39,images/0039_real.png,real,48840,0.0,976,False,0.22236093878746033,0.34524181485176086,True,0.7384675527756059,-5331.5751953125,-1829.979248046875,-2423.055419921875,-2423.055419921875,10.956941604614258
40,images/0040_real.png,real,32482,0.0,649,False,0.19129501283168793,0.0012537278234958649,False,0.44448788115715404,-5113.013671875,-2044.73876953125,-2593.02685546875,-2593.02685546875,7.246387004852295
41,images/0041_real.png,real,27047,0.0,540,False,0.2755886912345886,0.7543981671333313,True,0.8682564503518373,-5495.7783203125,-2077.134033203125,-2723.73681640625,-2723.73681640625,11.447308540344238
42,images/0042_real.png,real,33393,0.0,667,False,0.19740618765354156,0.09762454777956009,True,0.6508991399530883,-6936.69921875,-4181.02587890625,-4630.2060546875,-4630.2060546875,15.522979736328125
43,images/0043_real.png,real,19369,0.0,387,False,0.49321258068084717,0.3938673734664917,True,0.9523064894448788,-5067.16162109375,-2423.430908203125,-2725.16943359375,-2725.16943359375,13.071861267089844
44,images/0044_real.png,real,10075,0.0,201,False,0.22675149142742157,0.4418117105960846,True,0.7591868647380766,-4791.4345703125,-1634.3017578125,-1915.573974609375,-1915.573974609375,10.66837215423584
45,images/0045_real.png,real,44994,0.0,899,False,0.3769918382167816,0.16564497351646423,True,0.9010946051602815,-6749.5458984375,-4071.5263671875,-4702.26171875,-4702.26171875,13.487702369689941
46,images/0046_real.png,real,25246,0.0,504,False,0.4993215501308441,0.4995203912258148,True,0.9640344018764659,-4961.220703125,-2028.26416015625,-2503.81689453125,-2503.81689453125,15.607112884521484
47,images/0047_real.png,real,7772,0.0,155,False,0.41102588176727295,0.22477185726165771,True,0.9175136825645035,-6473.1474609375,-3411.8271484375,-3762.843505859375,-3762.843505859375,17.92525291442871
48,images/0048_real.png,real,26246,0.0,524,False,0.5097704529762268,0.29567083716392517,False,0.9558248631743549,-4322.666015625,-1345.21923828125,-1885.286376953125,-1885.286376953125,11.918180465698242
49,images/0049_real.png,real,22701,0.0,454,False,0.3738812804222107,0.22150297462940216,True,0.9010946051602815,-6030.4912109375,-3330.10009765625,-3654.52490234375,-3654.52490234375,10.495595932006836
50,images/0050_real.png,real,49555,0.0,991,False,0.7809391021728516,0.4604310393333435,True,0.9855355746677091,-5782.58935546875,-2952.040771484375,-3410.220947265625,-3410.220947265625,13.519274711608887
51,images/0051_real.png,real,47870,0.0,957,False,0.18468748033046722,0.42826128005981445,True,0.6067240031274433,-9711.1044921875,-6727.943359375,-7403.13232421875,-7403.13232421875,16.48949432373047
52,images/0052_real.png,real,25050,0.0,501,False,0.3894690275192261,0.0011784180533140898,False,0.7232212666145426,-7233.642578125,-4132.76953125,-4576.703125,-4576.703125,17.181974411010742
53,images/0053_real.png,real,10171,0.0,203,False,0.42512834072113037,0.4155350625514984,True,0.9386239249413604,-4628.802734375,-1539.493896484375,-1920.9503173828125,-1920.9503173828125,15.038199424743652
54,images/0054_real.png,real,38742,0.0,774,False,0.2702288329601288,0.7982855439186096,True,0.8604378420641126,-3976.03955078125,-1020.266845703125,-1426.4951171875,-1426.4951171875,14.314300537109375
55,images/0055_real.png,real,41763,0.0,835,False,0.29922670125961304,0.4528525471687317,True,0.8878029710711492,-5509.90234375,-2925.87548828125,-3241.984130859375,-3241.984130859375,17.61688232421875
56,images/0056_real.png,real,26754,0.0,535,False,0.2291295826435089,0.43408700823783875,True,0.7642689601250978,-4569.78125,-1915.34814453125,-2370.90185546875,-2370.90185546875,19.49911117553711
57,images/0057_real.png,real,269,0.0,5,False,0.3104277551174164,0.2794702351093292,True,0.883893666927287,-4461.64306640625,-1783.665283203125,-2270.48876953125,-2270.48876953125,14.170867919921875
58,images/0058_real.png,real,12620,0.0,252,False,0.43783026933670044,0.30446121096611023,True,0.9374511336982017,-7543.28857421875,-4367.6025390625,-4807.2919921875,-4807.2919921875,29.560171127319336
59,images/0059_real.png,real,44575,0.0,891,False,0.2505931258201599,0.5597520470619202,True,0.8248631743549648,-5880.8369140625,-3220.13671875,-3791.31884765625,-3791.31884765625,19.83384895324707
60,images/0060_real.png,real,39218,0.0,784,False,0.4013945162296295,0.06004670634865761,False,0.8932759968725567,-13145.4697265625,-10405.419921875,-10699.130859375,-10699.130859375,19.69968032836914
61,images/0061_real.png,real,49160,0.0,983,False,0.3494570851325989,0.29428213834762573,True,0.9010946051602815,-7829.27685546875,-4341.82275390625,-5116.4716796875,-5116.4716796875,12.047172546386719
62,images/0062_real.png,real,19577,0.0,391,False,0.5243903994560242,0.4624003469944,True,0.972243940578577,-6902.955078125,-4021.29931640625,-4324.673828125,-4324.673828125,9.144393920898438
63,images/0063_real.png,real,34536,0.0,690,False,0.4183598458766937,0.2496166229248047,True,0.9245504300234558,-4390.265625,-1528.7998046875,-1826.3944091796875,-1826.3944091796875,9.184791564941406
64,images/0064_generated_none.png,generated_none,34759,0.0,695,False,0.2969164252281189,0.008824403397738934,False,0.8076622361219703,2388.395263671875,5098.783203125,4696.30126953125,4696.30126953125,238.5052947998047
65,images/0065_generated_none.png,generated_none,33300,0.0,666,False,0.1968969851732254,0.00020469607261475176,False,0.20680218921032056,2720.8876953125,5527.92333984375,5018.17333984375,5018.17333984375,267.4947204589844
66,images/0066_generated_none.png,generated_none,34345,0.0,686,False,0.16345946490764618,0.00028175688930787146,False,0.10789679437060204,2566.401611328125,5482.4658203125,4916.02197265625,4916.02197265625,263.607177734375
67,images/0067_generated_none.png,generated_none,15357,0.0,307,False,0.20776447653770447,0.0005652077379636467,False,0.39757623143080534,2010.5654296875,5219.70263671875,4784.2099609375,4784.2099609375,271.461181640625
68,images/0068_generated_none.png,generated_none,5944,0.0,118,False,0.20181499421596527,0.0008330860873684287,False,0.4452697419859265,2058.29248046875,4739.6142578125,4390.3984375,4390.3984375,219.69378662109375
69,images/0069_generated_none.png,generated_none,17372,0.0,347,False,0.2821938395500183,0.0001853777648648247,False,0.3909304143862392,2506.859619140625,5658.3974609375,5367.1142578125,5367.1142578125,235.73516845703125
70,images/0070_generated_none.png,generated_none,39617,0.0,792,False,0.19986450672149658,0.0015770948957651854,False,0.5168100078186083,3048.15771484375,5388.54638671875,4911.46826171875,4911.46826171875,226.22943115234375
71,images/0071_generated_none.png,generated_none,34249,0.0,684,False,0.27554911375045776,0.00029284556512720883,False,0.4401876465989054,3104.517578125,5951.89990234375,5171.62548828125,5171.62548828125,234.61578369140625
72,images/0072_generated_none.png,generated_none,8651,0.0,173,False,0.2296912521123886,0.0019114661263301969,False,0.6125879593432368,2397.13330078125,5210.4931640625,4885.564453125,4885.564453125,224.4840850830078
73,images/0073_generated_none.png,generated_none,24775,0.0,495,False,0.32517796754837036,0.0001596379588590935,False,0.4245504300234558,1823.0718994140625,4932.9609375,4513.55908203125,4513.55908203125,241.71665954589844
74,images/0074_generated_none.png,generated_none,17876,0.0,357,False,0.16398276388645172,0.0019773226231336594,False,0.38076622361219703,2183.32470703125,4951.94580078125,4616.7587890625,4616.7587890625,251.2048797607422
75,images/0075_generated_none.png,generated_none,49443,0.0,988,False,0.2907947301864624,0.003411288606002927,False,0.7595777951524629,1665.5211181640625,4314.533203125,3835.103271484375,3835.103271484375,248.52662658691406
76,images/0076_generated_none.png,generated_none,48430,0.0,968,False,0.274834007024765,0.0004266671312507242,False,0.4984362783424551,2559.763671875,5422.125,4929.337890625,4929.337890625,282.6509704589844
77,images/0077_generated_none.png,generated_none,25594,0.0,511,False,0.22381216287612915,0.0002439540985506028,False,0.29788897576231427,1708.0582275390625,4630.5810546875,4337.3759765625,4337.3759765625,264.5881652832031
78,images/0078_generated_none.png,generated_none,27332,0.0,546,False,0.2471192330121994,0.0004360632738098502,False,0.4577795152462862,2205.439697265625,5003.64111328125,4521.2060546875,4521.2060546875,290.69287109375
79,images/0079_generated_none.png,generated_none,29097,0.0,581,False,0.23008601367473602,0.0003085134958382696,False,0.36512900703674744,3154.18896484375,6057.36181640625,5776.263671875,5776.263671875,213.9763946533203
80,images/0080_generated_none.png,generated_none,41998,0.0,839,False,0.18114064633846283,0.00014791307330597192,False,0.10946051602814699,2243.44482421875,5170.6953125,4697.00048828125,4697.00048828125,241.2652587890625
81,images/0081_generated_none.png,generated_none,6178,0.0,123,False,0.22070540487766266,0.000427551829488948,False,0.383893666927287,1145.8431396484375,3925.0576171875,3654.6533203125,3654.6533203125,229.60145568847656
82,images/0082_generated_none.png,generated_none,21603,0.0,432,False,0.24815276265144348,0.000263391702901572,False,0.3784206411258796,3064.978759765625,5810.435546875,5199.67138671875,5199.67138671875,242.5887451171875
83,images/0083_generated_none.png,generated_none,25185,0.0,503,False,0.22258052229881287,0.0001967092975974083,False,0.27599687255668487,1624.462158203125,4675.6455078125,3976.7587890625,3976.7587890625,299.81976318359375
84,images/0084_generated_none.png,generated_none,2431,0.0,48,False,0.2800094485282898,0.004004284273833036,False,0.754886630179828,2064.936279296875,4877.25,4744.6982421875,4744.6982421875,218.9186553955078
85,images/0085_generated_none.png,generated_none,9216,0.0,184,False,0.1707242876291275,0.00630263052880764,False,0.46755277560594216,2054.2783203125,5197.37939453125,4887.99609375,4887.99609375,229.4241485595703
86,images/0086_generated_none.png,generated_none,41841,0.0,836,False,0.2482527643442154,0.0006059459992684424,False,0.5175918686473807,1151.2276611328125,3963.83056640625,3382.239990234375,3382.239990234375,334.5431823730469
87,images/0087_generated_none.png,generated_none,23771,0.0,475,False,0.26662734150886536,0.0008257237495854497,False,0.5934323690383112,2163.968994140625,5241.1904296875,4856.7421875,4856.7421875,271.07818603515625
88,images/0088_generated_none.png,generated_none,28878,0.0,577,False,0.2464732676744461,0.0005486623849719763,False,0.49804534792806887,1245.249755859375,3905.160888671875,3304.185302734375,3304.185302734375,318.2378845214844
89,images/0089_generated_none.png,generated_none,22433,0.0,448,False,0.21483539044857025,0.005360426381230354,False,0.6317435496481626,2001.4608154296875,4724.20556640625,4302.10546875,4302.10546875,243.23231506347656
90,images/0090_generated_none.png,generated_none,6415,0.0,128,False,0.2906586229801178,0.0008748024702072144,False,0.6426896012509773,2667.421875,5927.3056640625,5149.841796875,5149.841796875,206.95680236816406
91,images/0091_generated_none.png,generated_none,28672,0.0,573,False,0.24315527081489563,0.00031653244514018297,False,0.4022673964034402,1053.7930908203125,3949.6171875,3758.39013671875,3758.39013671875,262.63897705078125
92,images/0092_generated_none.png,generated_none,3648,0.0,72,False,0.21074578166007996,0.0013475442538037896,False,0.5285379202501954,1428.819091796875,4775.19921875,4319.220703125,4319.220703125,256.03271484375
93,images/0093_generated_none.png,generated_none,35074,0.0,701,False,0.24336642026901245,0.00044702558079734445,False,0.455824863174355,2766.7021484375,6279.0390625,5538.7958984375,5538.7958984375,260.3341979980469
94,images/0094_generated_none.png,generated_none,2831,0.0,56,False,0.2593154311180115,0.00023070459428709,False,0.3784206411258796,2069.94287109375,4715.24267578125,4438.1201171875,4438.1201171875,206.3038787841797
95,images/0095_generated_none.png,generated_none,26200,0.0,524,False,0.19611965119838715,0.0003586186794564128,False,0.2920250195465207,2393.75,5371.19677734375,4888.7939453125,4888.7939453125,224.24075317382812
96,images/0096_generated_none.png,generated_none,2460,0.0,49,False,0.21439963579177856,0.0006266302079893649,False,0.43471462079749806,1824.1881103515625,4810.833984375,4600.00390625,4600.00390625,218.40664672851562
97,images/0097_generated_none.png,generated_none,17912,0.0,358,False,0.2596784830093384,0.0030710967257618904,False,0.7048475371383893,2669.638671875,5324.279296875,5049.17724609375,5049.17724609375,238.1140594482422
98,images/0098_generated_none.png,generated_none,41921,0.0,838,False,0.35641637444496155,0.0006006486364640296,False,0.6153244722439406,857.9962158203125,3409.8662109375,2650.39453125,2650.39453125,371.4135437011719
99,images/0099_generated_none.png,generated_none,7590,0.0,151,False,0.20142902433872223,0.0007783232140354812,False,0.4327599687255669,445.1531677246094,3353.0595703125,3095.095703125,3095.095703125,343.8043518066406
100,images/0100_generated_none.png,generated_none,28201,0.0,564,False,0.20918016135692596,0.00017226175987161696,False,0.2329945269741986,1938.0880126953125,4940.96484375,4715.5009765625,4715.5009765625,240.0550079345703
101,images/0101_generated_none.png,generated_none,4000,0.0,80,False,0.20203278958797455,0.0009356386726722121,False,0.472243940578577,1749.947265625,4890.5078125,4536.1494140625,4536.1494140625,256.35760498046875
102,images/0102_generated_none.png,generated_none,22029,0.0,440,False,0.18762247264385223,0.00027185826911590993,False,0.19272869429241596,2438.9130859375,5286.0322265625,4880.02880859375,4880.02880859375,226.95579528808594
103,images/0103_generated_none.png,generated_none,48840,0.0,976,False,0.2064473181962967,0.00029372700373642147,False,0.2888975762314308,1923.683837890625,5425.27978515625,4934.57177734375,4934.57177734375,255.64393615722656
104,images/0104_generated_none.png,generated_none,32482,0.0,649,False,0.28000783920288086,0.001431046868674457,False,0.6802189210320564,1496.5018310546875,4564.77685546875,4144.5087890625,4144.5087890625,251.7465362548828
105,images/0105_generated_none.png,generated_none,27047,0.0,540,False,0.22923767566680908,0.000271324475761503,False,0.3377638780297107,1563.538330078125,4982.1826171875,4404.6640625,4404.6640625,245.17471313476562
106,images/0106_generated_none.png,generated_none,33393,0.0,667,False,0.22801069915294647,0.0009045307524502277,False,0.5332290852228303,1010.128662109375,3765.802001953125,3291.15625,3291.15625,343.9906311035156
107,images/0107_generated_none.png,generated_none,19369,0.0,387,False,0.2508971393108368,0.0010776577983051538,False,0.6078967943706021,2574.153564453125,5217.88427734375,4977.5244140625,4977.5244140625,211.46963500976562
108,images/0108_generated_none.png,generated_none,10075,0.0,201,False,0.23258134722709656,0.002910526702180505,False,0.6434714620797497,2069.37890625,5226.51171875,4951.474609375,4951.474609375,237.52902221679688
109,images/0109_generated_none.png,generated_none,44994,0.0,899,False,0.32588064670562744,0.00042936450336128473,False,0.5508209538702111,2237.0283203125,4915.0478515625,4305.43212890625,4305.43212890625,287.36187744140625
110,images/0110_generated_none.png,generated_none,25246,0.0,504,False,0.2458365112543106,0.0002506835444364697,False,0.3670836591086787,3385.48095703125,6318.4375,5814.43701171875,5814.43701171875,206.39959716796875
111,images/0111_generated_none.png,generated_none,7772,0.0,155,False,0.24797822535037994,0.0006866839830763638,False,0.5297107114933541,1543.760498046875,4605.0810546875,4372.498046875,4372.498046875,257.2288513183594
112,images/0112_generated_none.png,generated_none,26246,0.0,524,False,0.2723589837551117,0.0003935979912057519,False,0.48358092259577795,2512.8603515625,5490.30712890625,5008.32421875,5008.32421875,221.83834838867188
113,images/0113_generated_none.png,generated_none,22701,0.0,454,False,0.22119349241256714,0.00025250803446397185,False,0.2986708365910868,2056.8876953125,4757.27880859375,4469.3828125,4469.3828125,201.06141662597656
114,images/0114_generated_none.png,generated_none,49555,0.0,991,False,0.2453739047050476,0.0006957908044569194,False,0.5289288506645817,1530.43017578125,4360.978515625,3891.541015625,3891.541015625,243.02423095703125
115,images/0115_generated_none.png,generated_none,47870,0.0,957,False,0.19218432903289795,0.0007863121572881937,False,0.3909304143862392,2007.5484619140625,4990.70947265625,4436.1181640625,4436.1181640625,237.8370819091797
116,images/0116_generated_none.png,generated_none,25050,0.0,501,False,0.23350654542446136,0.0006048879004083574,False,0.48162627052384677,2382.241943359375,5483.115234375,5037.2275390625,5037.2275390625,254.42031860351562
117,images/0117_generated_none.png,generated_none,10171,0.0,203,False,0.23813581466674805,0.0017167844343930483,False,0.6239249413604379,1704.4814453125,4793.7900390625,4424.8271484375,4424.8271484375,248.67349243164062
118,images/0118_generated_none.png,generated_none,38742,0.0,774,False,0.22273413836956024,0.0010118517093360424,False,0.5293197810789679,2233.9677734375,5189.740234375,4841.328125,4841.328125,255.6048126220703
119,images/0119_generated_none.png,generated_none,41763,0.0,835,False,0.290387898683548,0.002185968216508627,False,0.7302580140734949,1838.00634765625,4422.033203125,4216.0029296875,4216.0029296875,248.45640563964844
120,images/0120_generated_none.png,generated_none,26754,0.0,535,False,0.24482253193855286,0.0002677599841263145,False,0.3752931978107897,1882.454833984375,4536.8876953125,4193.275390625,4193.275390625,259.3388671875
121,images/0121_generated_none.png,generated_none,269,0.0,5,False,0.2319045215845108,0.0008418047800660133,False,0.524628616106333,577.2416381835938,3255.219482421875,2861.74560546875,2861.74560546875,314.1689453125
122,images/0122_generated_none.png,generated_none,12620,0.0,252,False,0.2600252032279968,0.0008007500437088311,False,0.5762314308053167,2056.715087890625,5232.40087890625,4691.1259765625,4691.1259765625,255.77191162109375
123,images/0123_generated_none.png,generated_none,44575,0.0,891,False,0.2571800947189331,0.0001230467314599082,False,0.34440969507427677,2664.955810546875,5325.65625,4844.2490234375,4844.2490234375,262.2403869628906
124,images/0124_generated_none.png,generated_none,39218,0.0,784,False,0.19454436004161835,0.000591289484873414,False,0.36317435496481626,3366.88720703125,6106.93701171875,5496.57470703125,5496.57470703125,235.45611572265625
125,images/0125_generated_none.png,generated_none,49160,0.0,983,False,0.20725750923156738,0.0006226798286661506,False,0.41164972634870994,381.06829833984375,3868.5224609375,3121.375,3121.375,351.84783935546875
126,images/0126_generated_none.png,generated_none,19577,0.0,391,False,0.2787611484527588,0.0008857654756866395,False,0.6266614542611415,2106.051513671875,4987.70703125,4752.4375,4752.4375,222.98495483398438
127,images/0127_generated_none.png,generated_none,34536,0.0,690,False,0.23222839832305908,0.0008722190395928919,False,0.5355746677091477,1536.536865234375,4398.0029296875,4157.697265625,4157.697265625,226.41009521484375
128,images/0128_generated_dot.png,generated_dot,34759,0.0,695,False,0.2966477870941162,0.0083355363458395,False,0.8053166536356529,2431.282958984375,5141.6708984375,4733.111328125,4733.111328125,238.76150512695312
129,images/0129_generated_dot.png,generated_dot,33300,0.0,666,False,0.19457846879959106,0.00019359767611604184,False,0.19272869429241593,2946.50537109375,5753.541015625,5241.8408203125,5241.8408203125,266.2502136230469
130,images/0130_generated_dot.png,generated_dot,34345,0.0,686,False,0.16524095833301544,0.0003031495143659413,False,0.1313526192337764,2354.7216796875,5270.78564453125,4696.111328125,4696.111328125,257.29779052734375
131,images/0131_generated_dot.png,generated_dot,15357,0.0,307,False,0.21231476962566376,0.0007588222506456077,False,0.45347928068803756,2091.027099609375,5300.1640625,4858.47900390625,4858.47900390625,277.9371643066406
132,images/0132_generated_dot.png,generated_dot,5944,0.0,118,False,0.19011791050434113,0.0007957044872455299,False,0.3752931978107897,1871.927490234375,4553.2490234375,4202.1123046875,4202.1123046875,213.15098571777344
133,images/0133_generated_dot.png,generated_dot,17372,0.0,347,False,0.2832473814487457,0.00018051757069770247,False,0.39014855355746675,2499.901123046875,5651.43896484375,5357.685546875,5357.685546875,234.86863708496094
134,images/0134_generated_dot.png,generated_dot,39617,0.0,792,False,0.19998224079608917,0.0016138316132128239,False,0.5191555903049258,3047.84765625,5388.236328125,4910.787109375,4910.787109375,228.35635375976562
135,images/0135_generated_dot.png,generated_dot,34249,0.0,684,False,0.27745524048805237,0.0003421622677706182,False,0.47263487099296325,2749.436767578125,5596.8193359375,4806.080078125,4806.080078125,216.5043182373047
136,images/0136_generated_dot.png,generated_dot,8651,0.0,173,False,0.2275058478116989,0.0018449058989062905,False,0.6047693510555121,2335.70703125,5149.06689453125,4818.89404296875,4818.89404296875,223.47471618652344
137,images/0137_generated_dot.png,generated_dot,24775,0.0,495,False,0.3133198022842407,0.0001568521256558597,False,0.4190774042220485,1792.0533447265625,4901.9423828125,4476.0283203125,4476.0283203125,239.81036376953125
138,images/0138_generated_dot.png,generated_dot,17876,0.0,357,False,0.16282305121421814,0.001935007981956005,False,0.3760750586395622,2275.2763671875,5043.8974609375,4706.2919921875,4706.2919921875,241.58816528320312
139,images/0139_generated_dot.png,generated_dot,49443,0.0,988,False,0.2857484817504883,0.0034657951910048723,False,0.7529319781078968,1694.5498046875,4343.56201171875,3863.46435546875,3863.46435546875,243.00421142578125
140,images/0140_generated_dot.png,generated_dot,48430,0.0,968,False,0.2662002444267273,0.0004589978198055178,False,0.5027365129007036,2466.90869140625,5329.2705078125,4831.90673828125,4831.90673828125,281.1467590332031
141,images/0141_generated_dot.png,generated_dot,25594,0.0,511,False,0.21760781109333038,0.00024081050651147962,False,0.28225175918686474,1851.4716796875,4773.99462890625,4470.69482421875,4470.69482421875,261.5788879394531
142,images/0142_generated_dot.png,generated_dot,27332,0.0,546,False,0.2507825195789337,0.0004514590254984796,False,0.47263487099296325,2064.56982421875,4862.771484375,4369.3701171875,4369.3701171875,282.7037658691406
143,images/0143_generated_dot.png,generated_dot,29097,0.0,581,False,0.22432775795459747,0.00030348263680934906,False,0.3444096950742768,3076.902587890625,5980.0751953125,5692.2421875,5692.2421875,211.3638916015625
144,images/0144_generated_dot.png,generated_dot,41998,0.0,839,False,0.1731044054031372,0.00015146886289585382,False,0.08600469116497263,2194.893798828125,5122.14453125,4644.32568359375,4644.32568359375,235.05589294433594
145,images/0145_generated_dot.png,generated_dot,6178,0.0,123,False,0.22379624843597412,0.00040082470513880253,False,0.3811571540265833,1248.0384521484375,4027.2529296875,3753.76416015625,3753.76416015625,230.53604125976562
146,images/0146_generated_dot.png,generated_dot,21603,0.0,432,False,0.23585578799247742,0.0002679582394193858,False,0.3526192337763878,2887.56298828125,5633.02001953125,5015.96533203125,5015.96533203125,240.0604705810547
147,images/0147_generated_dot.png,generated_dot,25185,0.0,503,False,0.2308262586593628,0.00020434134057722986,False,0.3017982799061767,2065.48046875,5116.6640625,4404.390625,4404.390625,286.43475341796875
148,images/0148_generated_dot.png,generated_dot,2431,0.0,48,False,0.2819741368293762,0.003989869728684425,False,0.7568412822517592,2043.08251953125,4855.396484375,4721.9736328125,4721.9736328125,219.39505004882812
149,images/0149_generated_dot.png,generated_dot,9216,0.0,184,False,0.17569853365421295,0.007036217954009771,False,0.49179046129788895,1964.3934326171875,5107.49462890625,4791.22265625,4791.22265625,225.4324188232422
150,images/0150_generated_dot.png,generated_dot,41841,0.0,836,False,0.22137700021266937,0.0004676337994169444,False,0.4022673964034402,2172.2666015625,4984.86962890625,4416.97509765625,4416.97509765625,331.7404479980469
151,images/0151_generated_dot.png,generated_dot,23771,0.0,475,False,0.2908141613006592,0.0009310509194619954,False,0.6548084440969507,2393.4423828125,5470.6640625,5085.298828125,5085.298828125,255.2306365966797
152,images/0152_generated_dot.png,generated_dot,28878,0.0,577,False,0.2436830699443817,0.0005691010737791657,False,0.4980453479280688,2273.841796875,4933.7529296875,4332.7138671875,4332.7138671875,315.0569763183594
153,images/0153_generated_dot.png,generated_dot,22433,0.0,448,False,0.21572737395763397,0.005816954653710127,False,0.6368256450351837,2015.5013427734375,4738.24609375,4313.7607421875,4313.7607421875,236.9844207763672
154,images/0154_generated_dot.png,generated_dot,6415,0.0,128,False,0.3043855130672455,0.0009144683135673404,False,0.6626270523846756,2532.25341796875,5792.13720703125,5001.74609375,5001.74609375,204.9387969970703
155,images/0155_generated_dot.png,generated_dot,28672,0.0,573,False,0.2333868145942688,0.0002945673477370292,False,0.3631743549648163,1245.143798828125,4140.9677734375,3944.405029296875,3944.405029296875,254.54713439941406
156,images/0156_generated_dot.png,generated_dot,3648,0.0,72,False,0.2097506821155548,0.0014724323991686106,False,0.5351837372947615,1624.34912109375,4970.7294921875,4514.705078125,4514.705078125,252.8197479248047
157,images/0157_generated_dot.png,generated_dot,35074,0.0,701,False,0.23936253786087036,0.0004572877660393715,False,0.4503518373729476,2567.2255859375,6079.5625,5327.9755859375,5327.9755859375,259.5578918457031
158,images/0158_generated_dot.png,generated_dot,2831,0.0,56,False,0.26331502199172974,0.0002271563425892964,False,0.3831118060985145,1944.08154296875,4589.38134765625,4309.52197265625,4309.52197265625,203.73484802246094
159,images/0159_generated_dot.png,generated_dot,26200,0.0,524,False,0.20030942559242249,0.00036737878690473735,False,0.3127443315089914,2237.624755859375,5215.0712890625,4725.126953125,4725.126953125,219.0403594970703
160,images/0160_generated_dot.png,generated_dot,2460,0.0,49,False,0.21284587681293488,0.0006250128499232233,False,0.428068803752932,1784.232421875,4770.8779296875,4558.2626953125,4558.2626953125,218.34317016601562
161,images/0161_generated_dot.png,generated_dot,17912,0.0,358,False,0.2633231580257416,0.0028828512877225876,False,0.7075840500390931,2648.43115234375,5303.07177734375,5025.72314453125,5025.72314453125,236.64834594726562
162,images/0162_generated_dot.png,generated_dot,41921,0.0,838,False,0.2550903856754303,0.0006340224645100534,False,0.5355746677091477,2689.97705078125,5241.8466796875,4503.8408203125,4503.8408203125,375.60394287109375
163,images/0163_generated_dot.png,generated_dot,7590,0.0,151,False,0.216091588139534,0.0008532078354619443,False,0.4890539483971853,1608.906982421875,4516.8134765625,4272.384765625,4272.384765625,300.1904602050781
164,images/0164_generated_dot.png,generated_dot,28201,0.0,564,False,0.20898549258708954,0.00017438616487197578,False,0.23260359655981236,2043.9073486328125,5046.7841796875,4816.9375,4816.9375,238.26211547851562
165,images/0165_generated_dot.png,generated_dot,4000,0.0,80,False,0.21187342703342438,0.0008734665461815894,False,0.4827990617670055,1637.351806640625,4777.912109375,4418.6015625,4418.6015625,248.47210693359375
166,images/0166_generated_dot.png,generated_dot,22029,0.0,440,False,0.19015638530254364,0.0002637059660628438,False,0.2001563721657545,2449.677734375,5296.796875,4889.1337890625,4889.1337890625,225.8375244140625
167,images/0167_generated_dot.png,generated_dot,48840,0.0,976,False,0.20873267948627472,0.000296367215923965,False,0.29749804534792806,1887.7001953125,5389.2958984375,4896.32470703125,4896.32470703125,254.03428649902344
168,images/0168_generated_dot.png,generated_dot,32482,0.0,649,False,0.2790747582912445,0.001543926540762186,False,0.6888193901485535,1498.9114990234375,4567.1865234375,4142.4033203125,4142.4033203125,250.4988250732422
169,images/0169_generated_dot.png,generated_dot,27047,0.0,540,False,0.22756750881671906,0.0002541055728215724,False,0.32095387021110244,1690.7459716796875,5109.39013671875,4525.3896484375,4525.3896484375,242.0852508544922
170,images/0170_generated_dot.png,generated_dot,33393,0.0,667,False,0.26435744762420654,0.0006108226370997727,False,0.5457388584831899,2243.433837890625,4999.107421875,4527.828125,4527.828125,314.64727783203125
171,images/0171_generated_dot.png,generated_dot,19369,0.0,387,False,0.2537384331226349,0.001130628865212202,False,0.6196247068021892,2468.8984375,5112.62890625,4868.234375,4868.234375,210.60330200195312
172,images/0172_generated_dot.png,generated_dot,10075,0.0,201,False,0.2296188771724701,0.0027821643743664026,False,0.6325254104769351,2199.491943359375,5356.625,5080.0517578125,5080.0517578125,236.01307678222656
173,images/0173_generated_dot.png,generated_dot,44994,0.0,899,False,0.3377152383327484,0.0004747977654915303,False,0.5738858483189992,2889.986328125,5568.005859375,4957.5673828125,4957.5673828125,285.654296875
174,images/0174_generated_dot.png,generated_dot,25246,0.0,504,False,0.2590080201625824,0.00024936447152867913,False,0.3858483189992182,3015.861328125,5948.81787109375,5439.1357421875,5439.1357421875,199.75454711914062
175,images/0175_generated_dot.png,generated_dot,7772,0.0,155,False,0.24223455786705017,0.0007209276081994176,False,0.5238467552775606,1640.9259033203125,4702.24609375,4466.2158203125,4466.2158203125,253.35336303710938
176,images/0176_generated_dot.png,generated_dot,26246,0.0,524,False,0.2820383310317993,0.0003720447712112218,False,0.4898358092259578,2306.41845703125,5283.865234375,4797.400390625,4797.400390625,217.75782775878906
177,images/0177_generated_dot.png,generated_dot,22701,0.0,454,False,0.2213488519191742,0.00026083426200784743,False,0.3037529319781079,2006.567626953125,4706.958984375,4416.0771484375,4416.0771484375,198.6085968017578
178,images/0178_generated_dot.png,generated_dot,49555,0.0,991,False,0.24346236884593964,0.000688802101649344,False,0.5203283815480844,1603.664794921875,4434.21337890625,3959.954833984375,3959.954833984375,238.84722900390625
179,images/0179_generated_dot.png,generated_dot,47870,0.0,957,False,0.1951792985200882,0.0009182853391394019,False,0.44136043784206413,1814.905029296875,4798.06640625,4235.03125,4235.03125,231.31576538085938
180,images/0180_generated_dot.png,generated_dot,25050,0.0,501,False,0.23059645295143127,0.0006030047661624849,False,0.47146207974980453,2347.890869140625,5448.763671875,4986.173828125,4986.173828125,251.29112243652344
181,images/0181_generated_dot.png,generated_dot,10171,0.0,203,False,0.23560525476932526,0.001597704249434173,False,0.6141516810007819,1834.60546875,4923.9140625,4552.28515625,4552.28515625,238.14889526367188
182,images/0182_generated_dot.png,generated_dot,38742,0.0,774,False,0.21632149815559387,0.0009103759657591581,False,0.5031274433150899,2360.704833984375,5316.4775390625,4965.7294921875,4965.7294921875,257.3156433105469
183,images/0183_generated_dot.png,generated_dot,41763,0.0,835,False,0.29988035559654236,0.0019130196887999773,False,0.7333854573885847,1916.6646728515625,4500.69140625,4281.7529296875,4281.7529296875,233.91806030273438
184,images/0184_generated_dot.png,generated_dot,26754,0.0,535,False,0.24919919669628143,0.00027036198298446834,False,0.3854573885848319,1965.976806640625,4620.41015625,4273.654296875,4273.654296875,255.25494384765625
185,images/0185_generated_dot.png,generated_dot,269,0.0,5,False,0.21533571183681488,0.000716537528205663,False,0.45426114151681,1412.580810546875,4090.55859375,3685.5458984375,3685.5458984375,304.6604309082031
186,images/0186_generated_dot.png,generated_dot,12620,0.0,252,False,0.2643129229545593,0.0008152553928084671,False,0.5871774824081314,1999.27685546875,5174.962890625,4629.73681640625,4629.73681640625,257.8915710449219
187,images/0187_generated_dot.png,generated_dot,44575,0.0,891,False,0.25537848472595215,0.00011082601849921048,False,0.34128225175918686,2923.8037109375,5584.50390625,5089.455078125,5089.455078125,242.80789184570312
188,images/0188_generated_dot.png,generated_dot,39218,0.0,784,False,0.19559034705162048,0.0005882225814275444,False,0.3670836591086787,3279.31787109375,6019.36767578125,5410.7568359375,5410.7568359375,229.0435333251953
189,images/0189_generated_dot.png,generated_dot,49160,0.0,983,False,0.23824259638786316,0.0005505370791070163,False,0.47537138389366695,1506.80029296875,4994.25439453125,4234.20654296875,4234.20654296875,345.181640625
190,images/0190_generated_dot.png,generated_dot,19577,0.0,391,False,0.281863272190094,0.0008629524963907897,False,0.6254886630179828,2004.861328125,4886.51708984375,4646.5556640625,4646.5556640625,221.38519287109375
191,images/0191_generated_dot.png,generated_dot,34536,0.0,690,False,0.23246291279792786,0.0008355200989171863,False,0.5258014073494918,1638.4283447265625,4499.89404296875,4256.626953125,4256.626953125,223.6838836669922
192,images/0192_generated_direct.png,generated_direct,34759,0.0,695,False,0.29517456889152527,0.008256561122834682,False,0.8037529319781078,2487.4326171875,5197.8203125,4801.63134765625,4801.63134765625,231.84527587890625
193,images/0193_generated_direct.png,generated_direct,33300,0.0,666,False,0.20000983774662018,0.0002033459604717791,False,0.21892103205629398,2935.883544921875,5742.9189453125,5244.34423828125,5244.34423828125,272.1219482421875
194,images/0194_generated_direct.png,generated_direct,34345,0.0,686,False,0.16342753171920776,0.0002897338126786053,False,0.11063330727130571,2388.968994140625,5305.033203125,4751.931640625,4751.931640625,256.397705078125
195,images/0195_generated_direct.png,generated_direct,15357,0.0,307,False,0.21082307398319244,0.0006943403859622777,False,0.4354964816262705,2124.31884765625,5333.4560546875,4903.8291015625,4903.8291015625,275.97906494140625
196,images/0196_generated_direct.png,generated_direct,5944,0.0,118,False,0.1920105516910553,0.0007626311271451414,False,0.3835027365129007,1890.659423828125,4571.98095703125,4227.6767578125,4227.6767578125,213.41964721679688
197,images/0197_generated_direct.png,generated_direct,17372,0.0,347,False,0.28346073627471924,0.00018577961600385606,False,0.39288506645817045,2573.00927734375,5724.546875,5435.103515625,5435.103515625,233.0740203857422
198,images/0198_generated_direct.png,generated_direct,39617,0.0,792,False,0.20104700326919556,0.0016540865181013942,False,0.5258014073494919,3067.74072265625,5408.12939453125,4936.712890625,4936.712890625,228.1370086669922
199,images/0199_generated_direct.png,generated_direct,34249,0.0,684,False,0.27717873454093933,0.000323485117405653,False,0.4620797498045348,2797.51025390625,5644.892578125,4867.888671875,4867.888671875,217.01141357421875
200,images/0200_generated_direct.png,generated_direct,8651,0.0,173,False,0.2384105771780014,0.0022279208060353994,False,0.6422986708365911,2333.1044921875,5146.46435546875,4828.287109375,4828.287109375,225.43873596191406
201,images/0201_generated_direct.png,generated_direct,24775,0.0,495,False,0.31991976499557495,0.00016896148736122996,False,0.4222048475371384,1852.046630859375,4961.935546875,4553.97021484375,4553.97021484375,236.77879333496094
202,images/0202_generated_direct.png,generated_direct,17876,0.0,357,False,0.16403625905513763,0.0019396741408854723,False,0.37920250195465205,2280.59130859375,5049.21240234375,4718.5341796875,4718.5341796875,249.55519104003906
203,images/0203_generated_direct.png,generated_direct,49443,0.0,988,False,0.2883246839046478,0.0027525443583726883,False,0.740031274433151,1695.74658203125,4344.7587890625,3875.9189453125,3875.9189453125,243.1037139892578
204,images/0204_generated_direct.png,generated_direct,48430,0.0,968,False,0.27268484234809875,0.0004605996946338564,False,0.5109460516028147,2383.592529296875,5245.9541015625,4763.4482421875,4763.4482421875,292.2776794433594
205,images/0205_generated_direct.png,generated_direct,25594,0.0,511,False,0.2190491259098053,0.00023286370560526848,False,0.2842064112587959,1892.6064453125,4815.12939453125,4527.56494140625,4527.56494140625,258.4529724121094
206,images/0206_generated_direct.png,generated_direct,27332,0.0,546,False,0.24793855845928192,0.0004297803097870201,False,0.45817044566067244,2156.98779296875,4955.189453125,4478.4912109375,4478.4912109375,280.5093078613281
207,images/0207_generated_direct.png,generated_direct,29097,0.0,581,False,0.22896841168403625,0.0003014650719705969,False,0.35379202501954654,3050.06787109375,5953.24072265625,5676.91650390625,5676.91650390625,215.1929931640625
208,images/0208_generated_direct.png,generated_direct,41998,0.0,839,False,0.173320010304451,0.00014272038242779672,False,0.0856137607505864,2255.958984375,5183.20947265625,4717.7021484375,4717.7021484375,233.4375762939453
209,images/0209_generated_direct.png,generated_direct,6178,0.0,123,False,0.22042864561080933,0.00039675997686572373,False,0.37099296325254105,1245.971923828125,4025.186279296875,3759.51318359375,3759.51318359375,235.0681610107422
210,images/0210_generated_direct.png,generated_direct,21603,0.0,432,False,0.2418643683195114,0.00026560903643257916,False,0.36356528537920246,2949.939453125,5695.396484375,5090.279296875,5090.279296875,238.21673583984375
211,images/0211_generated_direct.png,generated_direct,25185,0.0,503,False,0.23564650118350983,0.00021878474217373878,False,0.32212666145426117,2012.5867919921875,5063.7705078125,4370.009765625,4370.009765625,290.8175048828125
212,images/0212_generated_direct.png,generated_direct,2431,0.0,48,False,0.2818152606487274,0.0040719048120081425,False,0.7587959343236904,2055.051513671875,4867.365234375,4739.78125,4739.78125,218.80502319335938
213,images/0213_generated_direct.png,generated_direct,9216,0.0,184,False,0.17758309841156006,0.007011613342911005,False,0.49609069585613763,1979.21337890625,5122.314453125,4821.5615234375,4821.5615234375,228.33619689941406
214,images/0214_generated_direct.png,generated_direct,41841,0.0,836,False,0.21375823020935059,0.00045613900874741375,False,0.38232994526974196,2145.942138671875,4958.544921875,4402.8642578125,4402.8642578125,336.454833984375
215,images/0215_generated_direct.png,generated_direct,23771,0.0,475,False,0.2880784273147583,0.0008529355400241911,False,0.6321344800625489,2395.512451171875,5472.734375,5111.419921875,5111.419921875,265.3736572265625
216,images/0216_generated_direct.png,generated_direct,28878,0.0,577,False,0.23914854228496552,0.0005681216134689748,False,0.4839718530101642,2328.992919921875,4988.904296875,4403.513671875,4403.513671875,313.73883056640625
217,images/0217_generated_direct.png,generated_direct,22433,0.0,448,False,0.22635051608085632,0.00561995804309845,False,0.6622361219702892,2067.745361328125,4790.490234375,4375.05078125,4375.05078125,233.39195251464844
218,images/0218_generated_direct.png,generated_direct,6415,0.0,128,False,0.2924567759037018,0.0008627944043837488,False,0.6419077404222049,2580.10546875,5839.9892578125,5064.4140625,5064.4140625,208.12179565429688
219,images/0219_generated_direct.png,generated_direct,28672,0.0,573,False,0.23657435178756714,0.00031285997829400003,False,0.3846755277560594,1318.769775390625,4214.59375,4035.88525390625,4035.88525390625,250.3041229248047
220,images/0220_generated_direct.png,generated_direct,3648,0.0,72,False,0.20915327966213226,0.0013248547911643982,False,0.5218921032056294,1658.803955078125,5005.1845703125,4560.81591796875,4560.81591796875,253.42013549804688
221,images/0221_generated_direct.png,generated_direct,35074,0.0,701,False,0.2336440086364746,0.00032521079992875457,False,0.3842845973416732,2647.064453125,6159.4013671875,5429.23291015625,5429.23291015625,252.47012329101562
222,images/0222_generated_direct.png,generated_direct,2831,0.0,56,False,0.26131731271743774,0.00021635135635733604,False,0.3721657544956998,1983.948974609375,4629.2490234375,4357.8125,4357.8125,202.90335083007812
223,images/0223_generated_direct.png,generated_direct,26200,0.0,524,False,0.1949116438627243,0.0003589488915167749,False,0.2869429241594996,2270.6640625,5248.11083984375,4768.5458984375,4768.5458984375,218.5947723388672
224,images/0224_generated_direct.png,generated_direct,2460,0.0,49,False,0.2131320983171463,0.0006340570980682969,False,0.4323690383111806,1812.2451171875,4798.890625,4593.6083984375,4593.6083984375,218.85040283203125
225,images/0225_generated_direct.png,generated_direct,17912,0.0,358,False,0.26788070797920227,0.0029030696023255587,False,0.7146207974980454,2691.1611328125,5345.8017578125,5073.13720703125,5073.13720703125,231.96847534179688
226,images/0226_generated_direct.png,generated_direct,41921,0.0,838,False,0.24423813819885254,0.0006031590164639056,False,0.5089913995308835,2662.5390625,5214.4091796875,4481.6591796875,4481.6591796875,383.4044189453125
227,images/0227_generated_direct.png,generated_direct,7590,0.0,151,False,0.20407894253730774,0.0008740981575101614,False,0.4609069585613761,1634.316162109375,4542.22265625,4316.048828125,4316.048828125,304.9331359863281
228,images/0228_generated_direct.png,generated_direct,28201,0.0,564,False,0.20582903921604156,0.000174866130691953,False,0.2240031274433151,2066.17724609375,5069.0537109375,4847.4306640625,4847.4306640625,237.79054260253906
229,images/0229_generated_direct.png,generated_direct,4000,0.0,80,False,0.19719211757183075,0.001153176766820252,False,0.4730258014073495,1755.26513671875,4895.82568359375,4565.79638671875,4565.79638671875,234.85211181640625
230,images/0230_generated_direct.png,generated_direct,22029,0.0,440,False,0.18806228041648865,0.0002606445341371,False,0.18491008600469117,2477.47802734375,5324.59716796875,4925.0009765625,4925.0009765625,224.1190185546875
231,images/0231_generated_direct.png,generated_direct,48840,0.0,976,False,0.20932014286518097,0.0002973570954054594,False,0.30062548866301797,1918.692626953125,5420.28857421875,4935.84033203125,4935.84033203125,254.1282958984375
232,images/0232_generated_direct.png,generated_direct,32482,0.0,649,False,0.2808572053909302,0.001551108667626977,False,0.6915559030492573,1484.145263671875,4552.419921875,4138.71484375,4138.71484375,253.30825805664062
233,images/0233_generated_direct.png,generated_direct,27047,0.0,540,False,0.23080399632453918,0.0002546657051425427,False,0.3311180609851446,1768.0028076171875,5186.64697265625,4612.673828125,4612.673828125,239.16839599609375
234,images/0234_generated_direct.png,generated_direct,33393,0.0,667,False,0.258727490901947,0.0006179123884066939,False,0.5359655981235341,2283.21142578125,5038.884765625,4587.6484375,4587.6484375,317.50909423828125
235,images/0235_generated_direct.png,generated_direct,19369,0.0,387,False,0.24664919078350067,0.0011258760932832956,False,0.6043784206411258,2520.81884765625,5164.5498046875,4927.0966796875,4927.0966796875,210.35321044921875
236,images/0236_generated_direct.png,generated_direct,10075,0.0,201,False,0.2322821170091629,0.0028420262970030308,False,0.6403440187646599,2244.63232421875,5401.76513671875,5132.1142578125,5132.1142578125,232.86753845214844
237,images/0237_generated_direct.png,generated_direct,44994,0.0,899,False,0.34868288040161133,0.00047169390018098056,False,0.5746677091477717,2842.71044921875,5520.72998046875,4927.107421875,4927.107421875,297.23284912109375
238,images/0238_generated_direct.png,generated_direct,25246,0.0,504,False,0.2578229010105133,0.0002470190229360014,False,0.3815480844409695,3041.14453125,5974.10107421875,5473.88037109375,5473.88037109375,202.53895568847656
239,images/0239_generated_direct.png,generated_direct,7772,0.0,155,False,0.24349918961524963,0.0007599806995131075,False,0.5371383893666928,1699.850830078125,4761.1708984375,4534.06787109375,4534.06787109375,254.40838623046875
240,images/0240_generated_direct.png,generated_direct,26246,0.0,524,False,0.28323665261268616,0.0003729171585291624,False,0.491790461297889,2318.467041015625,5295.9140625,4818.83984375,4818.83984375,217.69314575195312
241,images/0241_generated_direct.png,generated_direct,22701,0.0,454,False,0.2188962697982788,0.00025965648819692433,False,0.2986708365910868,2001.9781494140625,4702.369140625,4417.15478515625,4417.15478515625,199.55520629882812
242,images/0242_generated_direct.png,generated_direct,49555,0.0,991,False,0.24141372740268707,0.0007087678532116115,False,0.5203283815480845,1617.9346923828125,4448.4833984375,3982.59375,3982.59375,237.184326171875
243,images/0243_generated_direct.png,generated_direct,47870,0.0,957,False,0.20112405717372894,0.0008470454486086965,False,0.4468334636434715,1900.482177734375,4883.6435546875,4330.6201171875,4330.6201171875,229.7058563232422
244,images/0244_generated_direct.png,generated_direct,25050,0.0,501,False,0.23009459674358368,0.0005774856545031071,False,0.46364347146207974,2364.118896484375,5464.9921875,5017.0126953125,5017.0126953125,251.94952392578125
245,images/0245_generated_direct.png,generated_direct,10171,0.0,203,False,0.237923264503479,0.001675279694609344,False,0.6227521501172791,1818.4893798828125,4907.79833984375,4543.5849609375,4543.5849609375,239.8043670654297
246,images/0246_generated_direct.png,generated_direct,38742,0.0,774,False,0.21516169607639313,0.0008332149591296911,False,0.48045347928068804,2437.40380859375,5393.1767578125,5062.57470703125,5062.57470703125,251.32579040527344
247,images/0247_generated_direct.png,generated_direct,41763,0.0,835,False,0.3018675744533539,0.0019331426592543721,False,0.7349491790461298,1934.02294921875,4518.0498046875,4312.28515625,4312.28515625,234.33135986328125
248,images/0248_generated_direct.png,generated_direct,26754,0.0,535,False,0.25010034441947937,0.0002809705911204219,False,0.3924941360437842,1953.19482421875,4607.6279296875,4269.06298828125,4269.06298828125,257.5066223144531
249,images/0249_generated_direct.png,generated_direct,269,0.0,5,False,0.21865709125995636,0.0008253008127212524,False,0.4839718530101642,1415.7242431640625,4093.7021484375,3698.391845703125,3698.391845703125,310.6526184082031
250,images/0250_generated_direct.png,generated_direct,12620,0.0,252,False,0.2754068970680237,0.0008530497434549034,False,0.6129788897576232,2040.997802734375,5216.68359375,4684.41796875,4684.41796875,255.76992797851562
251,images/0251_generated_direct.png,generated_direct,44575,0.0,891,False,0.2535156011581421,0.00013975832553114742,False,0.34128225175918686,2843.20703125,5503.9072265625,5032.3720703125,5032.3720703125,274.0609436035156
252,images/0252_generated_direct.png,generated_direct,39218,0.0,784,False,0.19607780873775482,0.0006643677479587495,False,0.3831118060985145,3332.294677734375,6072.3447265625,5477.6650390625,5477.6650390625,228.7764892578125
253,images/0253_generated_direct.png,generated_direct,49160,0.0,983,False,0.24419744312763214,0.0005215564742684364,False,0.48514464425332293,1482.192626953125,4969.646484375,4227.623046875,4227.623046875,339.6407775878906
254,images/0254_generated_direct.png,generated_direct,19577,0.0,391,False,0.27902281284332275,0.0008483696728944778,False,0.6153244722439406,2031.4541015625,4913.10986328125,4681.748046875,4681.748046875,221.00335693359375
255,images/0255_generated_direct.png,generated_direct,34536,0.0,690,False,0.23240557312965393,0.0008162186131812632,False,0.5203283815480845,1681.94287109375,4543.40869140625,4306.2373046875,4306.2373046875,220.58154296875
256,images/0256_real_corrupt_0.25.png,real_corrupt_0.25,34759,0.25,695,False,0.3018312454223633,0.001197011792100966,False,0.6892103205629398,-8232.5478515625,-5522.16015625,-5769.033203125,-5769.033203125,339.3846130371094
257,images/0257_real_corrupt_0.25.png,real_corrupt_0.25,33300,0.25,666,False,0.4172505736351013,0.23145820200443268,True,0.9225957779515246,-10921.140625,-8114.10498046875,-8753.916015625,-8753.916015625,386.5919189453125
258,images/0258_real_corrupt_0.25.png,real_corrupt_0.25,34345,0.25,686,False,0.45458921790122986,0.005794015247374773,False,0.8573103987490227,-1519.994140625,1396.06982421875,847.191162109375,847.191162109375,191.1158447265625
259,images/0259_real_corrupt_0.25.png,real_corrupt_0.25,15357,0.25,307,False,0.4123668074607849,0.3137620985507965,True,0.9272869429241595,-4555.771484375,-1346.63427734375,-1796.276611328125,-1796.276611328125,236.59445190429688
260,images/0260_real_corrupt_0.25.png,real_corrupt_0.25,5944,0.25,118,False,0.5839655995368958,0.30736905336380005,True,0.9679437060203284,-3867.22216796875,-1185.900634765625,-1520.341064453125,-1520.341064453125,235.3007354736328
261,images/0261_real_corrupt_0.25.png,real_corrupt_0.25,17372,0.25,347,False,0.3695482909679413,0.02048591524362564,False,0.8604378420641126,-3134.54443359375,16.993408203125,-258.286865234375,-258.286865234375,202.71932983398438
262,images/0262_real_corrupt_0.25.png,real_corrupt_0.25,39617,0.25,792,False,0.2713949680328369,0.002938417252153158,False,0.7200938232994527,-1274.676513671875,1065.712158203125,603.1195068359375,603.1195068359375,181.27137756347656
263,images/0263_real_corrupt_0.25.png,real_corrupt_0.25,34249,0.25,684,False,0.26592665910720825,0.18771329522132874,True,0.8260359655981235,-2918.30029296875,-70.91796875,-816.0794677734375,-816.0794677734375,236.82081604003906
264,images/0264_real_corrupt_0.25.png,real_corrupt_0.25,8651,0.25,173,False,0.3721197247505188,0.07533850520849228,True,0.8870211102423768,-3975.89453125,-1162.53466796875,-1463.654052734375,-1463.654052734375,251.11927795410156
265,images/0265_real_corrupt_0.25.png,real_corrupt_0.25,24775,0.25,495,False,0.23892425000667572,0.0016556429909542203,False,0.6243158717748241,-3042.19970703125,67.689453125,-383.6668395996094,-383.6668395996094,217.08399963378906
266,images/0266_real_corrupt_0.25.png,real_corrupt_0.25,17876,0.25,357,False,0.3740120232105255,0.67581707239151,True,0.9304143862392493,-2990.123779296875,-221.502685546875,-525.6066284179688,-525.6066284179688,202.1767120361328
267,images/0267_real_corrupt_0.25.png,real_corrupt_0.25,49443,0.25,988,False,0.20311638712882996,0.09099339693784714,False,0.6684910086004692,-4483.78369140625,-1834.771484375,-2443.849609375,-2443.849609375,272.2325744628906
268,images/0268_real_corrupt_0.25.png,real_corrupt_0.25,48430,0.25,968,False,0.4579629600048065,0.0024627656675875187,False,0.8131352619233776,-190.07571411132812,2672.285888671875,2173.737060546875,2173.737060546875,142.30072021484375
269,images/0269_real_corrupt_0.25.png,real_corrupt_0.25,25594,0.25,511,False,0.5064521431922913,0.05139283835887909,False,0.9225957779515246,-3155.331298828125,-232.808349609375,-535.50634765625,-535.50634765625,225.56564331054688
270,images/0270_real_corrupt_0.25.png,real_corrupt_0.25,27332,0.25,546,False,0.3299371302127838,0.23819486796855927,True,0.8944487881157155,-4241.95068359375,-1443.749267578125,-1962.432861328125,-1962.432861328125,262.9361877441406
271,images/0271_real_corrupt_0.25.png,real_corrupt_0.25,29097,0.25,581,False,0.43050289154052734,0.004397010896354914,False,0.8405003909304143,-1828.69921875,1074.4736328125,717.11181640625,717.11181640625,197.2593536376953
272,images/0272_real_corrupt_0.25.png,real_corrupt_0.25,41998,0.25,839,False,0.2514904737472534,0.005864346865564585,False,0.7275215011727912,-4150.46044921875,-1223.2099609375,-1725.468994140625,-1725.468994140625,250.6100311279297
273,images/0273_real_corrupt_0.25.png,real_corrupt_0.25,6178,0.25,123,False,0.3022875189781189,0.22383525967597961,True,0.8737294761532448,-2898.27099609375,-119.056640625,-418.9901123046875,-418.9901123046875,181.80462646484375
274,images/0274_real_corrupt_0.25.png,real_corrupt_0.25,21603,0.25,432,False,0.27309057116508484,0.01931137964129448,False,0.7943706020328382,-2629.79052734375,115.66650390625,-505.5804443359375,-505.5804443359375,227.35614013671875
275,images/0275_real_corrupt_0.25.png,real_corrupt_0.25,25185,0.25,503,False,0.27133315801620483,0.40014225244522095,True,0.8475371383893666,-5652.92333984375,-2601.73974609375,-3303.75048828125,-3303.75048828125,285.1523742675781
276,images/0276_real_corrupt_0.25.png,real_corrupt_0.25,2431,0.25,48,False,0.3167950510978699,0.04226737096905708,True,0.8608287724784989,-2337.3388671875,474.974853515625,289.734619140625,289.734619140625,183.90316772460938
277,images/0277_real_corrupt_0.25.png,real_corrupt_0.25,9216,0.25,184,False,0.2874552011489868,0.0008796664187684655,False,0.6376075058639563,-3320.748046875,-177.64697265625,-568.6878662109375,-568.6878662109375,209.79132080078125
278,images/0278_real_corrupt_0.25.png,real_corrupt_0.25,41841,0.25,836,False,0.2395549714565277,0.10798116773366928,False,0.767787333854574,-2510.65966796875,301.943359375,-305.74749755859375,-305.74749755859375,218.09283447265625
279,images/0279_real_corrupt_0.25.png,real_corrupt_0.25,23771,0.25,475,False,0.2349402904510498,0.05524003505706787,False,0.7443315089913995,-3575.182373046875,-497.960693359375,-908.5728759765625,-908.5728759765625,232.19168090820312
280,images/0280_real_corrupt_0.25.png,real_corrupt_0.25,28878,0.25,577,False,0.40209800004959106,0.44009044766426086,True,0.931587177482408,-2989.259521484375,-329.348388671875,-936.5512084960938,-936.5512084960938,236.97808837890625
281,images/0281_real_corrupt_0.25.png,real_corrupt_0.25,22433,0.25,448,False,0.26844191551208496,0.5331476926803589,True,0.8534010946051602,-2347.80517578125,374.939453125,-44.38270568847656,-44.38270568847656,206.0965576171875
282,images/0282_real_corrupt_0.25.png,real_corrupt_0.25,6415,0.25,128,False,0.3108399212360382,0.48984086513519287,True,0.9010946051602815,-3095.19580078125,164.68798828125,-646.7277221679688,-646.7277221679688,215.06198120117188
283,images/0283_real_corrupt_0.25.png,real_corrupt_0.25,28672,0.25,573,False,0.4262734353542328,0.007149281445890665,False,0.8580922595777951,-3399.964599609375,-504.140380859375,-752.7537841796875,-752.7537841796875,238.3390655517578
284,images/0284_real_corrupt_0.25.png,real_corrupt_0.25,3648,0.25,72,False,0.5089474320411682,0.32157203555107117,True,0.9562157935887412,-4221.6201171875,-875.23974609375,-1279.6953125,-1279.6953125,241.3939971923828
285,images/0285_real_corrupt_0.25.png,real_corrupt_0.25,35074,0.25,701,False,0.7511006593704224,0.4814141094684601,True,0.9863174354964817,-5196.3017578125,-1683.965087890625,-2423.90087890625,-2423.90087890625,262.0476989746094
286,images/0286_real_corrupt_0.25.png,real_corrupt_0.25,2831,0.25,56,False,0.5313341021537781,0.13152958452701569,False,0.9491790461297889,-2814.122314453125,-168.822509765625,-436.6162109375,-436.6162109375,209.49822998046875
287,images/0287_real_corrupt_0.25.png,real_corrupt_0.25,26200,0.25,524,False,0.2519170641899109,0.003111207392066717,False,0.6942924159499609,-4334.3974609375,-1356.95068359375,-1879.638671875,-1879.638671875,261.0599365234375
288,images/0288_real_corrupt_0.25.png,real_corrupt_0.25,2460,0.25,49,False,0.2730206549167633,0.011101366020739079,False,0.782642689601251,-2616.26611328125,370.379638671875,111.66934967041016,111.66934967041016,184.91273498535156
289,images/0289_real_corrupt_0.25.png,real_corrupt_0.25,17912,0.25,358,False,0.5626986026763916,0.05275575816631317,False,0.9343236903831118,-4191.86767578125,-1537.22705078125,-1805.0126953125,-1805.0126953125,254.4398956298828
290,images/0290_real_corrupt_0.25.png,real_corrupt_0.25,41921,0.25,838,False,0.29340824484825134,0.22424979507923126,False,0.8651290070367474,-3266.738037109375,-714.8681640625,-1424.8814697265625,-1424.8814697265625,232.47708129882812
291,images/0291_real_corrupt_0.25.png,real_corrupt_0.25,7590,0.25,151,False,0.2800775468349457,0.003951806575059891,False,0.7544956997654417,-3716.87841796875,-808.971923828125,-1119.841552734375,-1119.841552734375,231.5326385498047
292,images/0292_real_corrupt_0.25.png,real_corrupt_0.25,28201,0.25,564,False,0.31448623538017273,0.00486753648146987,False,0.8002345582486318,-2519.74072265625,483.135986328125,206.24465942382812,206.24465942382812,205.67007446289062
293,images/0293_real_corrupt_0.25.png,real_corrupt_0.25,4000,0.25,80,False,0.2841247618198395,0.4400094151496887,True,0.8678655199374511,-3063.21142578125,77.34912109375,-291.4261474609375,-291.4261474609375,193.6482696533203
294,images/0294_real_corrupt_0.25.png,real_corrupt_0.25,22029,0.25,440,False,0.29021450877189636,0.033341169357299805,False,0.8338545738858483,-1918.219482421875,928.899658203125,518.5560302734375,518.5560302734375,187.75331115722656
295,images/0295_real_corrupt_0.25.png,real_corrupt_0.25,48840,0.25,976,False,0.22957415878772736,0.10301602631807327,True,0.7412040656763097,-3560.67138671875,-59.075439453125,-621.234619140625,-621.234619140625,205.41213989257812
296,images/0296_real_corrupt_0.25.png,real_corrupt_0.25,32482,0.25,649,False,0.1931326687335968,0.009916179813444614,False,0.5801407349491791,-3298.578125,-230.30322265625,-685.4334106445312,-685.4334106445312,223.2060546875
297,images/0297_real_corrupt_0.25.png,real_corrupt_0.25,27047,0.25,540,False,0.24734193086624146,0.48306915163993835,True,0.815480844409695,-3729.884765625,-311.240478515625,-910.5470581054688,-910.5470581054688,212.64381408691406
298,images/0298_real_corrupt_0.25.png,real_corrupt_0.25,33393,0.25,667,False,0.3021174967288971,0.0012079747393727303,False,0.6903831118060986,-4210.318359375,-1454.64501953125,-1879.548583984375,-1879.548583984375,254.9005126953125
299,images/0299_real_corrupt_0.25.png,real_corrupt_0.25,19369,0.25,387,False,0.44598954916000366,0.5101030468940735,True,0.955824863174355,-3296.5283203125,-652.797607421875,-918.3990478515625,-918.3990478515625,219.1522979736328
300,images/0300_real_corrupt_0.25.png,real_corrupt_0.25,10075,0.25,201,False,0.25446027517318726,0.1493736356496811,True,0.8049257232212667,-3051.181884765625,105.950927734375,-181.39613342285156,-181.39613342285156,206.1988525390625
301,images/0301_real_corrupt_0.25.png,real_corrupt_0.25,44994,0.25,899,False,0.3705689013004303,0.022315412759780884,False,0.8631743549648163,-4126.14013671875,-1448.12060546875,-2079.096923828125,-2079.096923828125,260.1498107910156
302,images/0302_real_corrupt_0.25.png,real_corrupt_0.25,25246,0.25,504,False,0.33440378308296204,0.0026443435344845057,False,0.77130570758405,-2543.317138671875,389.639404296875,-83.94268798828125,-83.94268798828125,216.7032470703125
303,images/0303_real_corrupt_0.25.png,real_corrupt_0.25,7772,0.25,155,False,0.39666515588760376,0.07446203380823135,False,0.8952306489444879,-4663.201171875,-1601.880859375,-1902.3580322265625,-1902.3580322265625,255.94943237304688
304,images/0304_real_corrupt_0.25.png,real_corrupt_0.25,26246,0.25,524,False,0.2952764928340912,0.034101732075214386,False,0.8408913213448006,-2202.3271484375,775.11962890625,250.67538452148438,250.67538452148438,184.96380615234375
305,images/0305_real_corrupt_0.25.png,real_corrupt_0.25,22701,0.25,454,False,0.33630868792533875,0.0063715786673128605,False,0.8205629397967162,-4177.857421875,-1477.46630859375,-1815.6846923828125,-1815.6846923828125,256.4466552734375
306,images/0306_real_corrupt_0.25.png,real_corrupt_0.25,49555,0.25,991,False,0.7542670369148254,0.405950129032135,True,0.9812353401094606,-3897.339111328125,-1066.79052734375,-1588.507568359375,-1588.507568359375,221.53070068359375
307,images/0307_real_corrupt_0.25.png,real_corrupt_0.25,47870,0.25,957,False,0.241316556930542,0.36866942048072815,True,0.7912431587177482,-6943.7705078125,-3960.609375,-4524.6787109375,-4524.6787109375,300.0328063964844
308,images/0308_real_corrupt_0.25.png,real_corrupt_0.25,25050,0.25,501,False,0.27745428681373596,0.0007093355525285006,False,0.5824863174354965,-4653.0595703125,-1552.1865234375,-1985.9180908203125,-1985.9180908203125,243.79275512695312
309,images/0309_real_corrupt_0.25.png,real_corrupt_0.25,10171,0.25,203,False,0.3654596209526062,0.06268595159053802,False,0.8799843627834245,-3063.16845703125,26.140380859375,-377.785888671875,-377.785888671875,202.6015167236328
310,images/0310_real_corrupt_0.25.png,real_corrupt_0.25,38742,0.25,774,False,0.23274102807044983,0.001390525372698903,False,0.5903049257232212,-2035.29150390625,920.481201171875,572.7828369140625,572.7828369140625,203.15553283691406
311,images/0311_real_corrupt_0.25.png,real_corrupt_0.25,41763,0.25,835,False,0.24321427941322327,0.019973240792751312,False,0.7447224394057858,-3395.46484375,-811.43798828125,-1036.7076416015625,-1036.7076416015625,237.81015014648438
312,images/0312_real_corrupt_0.25.png,real_corrupt_0.25,26754,0.25,535,False,0.3279409408569336,0.005948815494775772,False,0.8162627052384676,-2621.60595703125,32.8271484375,-372.3013916015625,-372.3013916015625,220.6775360107422
313,images/0313_real_corrupt_0.25.png,real_corrupt_0.25,269,0.25,5,False,0.2921449542045593,0.0097081633284688,False,0.8041438623924941,-2819.20361328125,-141.225830078125,-578.286376953125,-578.286376953125,204.13999938964844
314,images/0314_real_corrupt_0.25.png,real_corrupt_0.25,12620,0.25,252,False,0.357130765914917,0.04456400126218796,False,0.8741204065676309,-5348.42529296875,-2172.739501953125,-2660.037109375,-2660.037109375,269.8767395019531
315,images/0315_real_corrupt_0.25.png,real_corrupt_0.25,44575,0.25,891,False,0.2221728265285492,0.019655654206871986,False,0.6856919468334637,-3736.2158203125,-1075.515625,-1632.761474609375,-1632.761474609375,242.46543884277344
316,images/0316_real_corrupt_0.25.png,real_corrupt_0.25,39218,0.25,784,False,0.255506694316864,0.002644006162881851,False,0.6899921813917123,-9557.10546875,-6817.0556640625,-7388.322265625,-7388.322265625,395.3854675292969
317,images/0317_real_corrupt_0.25.png,real_corrupt_0.25,49160,0.25,983,False,0.25906074047088623,0.004877740982919931,False,0.7322126661454261,-5089.3427734375,-1601.888671875,-2369.1923828125,-2369.1923828125,229.26400756835938
318,images/0318_real_corrupt_0.25.png,real_corrupt_0.25,19577,0.25,391,False,0.3983409106731415,0.27011746168136597,True,0.9139953088350273,-4808.92578125,-1927.27001953125,-2223.6376953125,-2223.6376953125,258.6044921875
319,images/0319_real_corrupt_0.25.png,real_corrupt_0.25,34536,0.25,690,False,0.2824289798736572,0.025924596935510635,False,0.8139171227521501,-2788.99462890625,72.47119140625,-225.54083251953125,-225.54083251953125,202.8573760986328
320,images/0320_real_corrupt_0.75.png,real_corrupt_0.75,34759,0.75,695,False,0.2460925281047821,0.0020835071336477995,False,0.6598905394839718,2043.281982421875,4753.669921875,4371.46142578125,4371.46142578125,340.9835510253906
321,images/0321_real_corrupt_0.75.png,real_corrupt_0.75,33300,0.75,666,False,0.2068106234073639,0.00029641384026035666,False,0.2920250195465207,2272.626953125,5079.66259765625,4594.25390625,4594.25390625,374.5400390625
322,images/0322_real_corrupt_0.75.png,real_corrupt_0.75,34345,0.75,686,False,0.18590430915355682,0.0002836385683622211,False,0.19390148553557468,4625.5576171875,7541.62158203125,6972.615234375,6972.615234375,234.04449462890625
323,images/0323_real_corrupt_0.75.png,real_corrupt_0.75,15357,0.75,307,False,0.2435271441936493,0.0004752835084218532,False,0.4683346364347146,3992.885498046875,7202.0224609375,6758.0166015625,6758.0166015625,261.2405090332031
324,images/0324_real_corrupt_0.75.png,real_corrupt_0.75,5944,0.75,118,False,0.21208108961582184,0.0009858077391982079,False,0.5,2836.240966796875,5517.5625,5171.00537109375,5171.00537109375,254.54071044921875
325,images/0325_real_corrupt_0.75.png,real_corrupt_0.75,17372,0.75,347,False,0.243913933634758,0.0001710185024421662,False,0.32564503518373733,3548.963623046875,6700.50146484375,6423.501953125,6423.501953125,253.09425354003906
326,images/0326_real_corrupt_0.75.png,real_corrupt_0.75,39617,0.75,792,False,0.22669653594493866,0.0011774686863645911,False,0.5562939796716184,4261.763671875,6602.15234375,6131.57373046875,6131.57373046875,229.143310546875
327,images/0327_real_corrupt_0.75.png,real_corrupt_0.75,34249,0.75,684,False,0.24040494859218597,0.00020884860714431852,False,0.326817826426896,4570.9033203125,7418.28564453125,6645.244140625,6645.244140625,235.72479248046875
328,images/0328_real_corrupt_0.75.png,real_corrupt_0.75,8651,0.75,173,False,0.3165106177330017,0.0036315459292382,False,0.7873338545738858,3172.77392578125,5986.1337890625,5676.5615234375,5676.5615234375,255.55458068847656
329,images/0329_real_corrupt_0.75.png,real_corrupt_0.75,24775,0.75,495,False,0.2868066132068634,0.00022340497525874525,False,0.41204065676309615,3179.8515625,6289.74072265625,5890.287109375,5890.287109375,236.76995849609375
330,images/0330_real_corrupt_0.75.png,real_corrupt_0.75,17876,0.75,357,False,0.1797996461391449,0.0033343369141221046,False,0.4659890539483972,3413.617431640625,6182.23828125,5856.14111328125,5856.14111328125,243.86476135253906
331,images/0331_real_corrupt_0.75.png,real_corrupt_0.75,49443,0.75,988,False,0.20344963669776917,0.0011868703877553344,False,0.4968725566849101,2938.57763671875,5587.58984375,5114.25390625,5114.25390625,254.87989807128906
332,images/0332_real_corrupt_0.75.png,real_corrupt_0.75,48430,0.75,968,False,0.20875601470470428,0.0003554301511030644,False,0.3299452697419859,4850.1181640625,7712.4794921875,7229.107421875,7229.107421875,232.24441528320312
333,images/0333_real_corrupt_0.75.png,real_corrupt_0.75,25594,0.75,511,False,0.16998688876628876,0.0002783218224067241,False,0.1293979671618452,3550.11181640625,6472.634765625,6171.36083984375,6171.36083984375,241.60655212402344
334,images/0334_real_corrupt_0.75.png,real_corrupt_0.75,27332,0.75,546,False,0.18613524734973907,0.00037467796937562525,False,0.2431587177482408,3970.337890625,6768.5390625,6281.890625,6281.890625,263.0314025878906
335,images/0335_real_corrupt_0.75.png,real_corrupt_0.75,29097,0.75,581,False,0.21125900745391846,0.000469611695734784,False,0.3803752931978108,4254.35009765625,7157.52294921875,6875.9609375,6875.9609375,224.77333068847656
336,images/0336_real_corrupt_0.75.png,real_corrupt_0.75,41998,0.75,839,False,0.21823082864284515,0.00013097691407892853,False,0.2517591868647381,3349.704833984375,6276.955078125,5805.35546875,5805.35546875,266.3594665527344
337,images/0337_real_corrupt_0.75.png,real_corrupt_0.75,6178,0.75,123,False,0.2266933023929596,0.00045901682460680604,False,0.41594996090695857,2368.4580078125,5147.67236328125,4865.41796875,4865.41796875,238.75706481933594
338,images/0338_real_corrupt_0.75.png,real_corrupt_0.75,21603,0.75,432,False,0.31289198994636536,0.00022433501726482064,False,0.4394057857701329,4358.56005859375,7104.01708984375,6525.9951171875,6525.9951171875,237.26174926757812
339,images/0339_real_corrupt_0.75.png,real_corrupt_0.75,25185,0.75,503,False,0.1824943870306015,0.00037048780359327793,False,0.22243940578577015,3709.97509765625,6761.15869140625,6058.66796875,6058.66796875,289.75238037109375
340,images/0340_real_corrupt_0.75.png,real_corrupt_0.75,2431,0.75,48,False,0.2392335832118988,0.0026632556691765785,False,0.6548084440969508,2971.488525390625,5783.80224609375,5648.3701171875,5648.3701171875,241.5612335205078
341,images/0341_real_corrupt_0.75.png,real_corrupt_0.75,9216,0.75,184,False,0.2943132817745209,0.003176742233335972,False,0.7587959343236904,3051.7451171875,6194.84619140625,5903.93603515625,5903.93603515625,249.66957092285156
342,images/0342_real_corrupt_0.75.png,real_corrupt_0.75,41841,0.75,836,False,0.2276335507631302,0.00027723636594600976,False,0.33698201720093823,4501.58154296875,7314.1845703125,6760.6171875,6760.6171875,238.04510498046875
343,images/0343_real_corrupt_0.75.png,real_corrupt_0.75,23771,0.75,475,False,0.2529485523700714,0.0003771841002162546,False,0.45113369820172006,3902.537353515625,6979.7587890625,6599.43310546875,6599.43310546875,261.2650146484375
344,images/0344_real_corrupt_0.75.png,real_corrupt_0.75,28878,0.75,577,False,0.17587360739707947,0.0005253609269857407,False,0.2576231430805317,4133.712890625,6793.6240234375,6172.919921875,6172.919921875,247.51913452148438
345,images/0345_real_corrupt_0.75.png,real_corrupt_0.75,22433,0.75,448,False,0.20146240293979645,0.000696249830070883,False,0.41438623924941365,3574.36181640625,6297.1064453125,5873.9375,5873.9375,232.1235809326172
346,images/0346_real_corrupt_0.75.png,real_corrupt_0.75,6415,0.75,128,False,0.29120153188705444,0.0016372586833313107,False,0.7142298670836591,3515.85107421875,6775.73486328125,6022.5,6022.5,259.79766845703125
347,images/0347_real_corrupt_0.75.png,real_corrupt_0.75,28672,0.75,573,False,0.16189762949943542,0.00036096139228902757,False,0.15050820953870211,2738.0703125,5633.89453125,5439.29345703125,5439.29345703125,241.95266723632812
348,images/0348_real_corrupt_0.75.png,real_corrupt_0.75,3648,0.75,72,False,0.22374320030212402,0.0009155872976407409,False,0.5199374511336983,2623.949951171875,5970.330078125,5528.99951171875,5528.99951171875,270.6496887207031
349,images/0349_real_corrupt_0.75.png,real_corrupt_0.75,35074,0.75,701,False,0.25807708501815796,0.0007883472135290504,False,0.5707584050039093,4127.50732421875,7639.84375,6936.76953125,6936.76953125,266.2350158691406
350,images/0350_real_corrupt_0.75.png,real_corrupt_0.75,2831,0.75,56,False,0.2538124918937683,0.0002298397448612377,False,0.3706020328381548,2965.64453125,5610.9443359375,5339.662109375,5339.662109375,241.7770538330078
351,images/0351_real_corrupt_0.75.png,real_corrupt_0.75,26200,0.75,524,False,0.19673386216163635,0.0008459693635813892,False,0.4292415949960907,3080.94091796875,6058.3876953125,5582.2041015625,5582.2041015625,257.548095703125
352,images/0352_real_corrupt_0.75.png,real_corrupt_0.75,2460,0.75,49,False,0.2190336436033249,0.0009920480661094189,False,0.5175918686473807,2821.056640625,5807.7021484375,5604.919921875,5604.919921875,235.82847595214844
353,images/0353_real_corrupt_0.75.png,real_corrupt_0.75,17912,0.75,358,False,0.20979130268096924,0.0034860426094383,False,0.5977326035965598,3663.80810546875,6318.44873046875,6049.10205078125,6049.10205078125,258.1929931640625
354,images/0354_real_corrupt_0.75.png,real_corrupt_0.75,41921,0.75,838,False,0.21807394921779633,0.0005170992808416486,False,0.4108678655199375,4895.2919921875,7447.162109375,6697.73095703125,6697.73095703125,263.7033386230469
355,images/0355_real_corrupt_0.75.png,real_corrupt_0.75,7590,0.75,151,False,0.24777480959892273,0.0007573498878628016,False,0.5445660672400312,3470.486083984375,6378.392578125,6133.130859375,6133.130859375,251.00579833984375
356,images/0356_real_corrupt_0.75.png,real_corrupt_0.75,28201,0.75,564,False,0.17236202955245972,0.0002694029244594276,False,0.1325254104769351,3360.035400390625,6362.912109375,6136.798828125,6136.798828125,241.44805908203125
357,images/0357_real_corrupt_0.75.png,real_corrupt_0.75,4000,0.75,80,False,0.1842392235994339,0.0006852743099443614,False,0.32134480062548865,3393.604736328125,6534.1650390625,6204.3154296875,6204.3154296875,242.5178680419922
358,images/0358_real_corrupt_0.75.png,real_corrupt_0.75,22029,0.75,440,False,0.18793195486068726,0.00037258208612911403,False,0.2470680218921032,3699.947265625,6547.06640625,6141.294921875,6141.294921875,224.8883514404297
359,images/0359_real_corrupt_0.75.png,real_corrupt_0.75,48840,0.75,976,False,0.2670557498931885,0.00030201979097910225,False,0.43666927286942925,3563.2626953125,7064.8583984375,6562.34814453125,6562.34814453125,251.7247772216797
360,images/0360_real_corrupt_0.75.png,real_corrupt_0.75,32482,0.75,649,False,0.26871415972709656,0.001051819184795022,False,0.6336982017200938,3630.361328125,6698.63623046875,6260.2294921875,6260.2294921875,231.07794189453125
361,images/0361_real_corrupt_0.75.png,real_corrupt_0.75,27047,0.75,540,False,0.21468102931976318,0.00034302775748074055,False,0.3420641125879593,3176.59814453125,6595.2421875,6025.82080078125,6025.82080078125,245.94754028320312
362,images/0362_real_corrupt_0.75.png,real_corrupt_0.75,33393,0.75,667,False,0.2547171711921692,0.0006006293115206063,False,0.5273651290070367,3756.80224609375,6512.4755859375,6075.32373046875,6075.32373046875,258.91656494140625
363,images/0363_real_corrupt_0.75.png,real_corrupt_0.75,19369,0.75,387,False,0.28808873891830444,0.0010332209058105946,False,0.6602814698983581,3365.835693359375,6009.56640625,5778.18017578125,5778.18017578125,240.90650939941406
364,images/0364_real_corrupt_0.75.png,real_corrupt_0.75,10075,0.75,201,False,0.23326614499092102,0.0012640079949051142,False,0.5820953870211103,3176.612548828125,6333.7451171875,6063.3701171875,6063.3701171875,243.51376342773438
365,images/0365_real_corrupt_0.75.png,real_corrupt_0.75,44994,0.75,899,False,0.32372960448265076,0.00039829398156143725,False,0.5351837372947615,4244.8134765625,6922.8330078125,6323.857421875,6323.857421875,270.664306640625
366,images/0366_real_corrupt_0.75.png,real_corrupt_0.75,25246,0.75,504,False,0.200165256857872,0.0003408304473850876,False,0.3014073494917905,4384.1103515625,7317.06689453125,6828.89599609375,6828.89599609375,236.95191955566406
367,images/0367_real_corrupt_0.75.png,real_corrupt_0.75,7772,0.75,155,False,0.23058748245239258,0.0010071006836369634,False,0.5516028146989835,2609.79736328125,5671.11767578125,5445.115234375,5445.115234375,277.1107482910156
368,images/0368_real_corrupt_0.75.png,real_corrupt_0.75,26246,0.75,524,False,0.18429253995418549,0.0005176498088985682,False,0.28225175918686474,3780.20361328125,6757.650390625,6275.6728515625,6275.6728515625,228.92747497558594
369,images/0369_real_corrupt_0.75.png,real_corrupt_0.75,22701,0.75,454,False,0.2009297013282776,0.00021724010002799332,False,0.22791243158717747,2356.01806640625,5056.4091796875,4787.1220703125,4787.1220703125,264.23785400390625
370,images/0370_real_corrupt_0.75.png,real_corrupt_0.75,49555,0.75,991,False,0.1779094636440277,0.0007698503904975951,False,0.3201720093823299,2609.285888671875,5439.83447265625,4981.13330078125,4981.13330078125,264.994873046875
371,images/0371_real_corrupt_0.75.png,real_corrupt_0.75,47870,0.75,957,False,0.1947554051876068,0.0004030719865113497,False,0.30023455824863177,2418.59912109375,5401.76025390625,4878.59521484375,4878.59521484375,309.6185302734375
372,images/0372_real_corrupt_0.75.png,real_corrupt_0.75,25050,0.75,501,False,0.1950524002313614,0.0006254598847590387,False,0.3745113369820172,3391.6923828125,6492.5654296875,6045.49755859375,6045.49755859375,271.18621826171875
373,images/0373_real_corrupt_0.75.png,real_corrupt_0.75,10171,0.75,203,False,0.19489167630672455,0.0014827415579929948,False,0.4890539483971853,3040.72607421875,6130.03515625,5727.53125,5727.53125,261.8736877441406
374,images/0374_real_corrupt_0.75.png,real_corrupt_0.75,38742,0.75,774,False,0.20111648738384247,0.0011480676475912333,False,0.4878811571540266,4033.942626953125,6989.71533203125,6663.859375,6663.859375,233.06272888183594
375,images/0375_real_corrupt_0.75.png,real_corrupt_0.75,41763,0.75,835,False,0.23832005262374878,0.0012275942135602236,False,0.5895230648944487,3079.6513671875,5663.67822265625,5426.3134765625,5426.3134765625,263.3172912597656
376,images/0376_real_corrupt_0.75.png,real_corrupt_0.75,26754,0.75,535,False,0.24106884002685547,0.00022895245638210326,False,0.3393275996872557,3329.37158203125,5983.8046875,5652.28369140625,5652.28369140625,238.56704711914062
377,images/0377_real_corrupt_0.75.png,real_corrupt_0.75,269,0.75,5,False,0.1728702187538147,0.0008913283236324787,False,0.3358092259577795,3844.71435546875,6522.6923828125,6107.75732421875,6107.75732421875,245.34222412109375
378,images/0378_real_corrupt_0.75.png,real_corrupt_0.75,12620,0.75,252,False,0.29507818818092346,0.0008422627579420805,False,0.6368256450351837,3271.294189453125,6446.97998046875,5909.5947265625,5909.5947265625,274.3957824707031
379,images/0379_real_corrupt_0.75.png,real_corrupt_0.75,44575,0.75,891,False,0.2191927582025528,0.00033169882954098284,False,0.346364347146208,4316.68310546875,6977.38330078125,6503.171875,6503.171875,253.04421997070312
380,images/0380_real_corrupt_0.75.png,real_corrupt_0.75,39218,0.75,784,False,0.1930297464132309,0.000680220196954906,False,0.36982017200938233,2121.270263671875,4861.3203125,4287.9541015625,4287.9541015625,402.19927978515625
381,images/0381_real_corrupt_0.75.png,real_corrupt_0.75,49160,0.75,983,False,0.27226972579956055,0.00043948416714556515,False,0.498436278342455,3841.3994140625,7328.853515625,6571.244140625,6571.244140625,282.7608947753906
382,images/0382_real_corrupt_0.75.png,real_corrupt_0.75,19577,0.75,391,False,0.233557790517807,0.0009302219259552658,False,0.5535574667709148,2716.14111328125,5597.796875,5366.103515625,5366.103515625,268.91436767578125
383,images/0383_real_corrupt_0.75.png,real_corrupt_0.75,34536,0.75,690,False,0.19282042980194092,0.0006730163586325943,False,0.3670836591086787,2713.14111328125,5574.60693359375,5333.7177734375,5333.7177734375,236.67251586914062
384,images/0384_generated_none_corrupt_0.25.png,generated_none_corrupt_0.25,34759,0.25,695,False,0.22277918457984924,0.0017810972640290856,False,0.5875684128225176,3610.46240234375,6320.85009765625,5903.9013671875,5903.9013671875,253.77333068847656
385,images/0385_generated_none_corrupt_0.25.png,generated_none_corrupt_0.25,33300,0.25,666,False,0.18419744074344635,0.0003458270221017301,False,0.22048475371383894,4140.37548828125,6947.4111328125,6442.712890625,6442.712890625,283.62628173828125
386,images/0386_generated_none_corrupt_0.25.png,generated_none_corrupt_0.25,34345,0.25,686,False,0.160692036151886,0.0002676015137694776,False,0.09499609069585614,4004.778076171875,6920.841796875,6367.4775390625,6367.4775390625,279.0736389160156
387,images/0387_generated_none_corrupt_0.25.png,generated_none_corrupt_0.25,15357,0.25,307,False,0.1840687096118927,0.000604703207500279,False,0.3064894448788116,3490.731689453125,6699.869140625,6260.875,6260.875,283.36566162109375
388,images/0388_generated_none_corrupt_0.25.png,generated_none_corrupt_0.25,5944,0.25,118,False,0.22131112217903137,0.0007424801005981863,False,0.46950742767787335,3223.0771484375,5904.3984375,5555.40234375,5555.40234375,236.59747314453125
389,images/0389_generated_none_corrupt_0.25.png,generated_none_corrupt_0.25,17372,0.25,347,False,0.24303993582725525,0.00018697483756113797,False,0.3279906176700547,3766.322998046875,6917.86083984375,6626.38818359375,6626.38818359375,247.75245666503906
390,images/0390_generated_none_corrupt_0.25.png,generated_none_corrupt_0.25,39617,0.25,792,False,0.21049334108829498,0.0013437948655337095,False,0.527756059421423,4227.4306640625,6567.8193359375,6092.67626953125,6092.67626953125,240.6254425048828
391,images/0391_generated_none_corrupt_0.25.png,generated_none_corrupt_0.25,34249,0.25,684,False,0.25581663846969604,0.00025309601915068924,False,0.38780297107114936,4414.4580078125,7261.84033203125,6481.4873046875,6481.4873046875,247.01605224609375
392,images/0392_generated_none_corrupt_0.25.png,generated_none_corrupt_0.25,8651,0.25,173,False,0.2399696409702301,0.0030258253682404757,False,0.6637998436278343,3563.65087890625,6377.0107421875,6065.6826171875,6065.6826171875,236.0548553466797
393,images/0393_generated_none_corrupt_0.25.png,generated_none_corrupt_0.25,24775,0.25,495,False,0.3051087558269501,0.00021934379765298218,False,0.4296325254104769,3094.02294921875,6203.912109375,5773.6103515625,5773.6103515625,259.927734375
394,images/0394_generated_none_corrupt_0.25.png,generated_none_corrupt_0.25,17876,0.25,357,False,0.1939777284860611,0.003301889169961214,False,0.5398749022673964,3403.22412109375,6171.84521484375,5840.85986328125,5840.85986328125,270.6551208496094
395,images/0395_generated_none_corrupt_0.25.png,generated_none_corrupt_0.25,49443,0.25,988,False,0.23291419446468353,0.0008855167543515563,False,0.5418295543393277,2969.94775390625,5618.9599609375,5141.37060546875,5141.37060546875,265.7822265625
396,images/0396_generated_none_corrupt_0.25.png,generated_none_corrupt_0.25,48430,0.25,968,False,0.20278766751289368,0.0003471186209935695,False,0.3131352619233776,4025.03955078125,6887.4013671875,6407.5029296875,6407.5029296875,292.1790466308594
397,images/0397_generated_none_corrupt_0.25.png,generated_none_corrupt_0.25,25594,0.25,511,False,0.16572867333889008,0.00020989544282201678,False,0.07427677873338547,3041.7734375,5964.29638671875,5665.880859375,5665.880859375,276.776611328125
398,images/0398_generated_none_corrupt_0.25.png,generated_none_corrupt_0.25,27332,0.25,546,False,0.20937936007976532,0.0003022226446773857,False,0.30531665363565286,3632.22314453125,6430.4248046875,5958.20751953125,5958.20751953125,308.8031005859375
399,images/0399_generated_none_corrupt_0.25.png,generated_none_corrupt_0.25,29097,0.25,581,False,0.21114109456539154,0.0004125887353438884,False,0.3580922595777951,4308.06640625,7211.2392578125,6940.6845703125,6940.6845703125,230.68896484375
400,images/0400_generated_none_corrupt_0.25.png,generated_none_corrupt_0.25,41998,0.25,839,False,0.2348645180463791,0.00010418902093078941,False,0.29437060203283816,3547.30126953125,6474.5517578125,6003.61279296875,6003.61279296875,258.6212463378906
401,images/0401_generated_none_corrupt_0.25.png,generated_none_corrupt_0.25,6178,0.25,123,False,0.198281392455101,0.0005401855451054871,False,0.36630179827990617,2336.50634765625,5115.720703125,4849.236328125,4849.236328125,248.12185668945312
402,images/0402_generated_none_corrupt_0.25.png,generated_none_corrupt_0.25,21603,0.25,432,False,0.24446329474449158,0.0002658719022292644,False,0.3733385457388585,4385.15478515625,7130.61181640625,6521.17919921875,6521.17919921875,255.57984924316406
403,images/0403_generated_none_corrupt_0.25.png,generated_none_corrupt_0.25,25185,0.25,503,False,0.23659466207027435,0.00042710386333055794,False,0.43041438623924944,3208.24853515625,6259.43212890625,5554.6484375,5554.6484375,310.0991516113281
404,images/0404_generated_none_corrupt_0.25.png,generated_none_corrupt_0.25,2431,0.25,48,False,0.24291133880615234,0.003704023314639926,False,0.6876465989053948,3225.74609375,6038.0595703125,5909.04443359375,5909.04443359375,232.48931884765625
405,images/0405_generated_none_corrupt_0.25.png,generated_none_corrupt_0.25,9216,0.25,184,False,0.1785576492547989,0.002717887284234166,False,0.4499609069585614,3256.18701171875,6399.2880859375,6107.7216796875,6107.7216796875,241.8178253173828
406,images/0406_generated_none_corrupt_0.25.png,generated_none_corrupt_0.25,41841,0.25,836,False,0.21146605908870697,0.0006392494542524219,False,0.42885066458170445,2877.203857421875,5689.806640625,5136.28515625,5136.28515625,339.55413818359375
407,images/0407_generated_none_corrupt_0.25.png,generated_none_corrupt_0.25,23771,0.25,475,False,0.30700987577438354,0.0004538005741778761,False,0.5469116497263486,3610.15185546875,6687.37353515625,6300.048828125,6300.048828125,282.96160888671875
408,images/0408_generated_none_corrupt_0.25.png,generated_none_corrupt_0.25,28878,0.25,577,False,0.21122483909130096,0.0005589360371232033,False,0.4073494917904613,2884.69873046875,5544.60986328125,4951.3603515625,4951.3603515625,325.92010498046875
409,images/0409_generated_none_corrupt_0.25.png,generated_none_corrupt_0.25,22433,0.25,448,False,0.1759883463382721,0.000841973873320967,False,0.3311180609851446,3243.770263671875,5966.5146484375,5540.55712890625,5540.55712890625,262.7833557128906
410,images/0410_generated_none_corrupt_0.25.png,generated_none_corrupt_0.25,6415,0.25,128,False,0.34441542625427246,0.0009954118868336082,False,0.6915559030492573,3838.572265625,7098.4560546875,6332.017578125,6332.017578125,228.7327117919922
411,images/0411_generated_none_corrupt_0.25.png,generated_none_corrupt_0.25,28672,0.25,573,False,0.23552009463310242,0.0003102249756921083,False,0.3803752931978108,2302.259521484375,5198.083984375,5008.923828125,5008.923828125,274.40435791015625
412,images/0412_generated_none_corrupt_0.25.png,generated_none_corrupt_0.25,3648,0.25,72,False,0.2601822316646576,0.0014223461039364338,False,0.6520719311962471,2776.65625,6123.03662109375,5677.33154296875,5677.33154296875,272.14154052734375
413,images/0413_generated_none_corrupt_0.25.png,generated_none_corrupt_0.25,35074,0.25,701,False,0.27993106842041016,0.0007666461169719696,False,0.5969507427677874,4207.5126953125,7719.849609375,6966.2685546875,6966.2685546875,267.9935302734375
414,images/0414_generated_none_corrupt_0.25.png,generated_none_corrupt_0.25,2831,0.25,56,False,0.24117688834667206,0.0003598147595766932,False,0.4171227521501173,3212.47119140625,5857.77099609375,5580.38671875,5580.38671875,226.36717224121094
415,images/0415_generated_none_corrupt_0.25.png,generated_none_corrupt_0.25,26200,0.25,524,False,0.19726653397083282,0.00046944560017436743,False,0.33815480844409695,3580.975341796875,6558.421875,6076.068359375,6076.068359375,235.3977508544922
416,images/0416_generated_none_corrupt_0.25.png,generated_none_corrupt_0.25,2460,0.25,49,False,0.21430715918540955,0.0007589670713059604,False,0.46012509773260357,2972.175537109375,5958.8212890625,5745.486328125,5745.486328125,231.38400268554688
417,images/0417_generated_none_corrupt_0.25.png,generated_none_corrupt_0.25,17912,0.25,358,False,0.23310329020023346,0.004765962716192007,False,0.6751368256450352,3920.1015625,6574.7421875,6298.3310546875,6298.3310546875,255.77853393554688
418,images/0418_generated_none_corrupt_0.25.png,generated_none_corrupt_0.25,41921,0.25,838,False,0.23329350352287292,0.0005558912525884807,False,0.465598123534011,2883.28759765625,5435.1572265625,4698.78759765625,4698.78759765625,377.9151916503906
419,images/0419_generated_none_corrupt_0.25.png,generated_none_corrupt_0.25,7590,0.25,151,False,0.21982164680957794,0.0007224841392599046,False,0.46481626270523846,2031.346435546875,4939.2529296875,4705.07080078125,4705.07080078125,354.25103759765625
420,images/0420_generated_none_corrupt_0.25.png,generated_none_corrupt_0.25,28201,0.25,564,False,0.17078031599521637,0.0002444173733238131,False,0.10789679437060204,3156.32080078125,6159.197265625,5934.32861328125,5934.32861328125,253.86276245117188
421,images/0421_generated_none_corrupt_0.25.png,generated_none_corrupt_0.25,4000,0.25,80,False,0.20122116804122925,0.0013099958887323737,False,0.5019546520719311,3147.71728515625,6288.27783203125,5919.0458984375,5919.0458984375,272.079345703125
422,images/0422_generated_none_corrupt_0.25.png,generated_none_corrupt_0.25,22029,0.25,440,False,0.16652552783489227,0.0003337674424983561,False,0.1544175136825645,3636.274658203125,6483.3935546875,6077.7490234375,6077.7490234375,241.06910705566406
423,images/0423_generated_none_corrupt_0.25.png,generated_none_corrupt_0.25,48840,0.25,976,False,0.19981293380260468,0.0001836983865359798,False,0.2122752150117279,3344.13427734375,6845.73046875,6353.076171875,6353.076171875,263.76458740234375
424,images/0424_generated_none_corrupt_0.25.png,generated_none_corrupt_0.25,32482,0.25,649,False,0.25591710209846497,0.0013114152243360877,False,0.6387802971071149,2862.30712890625,5930.58203125,5503.75,5503.75,260.9328308105469
425,images/0425_generated_none_corrupt_0.25.png,generated_none_corrupt_0.25,27047,0.25,540,False,0.22533494234085083,0.00038837952888570726,False,0.3835027365129007,2886.40380859375,6305.0478515625,5721.52734375,5721.52734375,259.33892822265625
426,images/0426_generated_none_corrupt_0.25.png,generated_none_corrupt_0.25,33393,0.25,667,False,0.27482807636260986,0.0003909168881364167,False,0.48397185301016415,2666.3779296875,5422.05126953125,4955.611328125,4955.611328125,354.019775390625
427,images/0427_generated_none_corrupt_0.25.png,generated_none_corrupt_0.25,19369,0.25,387,False,0.25136151909828186,0.0009026273037306964,False,0.5903049257232212,3714.888427734375,6358.619140625,6123.97265625,6123.97265625,228.79885864257812
428,images/0428_generated_none_corrupt_0.25.png,generated_none_corrupt_0.25,10075,0.25,201,False,0.22129935026168823,0.0012888058554381132,False,0.5476935105551213,3261.42626953125,6418.55908203125,6145.255859375,6145.255859375,252.6039581298828
429,images/0429_generated_none_corrupt_0.25.png,generated_none_corrupt_0.25,44994,0.25,899,False,0.32950326800346375,0.0005308857071213424,False,0.5918686473807662,3729.35205078125,6407.37158203125,5810.7314453125,5810.7314453125,299.4305419921875
430,images/0430_generated_none_corrupt_0.25.png,generated_none_corrupt_0.25,25246,0.25,504,False,0.21038059890270233,0.00032292891410179436,False,0.31821735731039874,4610.3984375,7543.35498046875,7049.90625,7049.90625,226.7447052001953
431,images/0431_generated_none_corrupt_0.25.png,generated_none_corrupt_0.25,7772,0.25,155,False,0.2537456452846527,0.0009690042352303863,False,0.6032056293979671,2864.5146484375,5925.8349609375,5689.9296875,5689.9296875,274.15802001953125
432,images/0432_generated_none_corrupt_0.25.png,generated_none_corrupt_0.25,26246,0.25,524,False,0.23524989187717438,0.00042804257827810943,False,0.42689601250977327,3728.7841796875,6706.23095703125,6225.73095703125,6225.73095703125,239.04144287109375
433,images/0433_generated_none_corrupt_0.25.png,generated_none_corrupt_0.25,22701,0.25,454,False,0.22727549076080322,0.0002545118040870875,False,0.3205629397967162,3101.080322265625,5801.4716796875,5520.58203125,5520.58203125,219.42315673828125
434,images/0434_generated_none_corrupt_0.25.png,generated_none_corrupt_0.25,49555,0.25,991,False,0.1781354695558548,0.000499351997859776,False,0.25645035183737297,2778.93115234375,5609.4794921875,5137.5537109375,5137.5537109375,257.1075744628906
435,images/0435_generated_none_corrupt_0.25.png,generated_none_corrupt_0.25,47870,0.25,957,False,0.19657810032367706,0.0002981900470331311,False,0.263096168881939,3351.6982421875,6334.859375,5782.02685546875,5782.02685546875,256.77294921875
436,images/0436_generated_none_corrupt_0.25.png,generated_none_corrupt_0.25,25050,0.25,501,False,0.18041221797466278,0.0007264300948008895,False,0.3166536356528538,3747.36083984375,6848.23388671875,6403.19580078125,6403.19580078125,265.8606872558594
437,images/0437_generated_none_corrupt_0.25.png,generated_none_corrupt_0.25,10171,0.25,203,False,0.16647662222385406,0.0031775201205164194,False,0.4206411258795934,3005.0205078125,6094.3291015625,5719.11279296875,5719.11279296875,266.6938171386719
438,images/0438_generated_none_corrupt_0.25.png,generated_none_corrupt_0.25,38742,0.25,774,False,0.19445981085300446,0.0006107590161263943,False,0.3674745895230649,3567.02734375,6522.7998046875,6180.0576171875,6180.0576171875,267.8273620605469
439,images/0439_generated_none_corrupt_0.25.png,generated_none_corrupt_0.25,41763,0.25,835,False,0.26112130284309387,0.0014928797027096152,False,0.6587177482408131,3119.71435546875,5703.7412109375,5486.65625,5486.65625,265.6182556152344
440,images/0440_generated_none_corrupt_0.25.png,generated_none_corrupt_0.25,26754,0.25,535,False,0.2753135561943054,0.0002440028329147026,False,0.40500390930414387,3128.77783203125,5783.2109375,5444.740234375,5444.740234375,275.56695556640625
441,images/0441_generated_none_corrupt_0.25.png,generated_none_corrupt_0.25,269,0.25,5,False,0.19380739331245422,0.0016726054018363357,False,0.4968725566849101,2324.164306640625,5002.14208984375,4594.1572265625,4594.1572265625,327.70855712890625
442,images/0442_generated_none_corrupt_0.25.png,generated_none_corrupt_0.25,12620,0.25,252,False,0.3075956702232361,0.0010829890379682183,False,0.681391712275215,3450.5830078125,6626.2685546875,6093.521484375,6093.521484375,273.4239501953125
443,images/0443_generated_none_corrupt_0.25.png,generated_none_corrupt_0.25,44575,0.25,891,False,0.23832112550735474,0.00022956635802984238,False,0.33307271305707586,4071.42431640625,6732.12451171875,6272.5244140625,6272.5244140625,279.0110168457031
444,images/0444_generated_none_corrupt_0.25.png,generated_none_corrupt_0.25,39218,0.25,784,False,0.21341636776924133,0.0010485092643648386,False,0.5093823299452698,4648.8583984375,7388.908203125,6787.91015625,6787.91015625,248.8187255859375
445,images/0445_generated_none_corrupt_0.25.png,generated_none_corrupt_0.25,49160,0.25,983,False,0.23458580672740936,0.0005132192163728178,False,0.4562157935887412,2492.5595703125,5980.013671875,5211.8291015625,5211.8291015625,362.52886962890625
446,images/0446_generated_none_corrupt_0.25.png,generated_none_corrupt_0.25,19577,0.25,391,False,0.27024275064468384,0.0008876713691279292,False,0.617670054730258,3266.1396484375,6147.79541015625,5913.11572265625,5913.11572265625,239.31761169433594
447,images/0447_generated_none_corrupt_0.25.png,generated_none_corrupt_0.25,34536,0.25,690,False,0.18965299427509308,0.0008001378155313432,False,0.372556684910086,2689.3740234375,5550.83984375,5315.0302734375,5315.0302734375,240.8828582763672
448,images/0448_generated_none_corrupt_0.75.png,generated_none_corrupt_0.75,34759,0.75,695,False,0.1645963490009308,0.0012386071030050516,False,0.33815480844409695,6244.12255859375,8954.509765625,8551.9560546875,8551.9560546875,267.0400695800781
449,images/0449_generated_none_corrupt_0.75.png,generated_none_corrupt_0.75,33300,0.75,666,False,0.19493316113948822,0.0004566709394566715,False,0.3244722439405786,7133.771484375,9940.806640625,9429.7158203125,9429.7158203125,299.825439453125
450,images/0450_generated_none_corrupt_0.75.png,generated_none_corrupt_0.75,34345,0.75,686,False,0.16594403982162476,0.00027101815794594586,False,0.11336982017200939,7126.2939453125,10042.357421875,9498.5205078125,9498.5205078125,287.0252380371094
451,images/0451_generated_none_corrupt_0.75.png,generated_none_corrupt_0.75,15357,0.75,307,False,0.18235233426094055,0.0004162584664300084,False,0.23846755277560594,6610.22021484375,9819.357421875,9366.71484375,9366.71484375,289.1908264160156
452,images/0452_generated_none_corrupt_0.75.png,generated_none_corrupt_0.75,5944,0.75,118,False,0.1856846809387207,0.0007973444298841059,False,0.3569194683346364,5767.474609375,8448.7958984375,8101.98046875,8101.98046875,250.05215454101562
453,images/0453_generated_none_corrupt_0.75.png,generated_none_corrupt_0.75,17372,0.75,347,False,0.2138705998659134,0.00018224895757157356,False,0.24980453479280687,6398.466796875,9550.0048828125,9277.37109375,9277.37109375,258.0781555175781
454,images/0454_generated_none_corrupt_0.75.png,generated_none_corrupt_0.75,39617,0.75,792,False,0.1642049103975296,0.0011724013602361083,False,0.33150899139953094,6727.05615234375,9067.4453125,8616.119140625,8616.119140625,256.9252624511719
455,images/0455_generated_none_corrupt_0.75.png,generated_none_corrupt_0.75,34249,0.75,684,False,0.20559574663639069,0.00022944994270801544,False,0.245113369820172,7139.298828125,9986.681640625,9221.330078125,9221.330078125,256.6517639160156
456,images/0456_generated_none_corrupt_0.75.png,generated_none_corrupt_0.75,8651,0.75,173,False,0.22894170880317688,0.0024079291615635157,False,0.6196247068021892,6030.13525390625,8843.4951171875,8554.42578125,8554.42578125,251.27952575683594
457,images/0457_generated_none_corrupt_0.75.png,generated_none_corrupt_0.75,24775,0.75,495,False,0.2524532079696655,0.00023395571042783558,False,0.37021110242376853,5853.9287109375,8963.818359375,8548.3076171875,8548.3076171875,262.3349609375
458,images/0458_generated_none_corrupt_0.75.png,generated_none_corrupt_0.75,17876,0.75,357,False,0.19079844653606415,0.0035087422002106905,False,0.5234558248631743,6168.923828125,8937.544921875,8625.03125,8625.03125,269.5805969238281
459,images/0459_generated_none_corrupt_0.75.png,generated_none_corrupt_0.75,49443,0.75,988,False,0.20468953251838684,0.0006963908672332764,False,0.4190774042220485,5820.1318359375,8469.14453125,7979.2939453125,7979.2939453125,266.563720703125
460,images/0460_generated_none_corrupt_0.75.png,generated_none_corrupt_0.75,48430,0.75,968,False,0.15879008173942566,0.0004875433223787695,False,0.19194683346364347,7190.919921875,10053.28125,9598.4697265625,9598.4697265625,274.9735107421875
461,images/0461_generated_none_corrupt_0.75.png,generated_none_corrupt_0.75,25594,0.75,511,False,0.15407170355319977,0.0002260146866319701,False,0.05394839718530102,5993.9833984375,8916.505859375,8604.041015625,8604.041015625,274.94818115234375
462,images/0462_generated_none_corrupt_0.75.png,generated_none_corrupt_0.75,27332,0.75,546,False,0.17204834520816803,0.0002892478951252997,False,0.1407349491790461,6971.701171875,9769.90234375,9288.9775390625,9288.9775390625,285.0670471191406
463,images/0463_generated_none_corrupt_0.75.png,generated_none_corrupt_0.75,29097,0.75,581,False,0.16702283918857574,0.0004240887355990708,False,0.18999218139171228,6777.97802734375,9681.150390625,9396.580078125,9396.580078125,252.14048767089844
464,images/0464_generated_none_corrupt_0.75.png,generated_none_corrupt_0.75,41998,0.75,839,False,0.19470347464084625,0.00013901788042858243,False,0.18139171227521503,6310.71875,9237.96875,8782.33203125,8782.33203125,281.527099609375
465,images/0465_generated_none_corrupt_0.75.png,generated_none_corrupt_0.75,6178,0.75,123,False,0.1804855763912201,0.0019456894369795918,False,0.43627834245504304,4929.166015625,7708.38037109375,7443.54296875,7443.54296875,268.0938415527344
466,images/0466_generated_none_corrupt_0.75.png,generated_none_corrupt_0.75,21603,0.75,432,False,0.2249017357826233,0.0002504650328774005,False,0.308835027365129,7148.04736328125,9893.50390625,9321.5185546875,9321.5185546875,259.744873046875
467,images/0467_generated_none_corrupt_0.75.png,generated_none_corrupt_0.75,25185,0.75,503,False,0.16541998088359833,0.00039052413194440305,False,0.16810007818608289,6599.4677734375,9650.6513671875,8937.119140625,8937.119140625,321.6812438964844
468,images/0468_generated_none_corrupt_0.75.png,generated_none_corrupt_0.75,2431,0.75,48,False,0.2057611048221588,0.0010668953182175756,False,0.4894448788115715,5648.7685546875,8461.08203125,8330.41796875,8330.41796875,250.5687713623047
469,images/0469_generated_none_corrupt_0.75.png,generated_none_corrupt_0.75,9216,0.75,184,False,0.19361276924610138,0.0009692809544503689,False,0.43706020328381545,5830.77685546875,8973.8779296875,8706.7841796875,8706.7841796875,251.8402099609375
470,images/0470_generated_none_corrupt_0.75.png,generated_none_corrupt_0.75,41841,0.75,836,False,0.18331587314605713,0.0010150839807465672,False,0.3858483189992181,6513.2255859375,9325.828125,8804.7666015625,8804.7666015625,332.134033203125
471,images/0471_generated_none_corrupt_0.75.png,generated_none_corrupt_0.75,23771,0.75,475,False,0.22386731207370758,0.00030341465026140213,False,0.3424550430023456,6671.86279296875,9749.083984375,9391.701171875,9391.701171875,286.9102478027344
472,images/0472_generated_none_corrupt_0.75.png,generated_none_corrupt_0.75,28878,0.75,577,False,0.17293652892112732,0.0005185194895602763,False,0.2439405785770133,6324.97314453125,8984.884765625,8406.970703125,8406.970703125,324.5810852050781
473,images/0473_generated_none_corrupt_0.75.png,generated_none_corrupt_0.75,22433,0.75,448,False,0.14921574294567108,0.00044283588067628443,False,0.15129007036747458,6005.21533203125,8727.9599609375,8282.93359375,8282.93359375,265.5440673828125
474,images/0474_generated_none_corrupt_0.75.png,generated_none_corrupt_0.75,6415,0.75,128,False,0.2311026155948639,0.0020309530664235353,False,0.6207974980453479,6283.21142578125,9543.095703125,8807.65234375,8807.65234375,258.07928466796875
475,images/0475_generated_none_corrupt_0.75.png,generated_none_corrupt_0.75,28672,0.75,573,False,0.15549859404563904,0.00040418992284685373,False,0.15207193119624707,5225.0458984375,8120.8701171875,7916.85009765625,7916.85009765625,274.5653076171875
476,images/0476_generated_none_corrupt_0.75.png,generated_none_corrupt_0.75,3648,0.75,72,False,0.1947106122970581,0.0014826885890215635,False,0.4878811571540266,5672.50244140625,9018.8828125,8595.76953125,8595.76953125,276.7423400878906
477,images/0477_generated_none_corrupt_0.75.png,generated_none_corrupt_0.75,35074,0.75,701,False,0.20884202420711517,0.0004977153148502111,False,0.38232994526974196,7173.32763671875,10685.6640625,9950.6513671875,9950.6513671875,265.66461181640625
478,images/0478_generated_none_corrupt_0.75.png,generated_none_corrupt_0.75,2831,0.75,56,False,0.1982884407043457,0.0005931335617788136,False,0.38232994526974196,5675.56640625,8320.8662109375,8042.3779296875,8042.3779296875,254.1569366455078
479,images/0479_generated_none_corrupt_0.75.png,generated_none_corrupt_0.75,26200,0.75,524,False,0.1462346911430359,0.0007158922962844372,False,0.217357310398749,6096.77978515625,9074.2265625,8588.29296875,8588.29296875,249.2605743408203
480,images/0480_generated_none_corrupt_0.75.png,generated_none_corrupt_0.75,2460,0.75,49,False,0.15543419122695923,0.0005665971548296511,False,0.20602032838154807,5390.119140625,8376.7646484375,8170.43359375,8170.43359375,249.24310302734375
481,images/0481_generated_none_corrupt_0.75.png,generated_none_corrupt_0.75,17912,0.75,358,False,0.18927474319934845,0.004041773732751608,False,0.5226739640344018,6622.525390625,9277.166015625,8978.822265625,8978.822265625,262.31976318359375
482,images/0482_generated_none_corrupt_0.75.png,generated_none_corrupt_0.75,41921,0.75,838,False,0.19142501056194305,0.00033451771014370024,False,0.253322908522283,6997.06982421875,9548.939453125,8821.150390625,8821.150390625,385.9998779296875
483,images/0483_generated_none_corrupt_0.75.png,generated_none_corrupt_0.75,7590,0.75,151,False,0.19164396822452545,0.0006513027474284172,False,0.35496481626270526,5533.0732421875,8440.9794921875,8230.521484375,8230.521484375,352.91778564453125
484,images/0484_generated_none_corrupt_0.75.png,generated_none_corrupt_0.75,28201,0.75,564,False,0.17689992487430573,0.00026876534684561193,False,0.14816262705238467,5815.1708984375,8818.0478515625,8596.345703125,8596.345703125,262.2001953125
485,images/0485_generated_none_corrupt_0.75.png,generated_none_corrupt_0.75,4000,0.75,80,False,0.188463494181633,0.0016142332460731268,False,0.4554339327599687,6163.7880859375,9304.3486328125,8919.978515625,8919.978515625,272.88934326171875
486,images/0486_generated_none_corrupt_0.75.png,generated_none_corrupt_0.75,22029,0.75,440,False,0.14964419603347778,0.0003365553275216371,False,0.11415168100078185,6175.9375,9023.056640625,8615.759765625,8615.759765625,257.9115905761719
487,images/0487_generated_none_corrupt_0.75.png,generated_none_corrupt_0.75,48840,0.75,976,False,0.20596028864383698,0.00021233275765553117,False,0.23924941360437843,6302.4755859375,9804.0712890625,9297.2109375,9297.2109375,269.7668151855469
488,images/0488_generated_none_corrupt_0.75.png,generated_none_corrupt_0.75,32482,0.75,649,False,0.16430163383483887,0.001332316198386252,False,0.34597341673182175,5762.94482421875,8831.2197265625,8386.03515625,8386.03515625,266.9747619628906
489,images/0489_generated_none_corrupt_0.75.png,generated_none_corrupt_0.75,27047,0.75,540,False,0.21315333247184753,0.00047588624875061214,False,0.38819390148553556,5681.07470703125,9099.71875,8527.294921875,8527.294921875,273.23956298828125
490,images/0490_generated_none_corrupt_0.75.png,generated_none_corrupt_0.75,33393,0.75,667,False,0.19372636079788208,0.0003738848026841879,False,0.28655199374511336,6219.08447265625,8974.7578125,8527.626953125,8527.626953125,338.9129943847656
491,images/0491_generated_none_corrupt_0.75.png,generated_none_corrupt_0.75,19369,0.75,387,False,0.16886261105537415,0.0008103492436930537,False,0.2955433932759969,6123.609375,8767.33984375,8569.265625,8569.265625,249.40740966796875
492,images/0492_generated_none_corrupt_0.75.png,generated_none_corrupt_0.75,10075,0.75,201,False,0.20104984939098358,0.000854321348015219,False,0.4499609069585614,5825.8974609375,8983.0302734375,8709.599609375,8709.599609375,262.0107421875
493,images/0493_generated_none_corrupt_0.75.png,generated_none_corrupt_0.75,44994,0.75,899,False,0.17398278415203094,0.0008141326834447682,False,0.3158717748240813,6864.458984375,9542.478515625,8945.5205078125,8945.5205078125,316.91351318359375
494,images/0494_generated_none_corrupt_0.75.png,generated_none_corrupt_0.75,25246,0.75,504,False,0.18582576513290405,0.0002954651426989585,False,0.20211102423768568,7127.96826171875,10060.9248046875,9589.1982421875,9589.1982421875,250.9100799560547
495,images/0495_generated_none_corrupt_0.75.png,generated_none_corrupt_0.75,7772,0.75,155,False,0.20856256783008575,0.00045363279059529305,False,0.3639562157935887,5705.1767578125,8766.4970703125,8559.4609375,8559.4609375,274.0775146484375
496,images/0496_generated_none_corrupt_0.75.png,generated_none_corrupt_0.75,26246,0.75,524,False,0.20614194869995117,0.0006318966043181717,False,0.41164972634870994,6315.529296875,9292.9765625,8814.41015625,8814.41015625,251.13551330566406
497,images/0497_generated_none_corrupt_0.75.png,generated_none_corrupt_0.75,22701,0.75,454,False,0.18460671603679657,0.0002632009272929281,False,0.17083659108678656,5382.9658203125,8083.35693359375,7805.02734375,7805.02734375,246.0358428955078
498,images/0498_generated_none_corrupt_0.75.png,generated_none_corrupt_0.75,49555,0.75,991,False,0.14217889308929443,0.0004997613723389804,False,0.1602814698983581,5577.0712890625,8407.6201171875,7907.59375,7907.59375,265.5621032714844
499,images/0499_generated_none_corrupt_0.75.png,generated_none_corrupt_0.75,47870,0.75,957,False,0.17374350130558014,0.00020975072402507067,False,0.10203283815480844,6203.498046875,9186.6591796875,8665.673828125,8665.673828125,264.9310607910156
500,images/0500_generated_none_corrupt_0.75.png,generated_none_corrupt_0.75,25050,0.75,501,False,0.16180047392845154,0.0007471278659068048,False,0.25840500390930415,6619.44970703125,9720.322265625,9272.859375,9272.859375,268.8476867675781
501,images/0501_generated_none_corrupt_0.75.png,generated_none_corrupt_0.75,10171,0.75,203,False,0.17030175030231476,0.001379463472403586,False,0.3682564503518374,5792.6416015625,8881.9501953125,8508.546875,8508.546875,297.41497802734375
502,images/0502_generated_none_corrupt_0.75.png,generated_none_corrupt_0.75,38742,0.75,774,False,0.18494126200675964,0.0005377695779316127,False,0.29476153244722436,6386.6865234375,9342.458984375,9028.8876953125,9028.8876953125,284.7067565917969
503,images/0503_generated_none_corrupt_0.75.png,generated_none_corrupt_0.75,41763,0.75,835,False,0.19209617376327515,0.0006765626603737473,False,0.3639562157935887,5938.36669921875,8522.3935546875,8297.12890625,8297.12890625,274.47796630859375
504,images/0504_generated_none_corrupt_0.75.png,generated_none_corrupt_0.75,26754,0.75,535,False,0.1846635341644287,0.0003143774520140141,False,0.2071931196247068,5995.27099609375,8649.7041015625,8330.919921875,8330.919921875,268.59088134765625
505,images/0505_generated_none_corrupt_0.75.png,generated_none_corrupt_0.75,269,0.75,5,False,0.17408902943134308,0.0038127724546939135,False,0.4589523064894449,6043.2041015625,8721.181640625,8328.806640625,8328.806640625,333.4630126953125
506,images/0506_generated_none_corrupt_0.75.png,generated_none_corrupt_0.75,12620,0.75,252,False,0.22309325635433197,0.0008543400908820331,False,0.5062548866301798,6476.08203125,9651.767578125,9118.4892578125,9118.4892578125,276.080810546875
507,images/0507_generated_none_corrupt_0.75.png,generated_none_corrupt_0.75,44575,0.75,891,False,0.21588587760925293,0.000334317097440362,False,0.34010946051602814,7029.31640625,9690.0166015625,9261.2353515625,9261.2353515625,303.6253356933594
508,images/0508_generated_none_corrupt_0.75.png,generated_none_corrupt_0.75,39218,0.75,784,False,0.1475784331560135,0.0014966169837862253,False,0.3217357310398749,7290.96875,10031.0185546875,9468.7109375,9468.7109375,257.2921447753906
509,images/0509_generated_none_corrupt_0.75.png,generated_none_corrupt_0.75,49160,0.75,983,False,0.18996453285217285,0.0003043249307665974,False,0.227130570758405,6871.833984375,10359.2880859375,9571.9833984375,9571.9833984375,364.14849853515625
510,images/0510_generated_none_corrupt_0.75.png,generated_none_corrupt_0.75,19577,0.75,391,False,0.24927935004234314,0.0008309779805131257,False,0.5656763096168882,5801.7470703125,8683.40234375,8460.2265625,8460.2265625,250.140869140625
511,images/0511_generated_none_corrupt_0.75.png,generated_none_corrupt_0.75,34536,0.75,690,False,0.19844818115234375,0.0004364416527096182,False,0.3295543393275997,5179.7294921875,8041.1953125,7807.88134765625,7807.88134765625,260.7471008300781
512,images/0512_generated_dot_corrupt_0.25.png,generated_dot_corrupt_0.25,34759,0.25,695,False,0.22066299617290497,0.0016479589976370335,False,0.5734949179046129,3643.1953125,6353.5830078125,5930.65234375,5930.65234375,253.25396728515625
513,images/0513_generated_dot_corrupt_0.25.png,generated_dot_corrupt_0.25,33300,0.25,666,False,0.1910933405160904,0.00035423069493845105,False,0.25840500390930415,4316.63671875,7123.67236328125,6615.5205078125,6615.5205078125,281.3212890625
514,images/0514_generated_dot_corrupt_0.25.png,generated_dot_corrupt_0.25,34345,0.25,686,False,0.1606227308511734,0.0002830557932611555,False,0.10476935105551212,3833.85107421875,6749.9150390625,6190.93701171875,6190.93701171875,274.6270751953125
515,images/0515_generated_dot_corrupt_0.25.png,generated_dot_corrupt_0.25,15357,0.25,307,False,0.18011346459388733,0.0005918400129303336,False,0.28850664581704455,3558.111328125,6767.24853515625,6319.9716796875,6319.9716796875,287.6666259765625
516,images/0516_generated_dot_corrupt_0.25.png,generated_dot_corrupt_0.25,5944,0.25,118,False,0.21762417256832123,0.0007337125716730952,False,0.4620797498045348,3069.333740234375,5750.6552734375,5400.2119140625,5400.2119140625,232.33636474609375
517,images/0517_generated_dot_corrupt_0.25.png,generated_dot_corrupt_0.25,17372,0.25,347,False,0.2447984218597412,0.00019135251932311803,False,0.335027365129007,3760.13232421875,6911.669921875,6618.77734375,6618.77734375,247.4500732421875
518,images/0518_generated_dot_corrupt_0.25.png,generated_dot_corrupt_0.25,39617,0.25,792,False,0.2137148678302765,0.0013109269784763455,False,0.5336200156372166,4228.7353515625,6569.1240234375,6093.9912109375,6093.9912109375,240.71717834472656
519,images/0519_generated_dot_corrupt_0.25.png,generated_dot_corrupt_0.25,34249,0.25,684,False,0.26461169123649597,0.00023171873181127012,False,0.38819390148553556,4132.3837890625,6979.76611328125,6192.6708984375,6192.6708984375,237.1711883544922
520,images/0520_generated_dot_corrupt_0.25.png,generated_dot_corrupt_0.25,8651,0.25,173,False,0.2347130924463272,0.00303203915245831,False,0.6512900703674747,3510.74560546875,6324.10546875,6008.51123046875,6008.51123046875,235.72174072265625
521,images/0521_generated_dot_corrupt_0.25.png,generated_dot_corrupt_0.25,24775,0.25,495,False,0.30529066920280457,0.00022056449961382896,False,0.43041438623924944,3071.00537109375,6180.89453125,5744.4716796875,5744.4716796875,259.4263610839844
522,images/0522_generated_dot_corrupt_0.25.png,generated_dot_corrupt_0.25,17876,0.25,357,False,0.20239076018333435,0.0034167373087257147,False,0.5766223612197029,3476.584228515625,6245.205078125,5910.8056640625,5910.8056640625,262.4127197265625
523,images/0523_generated_dot_corrupt_0.25.png,generated_dot_corrupt_0.25,49443,0.25,988,False,0.2306784838438034,0.0008760386845096946,False,0.5340109460516028,2990.3095703125,5639.32177734375,5161.11669921875,5161.11669921875,261.583740234375
524,images/0524_generated_dot_corrupt_0.25.png,generated_dot_corrupt_0.25,48430,0.25,968,False,0.19706083834171295,0.00034749420592561364,False,0.2935887412040657,3948.779052734375,6811.140625,6324.23974609375,6324.23974609375,290.9252624511719
525,images/0525_generated_dot_corrupt_0.25.png,generated_dot_corrupt_0.25,25594,0.25,511,False,0.17050550878047943,0.0002116840914823115,False,0.08991399530883502,3149.8017578125,6072.32470703125,5766.283203125,5766.283203125,274.18292236328125
526,images/0526_generated_dot_corrupt_0.25.png,generated_dot_corrupt_0.25,27332,0.25,546,False,0.20534808933734894,0.0003062972391489893,False,0.2959343236903831,3508.525390625,6306.7265625,5826.6533203125,5826.6533203125,303.2141418457031
527,images/0527_generated_dot_corrupt_0.25.png,generated_dot_corrupt_0.25,29097,0.25,581,False,0.2146654576063156,0.0004011510172858834,False,0.3616106333072713,4246.66650390625,7149.83935546875,6874.9853515625,6874.9853515625,228.9993133544922
528,images/0528_generated_dot_corrupt_0.25.png,generated_dot_corrupt_0.25,41998,0.25,839,False,0.2314986139535904,0.00010425236541777849,False,0.2857701329163409,3506.15234375,6433.40283203125,5957.8271484375,5957.8271484375,253.0033721923828
529,images/0529_generated_dot_corrupt_0.25.png,generated_dot_corrupt_0.25,6178,0.25,123,False,0.19629517197608948,0.0005578644340857863,False,0.36200156372165754,2417.1044921875,5196.31884765625,4926.68603515625,4926.68603515625,248.28517150878906
530,images/0530_generated_dot_corrupt_0.25.png,generated_dot_corrupt_0.25,21603,0.25,432,False,0.24138785898685455,0.00026710296515375376,False,0.3635652853792025,4245.95751953125,6991.41455078125,6376.94140625,6376.94140625,254.42568969726562
531,images/0531_generated_dot_corrupt_0.25.png,generated_dot_corrupt_0.25,25185,0.25,503,False,0.2347756177186966,0.00044002695358358324,False,0.4284597341673182,3553.632080078125,6604.8154296875,5886.6865234375,5886.6865234375,297.5920104980469
532,images/0532_generated_dot_corrupt_0.25.png,generated_dot_corrupt_0.25,2431,0.25,48,False,0.24483059346675873,0.0037548786494880915,False,0.6958561376075059,3205.6015625,6017.9150390625,5887.736328125,5887.736328125,232.94219970703125
533,images/0533_generated_dot_corrupt_0.25.png,generated_dot_corrupt_0.25,9216,0.25,184,False,0.1825467199087143,0.0029385844245553017,False,0.4679437060203284,3183.947265625,6327.04833984375,6029.52734375,6029.52734375,239.28639221191406
534,images/0534_generated_dot_corrupt_0.25.png,generated_dot_corrupt_0.25,41841,0.25,836,False,0.20297175645828247,0.0006644268869422376,False,0.4081313526192338,3653.232421875,6465.83544921875,5923.25341796875,5923.25341796875,336.5111389160156
535,images/0535_generated_dot_corrupt_0.25.png,generated_dot_corrupt_0.25,23771,0.25,475,False,0.32565921545028687,0.00045553132076747715,False,0.5613760750586396,3794.22998046875,6871.45166015625,6486.51513671875,6486.51513671875,270.26031494140625
536,images/0536_generated_dot_corrupt_0.25.png,generated_dot_corrupt_0.25,28878,0.25,577,False,0.18297281861305237,0.0004930609138682485,False,0.2716966379984363,3666.93310546875,6326.84423828125,5735.00537109375,5735.00537109375,322.4571838378906
537,images/0537_generated_dot_corrupt_0.25.png,generated_dot_corrupt_0.25,22433,0.25,448,False,0.1776275932788849,0.0008516714442521334,False,0.33854573885848316,3257.745361328125,5980.490234375,5553.40771484375,5553.40771484375,256.8485107421875
538,images/0538_generated_dot_corrupt_0.25.png,generated_dot_corrupt_0.25,6415,0.25,128,False,0.3466423749923706,0.0009350675391033292,False,0.6876465989053948,3733.291259765625,6993.1748046875,6217.63525390625,6217.63525390625,226.71188354492188
539,images/0539_generated_dot_corrupt_0.25.png,generated_dot_corrupt_0.25,28672,0.25,573,False,0.22519735991954803,0.0003037577262148261,False,0.3475371383893667,2448.97705078125,5344.80126953125,5147.69921875,5147.69921875,268.8262023925781
540,images/0540_generated_dot_corrupt_0.25.png,generated_dot_corrupt_0.25,3648,0.25,72,False,0.2593609094619751,0.001404031179845333,False,0.650508209538702,2930.1064453125,6276.48681640625,5830.3408203125,5830.3408203125,268.36590576171875
541,images/0541_generated_dot_corrupt_0.25.png,generated_dot_corrupt_0.25,35074,0.25,701,False,0.27957433462142944,0.0007855661679059267,False,0.6008600469116497,4055.1884765625,7567.525390625,6802.4453125,6802.4453125,266.6883850097656
542,images/0542_generated_dot_corrupt_0.25.png,generated_dot_corrupt_0.25,2831,0.25,56,False,0.24598342180252075,0.00033045231248252094,False,0.4175136825645035,3110.91259765625,5756.21240234375,5476.7392578125,5476.7392578125,224.81707763671875
543,images/0543_generated_dot_corrupt_0.25.png,generated_dot_corrupt_0.25,26200,0.25,524,False,0.20532433688640594,0.0004972695605829358,False,0.37060203283815485,3459.6953125,6437.14208984375,5948.939453125,5948.939453125,232.33636474609375
544,images/0544_generated_dot_corrupt_0.25.png,generated_dot_corrupt_0.25,2460,0.25,49,False,0.2116878777742386,0.0007755917031317949,False,0.4569976544175137,2940.018798828125,5926.66455078125,5712.0947265625,5712.0947265625,231.31556701660156
545,images/0545_generated_dot_corrupt_0.25.png,generated_dot_corrupt_0.25,17912,0.25,358,False,0.23394502699375153,0.0047936150804162025,False,0.6794370602032838,3904.9716796875,6559.6123046875,6282.111328125,6282.111328125,255.13644409179688
546,images/0546_generated_dot_corrupt_0.25.png,generated_dot_corrupt_0.25,41921,0.25,838,False,0.19219300150871277,0.0004057320184074342,False,0.2877247849882721,4259.2060546875,6811.076171875,6085.1650390625,6085.1650390625,383.5132751464844
547,images/0547_generated_dot_corrupt_0.25.png,generated_dot_corrupt_0.25,7590,0.25,151,False,0.235493466258049,0.0006272140308283269,False,0.490226739640344,2968.7451171875,5876.6513671875,5641.498046875,5641.498046875,310.7604675292969
548,images/0548_generated_dot_corrupt_0.25.png,generated_dot_corrupt_0.25,28201,0.25,564,False,0.16908590495586395,0.000246459967456758,False,0.10281469898358092,3239.0390625,6241.916015625,6013.61376953125,6013.61376953125,251.98129272460938
549,images/0549_generated_dot_corrupt_0.25.png,generated_dot_corrupt_0.25,4000,0.25,80,False,0.20426765084266663,0.0012889523059129715,False,0.5058639562157936,3052.65087890625,6193.21142578125,5819.41064453125,5819.41064453125,265.169189453125
550,images/0550_generated_dot_corrupt_0.25.png,generated_dot_corrupt_0.25,22029,0.25,440,False,0.16777685284614563,0.0003438993007875979,False,0.1626270523846755,3645.885986328125,6493.0048828125,6086.2470703125,6086.2470703125,240.14353942871094
551,images/0551_generated_dot_corrupt_0.25.png,generated_dot_corrupt_0.25,48840,0.25,976,False,0.19495435059070587,0.0001919726055348292,False,0.19546520719311963,3311.236572265625,6812.83251953125,6318.54736328125,6318.54736328125,262.7906494140625
552,images/0552_generated_dot_corrupt_0.25.png,generated_dot_corrupt_0.25,32482,0.25,649,False,0.258552223443985,0.001292601227760315,False,0.6391712275215011,2860.458740234375,5928.7333984375,5498.2177734375,5498.2177734375,260.1180725097656
553,images/0553_generated_dot_corrupt_0.25.png,generated_dot_corrupt_0.25,27047,0.25,540,False,0.2256811559200287,0.00038253990351222456,False,0.38350273651290073,2981.98779296875,6400.6318359375,5812.11376953125,5812.11376953125,256.6846923828125
554,images/0554_generated_dot_corrupt_0.25.png,generated_dot_corrupt_0.25,33393,0.25,667,False,0.2635837197303772,0.0003917817957699299,False,0.47107114933541827,3624.284423828125,6379.9580078125,5913.4560546875,5913.4560546875,326.85284423828125
555,images/0555_generated_dot_corrupt_0.25.png,generated_dot_corrupt_0.25,19369,0.25,387,False,0.2591853737831116,0.0009253519237972796,False,0.6063330727130571,3631.85009765625,6275.5810546875,6038.42431640625,6038.42431640625,228.23162841796875
556,images/0556_generated_dot_corrupt_0.25.png,generated_dot_corrupt_0.25,10075,0.25,201,False,0.2250266969203949,0.0011833905009552836,False,0.5516028146989835,3364.09033203125,6521.22314453125,6247.19873046875,6247.19873046875,250.8195343017578
557,images/0557_generated_dot_corrupt_0.25.png,generated_dot_corrupt_0.25,44994,0.25,899,False,0.29601970314979553,0.0005900791729800403,False,0.5836591086786552,4226.53466796875,6904.55419921875,6305.5205078125,6305.5205078125,298.0400695800781
558,images/0558_generated_dot_corrupt_0.25.png,generated_dot_corrupt_0.25,25246,0.25,504,False,0.20210900902748108,0.00030022874125279486,False,0.28537920250195464,4322.06396484375,7255.0205078125,6757.56201171875,6757.56201171875,223.0826873779297
559,images/0559_generated_dot_corrupt_0.25.png,generated_dot_corrupt_0.25,7772,0.25,155,False,0.2627454996109009,0.0009410097845830023,False,0.6172791243158717,2942.852294921875,6004.1728515625,5762.68505859375,5762.68505859375,270.59228515625
560,images/0560_generated_dot_corrupt_0.25.png,generated_dot_corrupt_0.25,26246,0.25,524,False,0.24399200081825256,0.00043262544204480946,False,0.4515246286161063,3560.05078125,6537.49755859375,6054.8125,6054.8125,236.34393310546875
561,images/0561_generated_dot_corrupt_0.25.png,generated_dot_corrupt_0.25,22701,0.25,454,False,0.22571778297424316,0.00024971840321086347,False,0.31196247068021893,3057.32275390625,5757.7138671875,5474.046875,5474.046875,217.84140014648438
562,images/0562_generated_dot_corrupt_0.25.png,generated_dot_corrupt_0.25,49555,0.25,991,False,0.17850609123706818,0.0005007424624636769,False,0.2591868647380766,2838.4228515625,5668.9716796875,5191.458984375,5191.458984375,253.2540740966797
563,images/0563_generated_dot_corrupt_0.25.png,generated_dot_corrupt_0.25,47870,0.25,957,False,0.2002592235803604,0.0003084156196564436,False,0.28537920250195464,3196.336181640625,6179.4970703125,5621.107421875,5621.107421875,253.0594482421875
564,images/0564_generated_dot_corrupt_0.25.png,generated_dot_corrupt_0.25,25050,0.25,501,False,0.18341822922229767,0.0007457131869159639,False,0.33229085222830335,3722.099365234375,6822.97265625,6367.5390625,6367.5390625,262.60626220703125
565,images/0565_generated_dot_corrupt_0.25.png,generated_dot_corrupt_0.25,10171,0.25,203,False,0.1669638603925705,0.0031725489534437656,False,0.42103205629397966,3105.140380859375,6194.44921875,5817.091796875,5817.091796875,257.18109130859375
566,images/0566_generated_dot_corrupt_0.25.png,generated_dot_corrupt_0.25,38742,0.25,774,False,0.18927571177482605,0.0005827528075315058,False,0.3248631743549648,3667.68505859375,6623.4580078125,6278.9140625,6278.9140625,268.3018798828125
567,images/0567_generated_dot_corrupt_0.25.png,generated_dot_corrupt_0.25,41763,0.25,835,False,0.26741862297058105,0.0015250013675540686,False,0.6727912431587177,3176.4560546875,5760.48291015625,5533.298828125,5533.298828125,253.47500610351562
568,images/0568_generated_dot_corrupt_0.25.png,generated_dot_corrupt_0.25,26754,0.25,535,False,0.2737398147583008,0.00024335160560440272,False,0.40265832681782643,3196.523681640625,5850.95703125,5509.3134765625,5509.3134765625,271.61468505859375
569,images/0569_generated_dot_corrupt_0.25.png,generated_dot_corrupt_0.25,269,0.25,5,False,0.19841119647026062,0.001772722927853465,False,0.5226739640344019,2971.36572265625,5649.34375,5235.76806640625,5235.76806640625,317.10986328125
570,images/0570_generated_dot_corrupt_0.25.png,generated_dot_corrupt_0.25,12620,0.25,252,False,0.3098447322845459,0.0010927760740742087,False,0.6849100860046912,3404.3408203125,6580.0263671875,6044.0322265625,6044.0322265625,275.1048583984375
571,images/0571_generated_dot_corrupt_0.25.png,generated_dot_corrupt_0.25,44575,0.25,891,False,0.23535950481891632,0.00023293090634979308,False,0.3295543393275997,4270.1748046875,6930.875,6454.89990234375,6454.89990234375,257.2456359863281
572,images/0572_generated_dot_corrupt_0.25.png,generated_dot_corrupt_0.25,39218,0.25,784,False,0.21269604563713074,0.001048761885613203,False,0.5074276778733385,4570.29248046875,7310.34228515625,6712.0029296875,6712.0029296875,244.19126892089844
573,images/0573_generated_dot_corrupt_0.25.png,generated_dot_corrupt_0.25,49160,0.25,983,False,0.23340246081352234,0.0004926982801407576,False,0.44800625488663015,3356.79833984375,6844.25244140625,6067.91455078125,6067.91455078125,356.880859375
574,images/0574_generated_dot_corrupt_0.25.png,generated_dot_corrupt_0.25,19577,0.25,391,False,0.27457207441329956,0.0008864043629728258,False,0.6211884284597342,3180.427978515625,6062.083984375,5823.34228515625,5823.34228515625,238.8124237060547
575,images/0575_generated_dot_corrupt_0.25.png,generated_dot_corrupt_0.25,34536,0.25,690,False,0.19008609652519226,0.0008008972508832812,False,0.37607505863956214,2769.538330078125,5631.00390625,5393.921875,5393.921875,238.03057861328125
576,images/0576_generated_dot_corrupt_0.75.png,generated_dot_corrupt_0.75,34759,0.75,695,False,0.1648290604352951,0.001258266158401966,False,0.34128225175918686,6260.9453125,8971.3330078125,8567.6083984375,8567.6083984375,263.7343444824219
577,images/0577_generated_dot_corrupt_0.75.png,generated_dot_corrupt_0.75,33300,0.75,666,False,0.19407770037651062,0.00045519962441176176,False,0.318608287724785,7187.05126953125,9994.0869140625,9482.498046875,9482.498046875,296.3607177734375
578,images/0578_generated_dot_corrupt_0.75.png,generated_dot_corrupt_0.75,34345,0.75,686,False,0.16643591225147247,0.00026983724092133343,False,0.11454261141516811,7074.31689453125,9990.380859375,9447.294921875,9447.294921875,284.7574157714844
579,images/0579_generated_dot_corrupt_0.75.png,generated_dot_corrupt_0.75,15357,0.75,307,False,0.18152499198913574,0.0004151668690610677,False,0.2349491790461298,6646.03125,9855.16796875,9400.037109375,9400.037109375,288.54156494140625
580,images/0580_generated_dot_corrupt_0.75.png,generated_dot_corrupt_0.75,5944,0.75,118,False,0.18563705682754517,0.0008023853879421949,False,0.3580922595777951,5712.455078125,8393.7763671875,8047.03369140625,8047.03369140625,249.0202178955078
581,images/0581_generated_dot_corrupt_0.75.png,generated_dot_corrupt_0.75,17372,0.75,347,False,0.21373826265335083,0.0001831978588597849,False,0.2490226739640344,6396.384765625,9547.9228515625,9274.611328125,9274.611328125,258.0143737792969
582,images/0582_generated_dot_corrupt_0.75.png,generated_dot_corrupt_0.75,39617,0.75,792,False,0.16424374282360077,0.0011732871644198895,False,0.33229085222830335,6727.32373046875,9067.712890625,8615.96484375,8615.96484375,256.3900451660156
583,images/0583_generated_dot_corrupt_0.75.png,generated_dot_corrupt_0.75,34249,0.75,684,False,0.2069682478904724,0.0002261061454191804,False,0.2470680218921032,7044.50390625,9891.88671875,9125.384765625,9125.384765625,256.76617431640625
584,images/0584_generated_dot_corrupt_0.75.png,generated_dot_corrupt_0.75,8651,0.75,173,False,0.22901010513305664,0.0024166139774024487,False,0.6211884284597342,6011.95703125,8825.31640625,8535.9638671875,8535.9638671875,251.10284423828125
585,images/0585_generated_dot_corrupt_0.75.png,generated_dot_corrupt_0.75,24775,0.75,495,False,0.2526470720767975,0.0002343281521461904,False,0.3713838936669273,5847.0693359375,8956.958984375,8539.4892578125,8539.4892578125,262.3210144042969
586,images/0586_generated_dot_corrupt_0.75.png,generated_dot_corrupt_0.75,17876,0.75,357,False,0.19144423305988312,0.003501022234559059,False,0.5285379202501954,6179.72900390625,8948.349609375,8636.5107421875,8636.5107421875,265.5921325683594
587,images/0587_generated_dot_corrupt_0.75.png,generated_dot_corrupt_0.75,49443,0.75,988,False,0.2048967182636261,0.0006923081818968058,False,0.4167318217357311,5811.63671875,8460.6484375,7971.1572265625,7971.1572265625,266.3479919433594
588,images/0588_generated_dot_corrupt_0.75.png,generated_dot_corrupt_0.75,48430,0.75,968,False,0.1603693813085556,0.00048688260721974075,False,0.19468334636434714,7160.70361328125,10023.0654296875,9565.9931640625,9565.9931640625,275.83319091796875
589,images/0589_generated_dot_corrupt_0.75.png,generated_dot_corrupt_0.75,25594,0.75,511,False,0.15486200153827667,0.0002266152441734448,False,0.05707584050039093,6024.28076171875,8946.8037109375,8635.3720703125,8635.3720703125,273.60992431640625
590,images/0590_generated_dot_corrupt_0.75.png,generated_dot_corrupt_0.75,27332,0.75,546,False,0.1735573559999466,0.0002905003784690052,False,0.15089913995308835,6934.1005859375,9732.3017578125,9242.845703125,9242.845703125,281.986572265625
591,images/0591_generated_dot_corrupt_0.75.png,generated_dot_corrupt_0.75,29097,0.75,581,False,0.1677495241165161,0.0004226807795930654,False,0.18999218139171226,6754.9423828125,9658.115234375,9372.806640625,9372.806640625,251.941162109375
592,images/0592_generated_dot_corrupt_0.75.png,generated_dot_corrupt_0.75,41998,0.75,839,False,0.19573093950748444,0.0001407816744176671,False,0.1892103205629398,6290.8701171875,9218.12109375,8760.923828125,8760.923828125,279.06060791015625
593,images/0593_generated_dot_corrupt_0.75.png,generated_dot_corrupt_0.75,6178,0.75,123,False,0.1804114729166031,0.0019643085543066263,False,0.436278342455043,4957.26611328125,7736.48046875,7470.61083984375,7470.61083984375,267.1686096191406
594,images/0594_generated_dot_corrupt_0.75.png,generated_dot_corrupt_0.75,21603,0.75,432,False,0.22544077038764954,0.00024954500258900225,False,0.31039874902267395,7104.7470703125,9850.2041015625,9277.0185546875,9277.0185546875,260.0205383300781
595,images/0595_generated_dot_corrupt_0.75.png,generated_dot_corrupt_0.75,25185,0.75,503,False,0.1647554636001587,0.00039011717308312654,False,0.1653635652853792,6719.2568359375,9770.4404296875,9052.9267578125,9052.9267578125,311.8458557128906
596,images/0596_generated_dot_corrupt_0.75.png,generated_dot_corrupt_0.75,2431,0.75,48,False,0.2054004669189453,0.0010683751897886395,False,0.4886630179827991,5642.3046875,8454.6181640625,8323.576171875,8323.576171875,250.6049346923828
597,images/0597_generated_dot_corrupt_0.75.png,generated_dot_corrupt_0.75,9216,0.75,184,False,0.194187194108963,0.0009755445644259453,False,0.4421422986708366,5801.42529296875,8944.5263671875,8676.8037109375,8676.8037109375,251.54115295410156
598,images/0598_generated_dot_corrupt_0.75.png,generated_dot_corrupt_0.75,41841,0.75,836,False,0.18312202394008636,0.0010300928261131048,False,0.38663017982799064,6774.19091796875,9586.7939453125,9066.375,9066.375,328.95751953125
599,images/0599_generated_dot_corrupt_0.75.png,generated_dot_corrupt_0.75,23771,0.75,475,False,0.22513531148433685,0.00030192715348675847,False,0.34362783424550425,6704.34228515625,9781.564453125,9430.6748046875,9430.6748046875,282.1003112792969
600,images/0600_generated_dot_corrupt_0.75.png,generated_dot_corrupt_0.75,28878,0.75,577,False,0.16988696157932281,0.0005206710193306208,False,0.23143080531665364,6587.400390625,9247.3115234375,8667.337890625,8667.337890625,319.68756103515625
601,images/0601_generated_dot_corrupt_0.75.png,generated_dot_corrupt_0.75,22433,0.75,448,False,0.14932499825954437,0.000445190176833421,False,0.1544175136825645,6003.1181640625,8725.86328125,8281.06640625,8281.06640625,263.4564208984375
602,images/0602_generated_dot_corrupt_0.75.png,generated_dot_corrupt_0.75,6415,0.75,128,False,0.23308847844600677,0.0019735086243599653,False,0.6239249413604379,6256.1416015625,9516.025390625,8777.693359375,8777.693359375,254.53988647460938
603,images/0603_generated_dot_corrupt_0.75.png,generated_dot_corrupt_0.75,28672,0.75,573,False,0.15493889153003693,0.00040374757372774184,False,0.15050820953870211,5270.017578125,8165.841796875,7959.95458984375,7959.95458984375,270.7364807128906
604,images/0604_generated_dot_corrupt_0.75.png,generated_dot_corrupt_0.75,3648,0.75,72,False,0.19365008175373077,0.0014710184186697006,False,0.4800625488663018,5714.75341796875,9061.1337890625,8637.59765625,8637.59765625,275.8079528808594
605,images/0605_generated_dot_corrupt_0.75.png,generated_dot_corrupt_0.75,35074,0.75,701,False,0.20986659824848175,0.0005039573297835886,False,0.3885848318999218,7129.83837890625,10642.1748046875,9906.6953125,9906.6953125,264.3569030761719
606,images/0606_generated_dot_corrupt_0.75.png,generated_dot_corrupt_0.75,2831,0.75,56,False,0.19952034950256348,0.0005916092195548117,False,0.3854573885848319,5639.1865234375,8284.486328125,8005.45556640625,8005.45556640625,253.9552459716797
607,images/0607_generated_dot_corrupt_0.75.png,generated_dot_corrupt_0.75,26200,0.75,524,False,0.14601410925388336,0.0007021080236881971,False,0.21266614542611414,6060.7099609375,9038.15625,8551.416015625,8551.416015625,248.51504516601562
608,images/0608_generated_dot_corrupt_0.75.png,generated_dot_corrupt_0.75,2460,0.75,49,False,0.15577280521392822,0.0005650121020153165,False,0.20641125879593433,5379.30322265625,8365.94921875,8159.12646484375,8159.12646484375,249.1703338623047
609,images/0609_generated_dot_corrupt_0.75.png,generated_dot_corrupt_0.75,17912,0.75,358,False,0.18945583701133728,0.004029725678265095,False,0.5226739640344019,6617.92626953125,9272.56640625,8974.0859375,8974.0859375,262.2248229980469
610,images/0610_generated_dot_corrupt_0.75.png,generated_dot_corrupt_0.75,41921,0.75,838,False,0.19203193485736847,0.00033640587935224175,False,0.26035965598123534,7463.6904296875,10015.560546875,9289.453125,9289.453125,377.3388671875
611,images/0611_generated_dot_corrupt_0.75.png,generated_dot_corrupt_0.75,7590,0.75,151,False,0.19365771114826202,0.0006524523487314582,False,0.36982017200938233,5896.8515625,8804.7578125,8582.234375,8582.234375,334.9992370605469
612,images/0612_generated_dot_corrupt_0.75.png,generated_dot_corrupt_0.75,28201,0.75,564,False,0.17719529569149017,0.000269626296358183,False,0.15011727912431588,5840.671875,8843.548828125,8622.037109375,8622.037109375,261.2716979980469
613,images/0613_generated_dot_corrupt_0.75.png,generated_dot_corrupt_0.75,4000,0.75,80,False,0.1886860728263855,0.0016184730920940638,False,0.4573885848318999,6120.373046875,9260.93359375,8870.2939453125,8870.2939453125,270.47344970703125
614,images/0614_generated_dot_corrupt_0.75.png,generated_dot_corrupt_0.75,22029,0.75,440,False,0.1492515653371811,0.0003359018883202225,False,0.11102423768569195,6179.7822265625,9026.9013671875,8619.677734375,8619.677734375,257.318359375
615,images/0615_generated_dot_corrupt_0.75.png,generated_dot_corrupt_0.75,48840,0.75,976,False,0.20588484406471252,0.00021222226496320218,False,0.23846755277560594,6288.50390625,9790.099609375,9283.1669921875,9283.1669921875,268.9537658691406
616,images/0616_generated_dot_corrupt_0.75.png,generated_dot_corrupt_0.75,32482,0.75,649,False,0.1641167551279068,0.0013265408342704177,False,0.34440969507427677,5758.048828125,8826.32421875,8380.736328125,8380.736328125,266.80377197265625
617,images/0617_generated_dot_corrupt_0.75.png,generated_dot_corrupt_0.75,27047,0.75,540,False,0.21401306986808777,0.00047796155558899045,False,0.3924941360437842,5709.20703125,9127.8515625,8555.1171875,8555.1171875,271.4454650878906
618,images/0618_generated_dot_corrupt_0.75.png,generated_dot_corrupt_0.75,33393,0.75,667,False,0.19300483167171478,0.0003692168102134019,False,0.27834245504300237,6545.568359375,9301.2421875,8848.013671875,8848.013671875,324.7000732421875
619,images/0619_generated_dot_corrupt_0.75.png,generated_dot_corrupt_0.75,19369,0.75,387,False,0.16970984637737274,0.0008074819343164563,False,0.2967161845191556,6097.6123046875,8741.3427734375,8541.9453125,8541.9453125,249.23577880859375
620,images/0620_generated_dot_corrupt_0.75.png,generated_dot_corrupt_0.75,10075,0.75,201,False,0.2011326253414154,0.000849313335493207,False,0.44800625488663015,5859.369140625,9016.501953125,8743.537109375,8743.537109375,260.72344970703125
621,images/0621_generated_dot_corrupt_0.75.png,generated_dot_corrupt_0.75,44994,0.75,899,False,0.17477057874202728,0.0008197706774808466,False,0.32212666145426117,7028.00146484375,9706.021484375,9107.0546875,9107.0546875,313.3355407714844
622,images/0622_generated_dot_corrupt_0.75.png,generated_dot_corrupt_0.75,25246,0.75,504,False,0.18785037100315094,0.0002930354967247695,False,0.2060203283815481,7035.7822265625,9968.73828125,9496.19140625,9496.19140625,250.52044677734375
623,images/0623_generated_dot_corrupt_0.75.png,generated_dot_corrupt_0.75,7772,0.75,155,False,0.2083599716424942,0.0004549442382995039,False,0.36278342455043,5728.91796875,8790.23828125,8582.9482421875,8582.9482421875,271.47979736328125
624,images/0624_generated_dot_corrupt_0.75.png,generated_dot_corrupt_0.75,26246,0.75,524,False,0.2073214203119278,0.0006322869448922575,False,0.41477716966379985,6256.4150390625,9233.861328125,8754.408203125,8754.408203125,251.01614379882812
625,images/0625_generated_dot_corrupt_0.75.png,generated_dot_corrupt_0.75,22701,0.75,454,False,0.18438935279846191,0.00026254894328303635,False,0.16966379984362784,5363.810546875,8064.20166015625,7785.36669921875,7785.36669921875,245.79864501953125
626,images/0626_generated_dot_corrupt_0.75.png,generated_dot_corrupt_0.75,49555,0.75,991,False,0.14276355504989624,0.00049669697182253,False,0.15871774824081314,5591.9267578125,8422.4755859375,7922.2998046875,7922.2998046875,264.1183166503906
627,images/0627_generated_dot_corrupt_0.75.png,generated_dot_corrupt_0.75,47870,0.75,957,False,0.17378416657447815,0.00021067164198029786,False,0.10320562939796715,6151.625,9134.7861328125,8611.8828125,8611.8828125,264.42791748046875
628,images/0628_generated_dot_corrupt_0.75.png,generated_dot_corrupt_0.75,25050,0.75,501,False,0.16271042823791504,0.0007489300915040076,False,0.25996872556684913,6611.1494140625,9712.0224609375,9264.49609375,9264.49609375,267.9002685546875
629,images/0629_generated_dot_corrupt_0.75.png,generated_dot_corrupt_0.75,10171,0.75,203,False,0.17209352552890778,0.0013888354878872633,False,0.37724784988272086,5835.74267578125,8925.0517578125,8550.974609375,8550.974609375,284.9435119628906
630,images/0630_generated_dot_corrupt_0.75.png,generated_dot_corrupt_0.75,38742,0.75,774,False,0.1851920783519745,0.0005422757240012288,False,0.29632525410476934,6419.1640625,9374.9365234375,9061.7724609375,9061.7724609375,284.1925354003906
631,images/0631_generated_dot_corrupt_0.75.png,generated_dot_corrupt_0.75,41763,0.75,835,False,0.1919543594121933,0.0006800075643695891,False,0.3620015637216576,5936.10546875,8520.1328125,8294.951171875,8294.951171875,268.5186767578125
632,images/0632_generated_dot_corrupt_0.75.png,generated_dot_corrupt_0.75,26754,0.75,535,False,0.18429286777973175,0.0003136515151709318,False,0.20484753713838938,6017.73046875,8672.1640625,8352.9912109375,8352.9912109375,266.0354309082031
633,images/0633_generated_dot_corrupt_0.75.png,generated_dot_corrupt_0.75,269,0.75,5,False,0.17263615131378174,0.0037070135585963726,False,0.4515246286161063,6248.615234375,8926.5927734375,8537.1396484375,8537.1396484375,323.6514892578125
634,images/0634_generated_dot_corrupt_0.75.png,generated_dot_corrupt_0.75,12620,0.75,252,False,0.22409166395664215,0.0008494602516293526,False,0.5058639562157936,6464.08935546875,9639.775390625,9106.341796875,9106.341796875,277.0368347167969
635,images/0635_generated_dot_corrupt_0.75.png,generated_dot_corrupt_0.75,44575,0.75,891,False,0.21639668941497803,0.0003379097324796021,False,0.34440969507427677,7096.11474609375,9756.814453125,9324.14453125,9324.14453125,283.08740234375
636,images/0636_generated_dot_corrupt_0.75.png,generated_dot_corrupt_0.75,39218,0.75,784,False,0.14730754494667053,0.0014953311765566468,False,0.32017200938233,7259.80517578125,9999.85546875,9437.6484375,9437.6484375,257.0367736816406
637,images/0637_generated_dot_corrupt_0.75.png,generated_dot_corrupt_0.75,49160,0.75,983,False,0.18845365941524506,0.000302053609630093,False,0.21501172791243156,7165.39501953125,10652.849609375,9868.61328125,9868.61328125,356.79364013671875
638,images/0638_generated_dot_corrupt_0.75.png,generated_dot_corrupt_0.75,19577,0.75,391,False,0.2495439201593399,0.0008253922569565475,False,0.5637216575449571,5774.33544921875,8655.9912109375,8431.72265625,8431.72265625,249.886962890625
639,images/0639_generated_dot_corrupt_0.75.png,generated_dot_corrupt_0.75,34536,0.75,690,False,0.1982121765613556,0.0004405584477353841,False,0.32916340891321344,5205.94482421875,8067.41064453125,7834.81005859375,7834.81005859375,258.6581115722656
640,images/0640_generated_direct_corrupt_0.25.png,generated_direct_corrupt_0.25,34759,0.25,695,False,0.22571618854999542,0.0017699924064800143,False,0.5961688819390148,3684.10546875,6394.4931640625,5984.47705078125,5984.47705078125,248.47372436523438
641,images/0641_generated_direct_corrupt_0.25.png,generated_direct_corrupt_0.25,33300,0.25,666,False,0.19704307615756989,0.0003590677515603602,False,0.2963252541047694,4309.82568359375,7116.861328125,6619.87060546875,6619.87060546875,286.3624267578125
642,images/0642_generated_direct_corrupt_0.25.png,generated_direct_corrupt_0.25,34345,0.25,686,False,0.1600162833929062,0.00028279147227294743,False,0.10203283815480846,3866.650390625,6782.71435546875,6240.17431640625,6240.17431640625,272.7177429199219
643,images/0643_generated_direct_corrupt_0.25.png,generated_direct_corrupt_0.25,15357,0.25,307,False,0.17765863239765167,0.0005787840345874429,False,0.27756059421422985,3579.446044921875,6788.5830078125,6352.6171875,6352.6171875,286.9619140625
644,images/0644_generated_direct_corrupt_0.25.png,generated_direct_corrupt_0.25,5944,0.25,118,False,0.2173309177160263,0.0007408079691231251,False,0.4616888193901486,3083.0810546875,5764.40234375,5418.79638671875,5418.79638671875,232.4740753173828
645,images/0645_generated_direct_corrupt_0.25.png,generated_direct_corrupt_0.25,17372,0.25,347,False,0.24332448840141296,0.00018982736219186336,False,0.3295543393275997,3811.906005859375,6963.44384765625,6676.7890625,6676.7890625,245.80795288085938
646,images/0646_generated_direct_corrupt_0.25.png,generated_direct_corrupt_0.25,39617,0.25,792,False,0.21432523429393768,0.0012743188999593258,False,0.5336200156372166,4243.818359375,6584.20703125,6113.22607421875,6113.22607421875,241.5890655517578
647,images/0647_generated_direct_corrupt_0.25.png,generated_direct_corrupt_0.25,34249,0.25,684,False,0.2681812345981598,0.00024836810189299285,False,0.39874902267396406,4165.1103515625,7012.49267578125,6235.443359375,6235.443359375,235.8822021484375
648,images/0648_generated_direct_corrupt_0.25.png,generated_direct_corrupt_0.25,8651,0.25,173,False,0.2393357753753662,0.0031074807047843933,False,0.664972634870993,3507.58251953125,6320.9423828125,6014.4619140625,6014.4619140625,238.6834259033203
649,images/0649_generated_direct_corrupt_0.25.png,generated_direct_corrupt_0.25,24775,0.25,495,False,0.3002752661705017,0.00022057654859963804,False,0.428068803752932,3118.083984375,6227.97314453125,5806.2421875,5806.2421875,255.7641143798828
650,images/0650_generated_direct_corrupt_0.25.png,generated_direct_corrupt_0.25,17876,0.25,357,False,0.19977951049804688,0.0033749162685126066,False,0.5660672400312745,3476.914306640625,6245.53515625,5917.09423828125,5917.09423828125,269.22845458984375
651,images/0651_generated_direct_corrupt_0.25.png,generated_direct_corrupt_0.25,49443,0.25,988,False,0.22888478636741638,0.0009157563326880336,False,0.5351837372947614,2992.09375,5641.10595703125,5171.8857421875,5171.8857421875,261.3674011230469
652,images/0652_generated_direct_corrupt_0.25.png,generated_direct_corrupt_0.25,48430,0.25,968,False,0.21664738655090332,0.00034327912726439536,False,0.346364347146208,3888.813232421875,6751.1748046875,6276.650390625,6276.650390625,301.8919982910156
653,images/0653_generated_direct_corrupt_0.25.png,generated_direct_corrupt_0.25,25594,0.25,511,False,0.17168961465358734,0.00021384401770774275,False,0.09616888193901486,3179.701171875,6102.22412109375,5809.89404296875,5809.89404296875,272.2455749511719
654,images/0654_generated_direct_corrupt_0.25.png,generated_direct_corrupt_0.25,27332,0.25,546,False,0.1985951066017151,0.0003148549294564873,False,0.28342455043002346,3586.211181640625,6384.41259765625,5921.31396484375,5921.31396484375,300.66241455078125
655,images/0655_generated_direct_corrupt_0.25.png,generated_direct_corrupt_0.25,29097,0.25,581,False,0.21375319361686707,0.0004104538820683956,False,0.36473807662236124,4230.1396484375,7133.3125,6868.0859375,6868.0859375,232.00010681152344
656,images/0656_generated_direct_corrupt_0.25.png,generated_direct_corrupt_0.25,41998,0.25,839,False,0.2309187948703766,0.00010361761087551713,False,0.2838154808444097,3552.38232421875,6479.6328125,6015.53515625,6015.53515625,252.28599548339844
657,images/0657_generated_direct_corrupt_0.25.png,generated_direct_corrupt_0.25,6178,0.25,123,False,0.19210126996040344,0.0005628412473015487,False,0.34010946051602814,2415.57666015625,5194.791015625,4932.52783203125,4932.52783203125,252.26202392578125
658,images/0658_generated_direct_corrupt_0.25.png,generated_direct_corrupt_0.25,21603,0.25,432,False,0.24259376525878906,0.00026344589423388243,False,0.3655199374511337,4293.37841796875,7038.83544921875,6435.302734375,6435.302734375,252.73760986328125
659,images/0659_generated_direct_corrupt_0.25.png,generated_direct_corrupt_0.25,25185,0.25,503,False,0.23575758934020996,0.0004478006449062377,False,0.43784206411258797,3509.1875,6560.37109375,5859.71875,5859.71875,301.62322998046875
660,images/0660_generated_direct_corrupt_0.25.png,generated_direct_corrupt_0.25,2431,0.25,48,False,0.2442043572664261,0.0037806788459420204,False,0.6942924159499608,3215.83056640625,6028.14453125,5901.73046875,5901.73046875,232.34555053710938
661,images/0661_generated_direct_corrupt_0.25.png,generated_direct_corrupt_0.25,9216,0.25,184,False,0.1858060210943222,0.0028984148520976305,False,0.48318999218139175,3199.452880859375,6342.5537109375,6056.0380859375,6056.0380859375,240.59115600585938
662,images/0662_generated_direct_corrupt_0.25.png,generated_direct_corrupt_0.25,41841,0.25,836,False,0.1987076699733734,0.0006747348234057426,False,0.3971853010164191,3637.08642578125,6449.689453125,5917.63916015625,5917.63916015625,340.0796813964844
663,images/0663_generated_direct_corrupt_0.25.png,generated_direct_corrupt_0.25,23771,0.25,475,False,0.3147816061973572,0.0004245467425789684,False,0.5437842064112588,3787.854248046875,6865.076171875,6501.77197265625,6501.77197265625,279.7195739746094
664,images/0664_generated_direct_corrupt_0.25.png,generated_direct_corrupt_0.25,28878,0.25,577,False,0.18230020999908447,0.0004867866518907249,False,0.26465989053948397,3706.226318359375,6366.1376953125,5785.40576171875,5785.40576171875,321.6832580566406
665,images/0665_generated_direct_corrupt_0.25.png,generated_direct_corrupt_0.25,22433,0.25,448,False,0.18211589753627777,0.0008720969781279564,False,0.35691946833463645,3297.931396484375,6020.67578125,5600.80078125,5600.80078125,252.8404998779297
666,images/0666_generated_direct_corrupt_0.25.png,generated_direct_corrupt_0.25,6415,0.25,128,False,0.34815990924835205,0.001025104196742177,False,0.6946833463643471,3770.4423828125,7030.326171875,6266.537109375,6266.537109375,228.86849975585938
667,images/0667_generated_direct_corrupt_0.25.png,generated_direct_corrupt_0.25,28672,0.25,573,False,0.23111075162887573,0.00030531338416039944,False,0.3674745895230649,2501.545166015625,5397.369140625,5214.591796875,5214.591796875,264.484375
668,images/0668_generated_direct_corrupt_0.25.png,generated_direct_corrupt_0.25,3648,0.25,72,False,0.2623075842857361,0.0014728483511134982,False,0.6610633307271305,2959.4375,6305.81787109375,5868.037109375,5868.037109375,267.9421691894531
669,images/0669_generated_direct_corrupt_0.25.png,generated_direct_corrupt_0.25,35074,0.25,701,False,0.2817528247833252,0.0007717262487858534,False,0.6000781860828772,4111.21484375,7623.5517578125,6880.41748046875,6880.41748046875,263.1606140136719
670,images/0670_generated_direct_corrupt_0.25.png,generated_direct_corrupt_0.25,2831,0.25,56,False,0.24492809176445007,0.00032927104621194303,False,0.41594996090695857,3137.15087890625,5782.45068359375,5507.97265625,5507.97265625,224.68072509765625
671,images/0671_generated_direct_corrupt_0.25.png,generated_direct_corrupt_0.25,26200,0.25,524,False,0.1953919678926468,0.0004884551744908094,False,0.3377638780297107,3480.94384765625,6458.390625,5978.771484375,5978.771484375,231.736572265625
672,images/0672_generated_direct_corrupt_0.25.png,generated_direct_corrupt_0.25,2460,0.25,49,False,0.212376669049263,0.0007724775350652635,False,0.45817044566067244,2959.033447265625,5945.67919921875,5736.0517578125,5736.0517578125,231.3018341064453
673,images/0673_generated_direct_corrupt_0.25.png,generated_direct_corrupt_0.25,17912,0.25,358,False,0.2361288219690323,0.004774177446961403,False,0.684519155590305,3939.410400390625,6594.05078125,6319.849609375,6319.849609375,250.424072265625
674,images/0674_generated_direct_corrupt_0.25.png,generated_direct_corrupt_0.25,41921,0.25,838,False,0.18810157477855682,0.00040262326365336776,False,0.25723221266614543,4238.5693359375,6790.439453125,6069.09375,6069.09375,389.34942626953125
675,images/0675_generated_direct_corrupt_0.25.png,generated_direct_corrupt_0.25,7590,0.25,151,False,0.22908326983451843,0.0006199985509738326,False,0.46950742767787335,2976.65087890625,5884.5576171875,5669.31103515625,5669.31103515625,318.2098083496094
676,images/0676_generated_direct_corrupt_0.25.png,generated_direct_corrupt_0.25,28201,0.25,564,False,0.1692996770143509,0.0002487848396413028,False,0.10516028146989836,3255.1181640625,6257.9951171875,6037.02734375,6037.02734375,251.43551635742188
677,images/0677_generated_direct_corrupt_0.25.png,generated_direct_corrupt_0.25,4000,0.25,80,False,0.1992330700159073,0.0012195619056001306,False,0.48553557466770914,3147.44287109375,6288.00341796875,5943.26171875,5943.26171875,256.5445861816406
678,images/0678_generated_direct_corrupt_0.25.png,generated_direct_corrupt_0.25,22029,0.25,440,False,0.16605044901371002,0.0003365100419614464,False,0.15402658326817825,3667.38037109375,6514.49951171875,6113.04296875,6113.04296875,238.09884643554688
679,images/0679_generated_direct_corrupt_0.25.png,generated_direct_corrupt_0.25,48840,0.25,976,False,0.19814108312129974,0.00018690232536755502,False,0.20602032838154807,3331.692138671875,6833.2880859375,6348.2724609375,6348.2724609375,262.40240478515625
680,images/0680_generated_direct_corrupt_0.25.png,generated_direct_corrupt_0.25,32482,0.25,649,False,0.25547999143600464,0.0012856223620474339,False,0.6348709929632526,2851.73779296875,5920.0126953125,5498.9130859375,5498.9130859375,261.8921813964844
681,images/0681_generated_direct_corrupt_0.25.png,generated_direct_corrupt_0.25,27047,0.25,540,False,0.2252735048532486,0.00037467817310243845,False,0.38154808444096955,3039.1845703125,6457.8291015625,5877.62060546875,5877.62060546875,253.23187255859375
682,images/0682_generated_direct_corrupt_0.25.png,generated_direct_corrupt_0.25,33393,0.25,667,False,0.2523975968360901,0.00040203804383054376,False,0.4562157935887412,3648.27392578125,6403.947265625,5957.97265625,5957.97265625,329.36822509765625
683,images/0683_generated_direct_corrupt_0.25.png,generated_direct_corrupt_0.25,19369,0.25,387,False,0.2497285157442093,0.0008900812244974077,False,0.5840500390930414,3672.753173828125,6316.48388671875,6085.126953125,6085.126953125,228.13963317871094
684,images/0684_generated_direct_corrupt_0.25.png,generated_direct_corrupt_0.25,10075,0.25,201,False,0.22525762021541595,0.0012312429025769234,False,0.555512118842846,3398.85400390625,6555.98681640625,6287.7021484375,6287.7021484375,247.5197296142578
685,images/0685_generated_direct_corrupt_0.25.png,generated_direct_corrupt_0.25,44994,0.25,899,False,0.2839367687702179,0.0006001561414450407,False,0.5680218921032056,4188.16357421875,6866.18310546875,6283.62841796875,6283.62841796875,309.8930969238281
686,images/0686_generated_direct_corrupt_0.25.png,generated_direct_corrupt_0.25,25246,0.25,504,False,0.20060721039772034,0.00029972929041832685,False,0.27912431587177483,4343.38525390625,7276.341796875,6785.66455078125,6785.66455078125,225.03919982910156
687,images/0687_generated_direct_corrupt_0.25.png,generated_direct_corrupt_0.25,7772,0.25,155,False,0.25513750314712524,0.0009334112983196974,False,0.6035965598123534,2978.8779296875,6040.1982421875,5811.7744140625,5811.7744140625,271.002197265625
688,images/0688_generated_direct_corrupt_0.25.png,generated_direct_corrupt_0.25,26246,0.25,524,False,0.24353094398975372,0.0004130787856411189,False,0.44487881157154024,3570.27294921875,6547.7197265625,6072.86328125,6072.86328125,236.16683959960938
689,images/0689_generated_direct_corrupt_0.25.png,generated_direct_corrupt_0.25,22701,0.25,454,False,0.22738966345787048,0.00024463044246658683,False,0.3111806098514464,3055.11865234375,5755.509765625,5476.5947265625,5476.5947265625,218.7295684814453
690,images/0690_generated_direct_corrupt_0.25.png,generated_direct_corrupt_0.25,49555,0.25,991,False,0.17593130469322205,0.0004993986804038286,False,0.24980453479280687,2849.80126953125,5680.349609375,5209.3916015625,5209.3916015625,251.99392700195312
691,images/0691_generated_direct_corrupt_0.25.png,generated_direct_corrupt_0.25,47870,0.25,957,False,0.20126096904277802,0.0003025732876267284,False,0.2857701329163409,3259.893310546875,6243.0546875,5693.837890625,5693.837890625,251.37911987304688
692,images/0692_generated_direct_corrupt_0.25.png,generated_direct_corrupt_0.25,25050,0.25,501,False,0.18185459077358246,0.0007264455198310316,False,0.32212666145426117,3734.417724609375,6835.291015625,6392.9609375,6392.9609375,261.92449951171875
693,images/0693_generated_direct_corrupt_0.25.png,generated_direct_corrupt_0.25,10171,0.25,203,False,0.1669621616601944,0.003169585019350052,False,0.42025019546520714,3092.08837890625,6181.3974609375,5809.255859375,5809.255859375,259.3589782714844
694,images/0694_generated_direct_corrupt_0.25.png,generated_direct_corrupt_0.25,38742,0.25,774,False,0.18913140892982483,0.0006113403360359371,False,0.33229085222830335,3723.912841796875,6679.685546875,6353.3046875,6353.3046875,262.09210205078125
695,images/0695_generated_direct_corrupt_0.25.png,generated_direct_corrupt_0.25,41763,0.25,835,False,0.26880618929862976,0.0015364072751253843,False,0.6755277560594215,3190.1865234375,5774.21337890625,5557.19189453125,5557.19189453125,253.55450439453125
696,images/0696_generated_direct_corrupt_0.25.png,generated_direct_corrupt_0.25,26754,0.25,535,False,0.2755851149559021,0.0002506223099771887,False,0.41360437842064113,3187.167724609375,5841.6005859375,5506.396484375,5506.396484375,273.946533203125
697,images/0697_generated_direct_corrupt_0.25.png,generated_direct_corrupt_0.25,269,0.25,5,False,0.19917649030685425,0.002138140145689249,False,0.5351837372947615,2974.063232421875,5652.041015625,5245.94482421875,5245.94482421875,322.3720397949219
698,images/0698_generated_direct_corrupt_0.25.png,generated_direct_corrupt_0.25,12620,0.25,252,False,0.31743407249450684,0.0010897389147430658,False,0.6915559030492573,3435.428955078125,6611.11474609375,6086.97119140625,6086.97119140625,273.30523681640625
699,images/0699_generated_direct_corrupt_0.25.png,generated_direct_corrupt_0.25,44575,0.25,891,False,0.24859599769115448,0.0002454631612636149,False,0.3655199374511337,4207.3671875,6868.0673828125,6416.626953125,6416.626953125,295.4833984375
700,images/0700_generated_direct_corrupt_0.25.png,generated_direct_corrupt_0.25,39218,0.25,784,False,0.21407252550125122,0.001086044474504888,False,0.5160281469898358,4611.4677734375,7351.517578125,6767.0654296875,6767.0654296875,242.16949462890625
701,images/0701_generated_direct_corrupt_0.25.png,generated_direct_corrupt_0.25,49160,0.25,983,False,0.23622702062129974,0.0004899919731542468,False,0.4550430023455825,3343.2841796875,6830.73828125,6070.5029296875,6070.5029296875,350.7785949707031
702,images/0702_generated_direct_corrupt_0.25.png,generated_direct_corrupt_0.25,19577,0.25,391,False,0.27286964654922485,0.0008955944795161486,False,0.6223612197028929,3204.458740234375,6086.1142578125,5855.1376953125,5855.1376953125,237.27545166015625
703,images/0703_generated_direct_corrupt_0.25.png,generated_direct_corrupt_0.25,34536,0.25,690,False,0.1912059783935547,0.0007929981220513582,False,0.3811571540265833,2800.61083984375,5662.07666015625,5429.66796875,5429.66796875,235.6269989013672
704,images/0704_generated_direct_corrupt_0.75.png,generated_direct_corrupt_0.75,34759,0.75,695,False,0.16577881574630737,0.0012340911198407412,False,0.34440969507427677,6259.30810546875,8969.6953125,8571.134765625,8571.134765625,261.8060607910156
705,images/0705_generated_direct_corrupt_0.75.png,generated_direct_corrupt_0.75,33300,0.75,666,False,0.19347229599952698,0.0004536737105809152,False,0.3127443315089914,7180.9423828125,9987.978515625,9480.5859375,9480.5859375,300.12603759765625
706,images/0706_generated_direct_corrupt_0.75.png,generated_direct_corrupt_0.75,34345,0.75,686,False,0.16624844074249268,0.00027010616031475365,False,0.11376075058639562,7095.07666015625,10011.140625,9470.7646484375,9470.7646484375,281.5838623046875
707,images/0707_generated_direct_corrupt_0.75.png,generated_direct_corrupt_0.75,15357,0.75,307,False,0.1813509613275528,0.00041747273644432425,False,0.23534010946051603,6643.70849609375,9852.845703125,9401.1201171875,9401.1201171875,289.3402099609375
708,images/0708_generated_direct_corrupt_0.75.png,generated_direct_corrupt_0.75,5944,0.75,118,False,0.18535520136356354,0.0008035123464651406,False,0.35535574667709147,5716.6337890625,8397.955078125,8052.447265625,8052.447265625,248.8488006591797
709,images/0709_generated_direct_corrupt_0.75.png,generated_direct_corrupt_0.75,17372,0.75,347,False,0.21312527358531952,0.00018321358948014677,False,0.24745895230648945,6406.8701171875,9558.408203125,9288.3134765625,9288.3134765625,257.9902648925781
710,images/0710_generated_direct_corrupt_0.75.png,generated_direct_corrupt_0.75,39617,0.75,792,False,0.16434064507484436,0.0011678910814225674,False,0.33229085222830335,6735.2001953125,9075.5888671875,8625.142578125,8625.142578125,256.66400146484375
711,images/0711_generated_direct_corrupt_0.75.png,generated_direct_corrupt_0.75,34249,0.75,684,False,0.2068641483783722,0.00023039312509354204,False,0.25019546520719316,7051.33935546875,9898.7216796875,9134.82421875,9134.82421875,255.8531036376953
712,images/0712_generated_direct_corrupt_0.75.png,generated_direct_corrupt_0.75,8651,0.75,173,False,0.22964556515216827,0.0024131082464009523,False,0.6247068021892104,6018.0009765625,8831.361328125,8543.90234375,8543.90234375,251.89010620117188
713,images/0713_generated_direct_corrupt_0.75.png,generated_direct_corrupt_0.75,24775,0.75,495,False,0.25253790616989136,0.0002348675043322146,False,0.37138389366692726,5848.51171875,8958.400390625,8546.560546875,8546.560546875,262.3512268066406
714,images/0714_generated_direct_corrupt_0.75.png,generated_direct_corrupt_0.75,17876,0.75,357,False,0.19114138185977936,0.003485503839328885,False,0.5230648944487881,6190.4462890625,8959.0673828125,8648.80859375,8648.80859375,268.8002014160156
715,images/0715_generated_direct_corrupt_0.75.png,generated_direct_corrupt_0.75,49443,0.75,988,False,0.2046954482793808,0.0006951382383704185,False,0.418295543393276,5807.48046875,8456.4921875,7969.0166015625,7969.0166015625,267.0638122558594
716,images/0716_generated_direct_corrupt_0.75.png,generated_direct_corrupt_0.75,48430,0.75,968,False,0.16162589192390442,0.00048018337110988796,False,0.19507427677873337,7154.27490234375,10016.63671875,9567.552734375,9567.552734375,277.58172607421875
717,images/0717_generated_direct_corrupt_0.75.png,generated_direct_corrupt_0.75,25594,0.75,511,False,0.15474818646907806,0.00022640786482952535,False,0.05590304925723222,6032.7177734375,8955.240234375,8647.0830078125,8647.0830078125,272.6290588378906
718,images/0718_generated_direct_corrupt_0.75.png,generated_direct_corrupt_0.75,27332,0.75,546,False,0.17277783155441284,0.00028947999817319214,False,0.14464425332290853,6952.7548828125,9750.9560546875,9273.763671875,9273.763671875,280.4927978515625
719,images/0719_generated_direct_corrupt_0.75.png,generated_direct_corrupt_0.75,29097,0.75,581,False,0.16796721518039703,0.000423426361521706,False,0.191164972634871,6757.998046875,9661.1708984375,9377.77734375,9377.77734375,252.1820068359375
720,images/0720_generated_direct_corrupt_0.75.png,generated_direct_corrupt_0.75,41998,0.75,839,False,0.19490478932857513,0.00014001708768773824,False,0.18373729476153244,6300.4755859375,9227.7265625,8775.3095703125,8775.3095703125,279.3570861816406
721,images/0721_generated_direct_corrupt_0.75.png,generated_direct_corrupt_0.75,6178,0.75,123,False,0.18007394671440125,0.0019613413605839014,False,0.43510555121188427,4957.7216796875,7736.93603515625,7473.314453125,7473.314453125,269.4236755371094
722,images/0722_generated_direct_corrupt_0.75.png,generated_direct_corrupt_0.75,21603,0.75,432,False,0.22526352107524872,0.0002489075413905084,False,0.3080531665363565,7114.302734375,9859.759765625,9287.998046875,9287.998046875,260.0894775390625
723,images/0723_generated_direct_corrupt_0.75.png,generated_direct_corrupt_0.75,25185,0.75,503,False,0.1645970642566681,0.00039153738180175424,False,0.16575449569976544,6702.1533203125,9753.3369140625,9042.146484375,9042.146484375,314.3905944824219
724,images/0724_generated_direct_corrupt_0.75.png,generated_direct_corrupt_0.75,2431,0.75,48,False,0.20580999553203583,0.0010626261355355382,False,0.48944487881157156,5644.255859375,8456.5693359375,8326.552734375,8326.552734375,250.4966583251953
725,images/0725_generated_direct_corrupt_0.75.png,generated_direct_corrupt_0.75,9216,0.75,184,False,0.19342383742332458,0.0009784885914996266,False,0.436278342455043,5811.107421875,8954.208984375,8687.90234375,8687.90234375,251.7375946044922
726,images/0726_generated_direct_corrupt_0.75.png,generated_direct_corrupt_0.75,41841,0.75,836,False,0.1827073097229004,0.0010298393899574876,False,0.38389366692728694,6776.2119140625,9588.814453125,9071.59765625,9071.59765625,330.6626281738281
727,images/0727_generated_direct_corrupt_0.75.png,generated_direct_corrupt_0.75,23771,0.75,475,False,0.22419942915439606,0.00030377961229532957,False,0.344800625488663,6697.44970703125,9774.671875,9432.705078125,9432.705078125,287.1385803222656
728,images/0728_generated_direct_corrupt_0.75.png,generated_direct_corrupt_0.75,28878,0.75,577,False,0.16932667791843414,0.0005218771402724087,False,0.23221266614542613,6597.8359375,9257.7470703125,8681.23046875,8681.23046875,319.7295837402344
729,images/0729_generated_direct_corrupt_0.75.png,generated_direct_corrupt_0.75,22433,0.75,448,False,0.14938077330589294,0.00044260118738748133,False,0.1532447224394058,6008.19091796875,8730.935546875,8289.193359375,8289.193359375,261.91595458984375
730,images/0730_generated_direct_corrupt_0.75.png,generated_direct_corrupt_0.75,6415,0.75,128,False,0.23299753665924072,0.0020108043681830168,False,0.6247068021892104,6265.0810546875,9524.96484375,8789.830078125,8789.830078125,257.2270202636719
731,images/0731_generated_direct_corrupt_0.75.png,generated_direct_corrupt_0.75,28672,0.75,573,False,0.15596584975719452,0.00040311936754733324,False,0.15168100078186084,5275.6337890625,8171.4580078125,7971.251953125,7971.251953125,268.1383056640625
732,images/0732_generated_direct_corrupt_0.75.png,generated_direct_corrupt_0.75,3648,0.75,72,False,0.19400350749492645,0.0014806849649176002,False,0.4847537138389367,5727.48046875,9073.861328125,8652.0478515625,8652.0478515625,275.1591796875
733,images/0733_generated_direct_corrupt_0.75.png,generated_direct_corrupt_0.75,35074,0.75,701,False,0.21000242233276367,0.0004997348878532648,False,0.3874120406567631,7130.083984375,10642.4208984375,9910.37109375,9910.37109375,264.5116271972656
734,images/0734_generated_direct_corrupt_0.75.png,generated_direct_corrupt_0.75,2831,0.75,56,False,0.19908206164836884,0.0005903157871216536,False,0.38272087568412827,5643.5673828125,8288.8671875,8010.9404296875,8010.9404296875,253.52252197265625
735,images/0735_generated_direct_corrupt_0.75.png,generated_direct_corrupt_0.75,26200,0.75,524,False,0.14606653153896332,0.0007029200787656009,False,0.21383893666927287,6061.908203125,9039.35546875,8554.4453125,8554.4453125,248.2623291015625
736,images/0736_generated_direct_corrupt_0.75.png,generated_direct_corrupt_0.75,2460,0.75,49,False,0.1554798036813736,0.0005618897848762572,False,0.20484753713838938,5382.84375,8369.4892578125,8163.9345703125,8163.9345703125,249.12371826171875
737,images/0737_generated_direct_corrupt_0.75.png,generated_direct_corrupt_0.75,17912,0.75,358,False,0.18945784866809845,0.004037951584905386,False,0.5234558248631744,6622.6796875,9277.3203125,8980.7080078125,8980.7080078125,260.630859375
738,images/0738_generated_direct_corrupt_0.75.png,generated_direct_corrupt_0.75,41921,0.75,838,False,0.19189320504665375,0.00033553087268956006,False,0.25645035183737297,7457.5673828125,10009.4375,9286.1953125,9286.1953125,378.7024230957031
739,images/0739_generated_direct_corrupt_0.75.png,generated_direct_corrupt_0.75,7590,0.75,151,False,0.1917361617088318,0.0006530859391205013,False,0.356137607505864,5903.9658203125,8811.8720703125,8595.3994140625,8595.3994140625,335.5220031738281
740,images/0740_generated_direct_corrupt_0.75.png,generated_direct_corrupt_0.75,28201,0.75,564,False,0.17722958326339722,0.0002695077855605632,False,0.15011727912431588,5845.50146484375,8848.3779296875,8629.0517578125,8629.0517578125,261.08380126953125
741,images/0741_generated_direct_corrupt_0.75.png,generated_direct_corrupt_0.75,4000,0.75,80,False,0.18894289433956146,0.0016133919125422835,False,0.45777951524628613,6125.1396484375,9265.7001953125,8897.1298828125,8897.1298828125,265.9125061035156
742,images/0742_generated_direct_corrupt_0.75.png,generated_direct_corrupt_0.75,22029,0.75,440,False,0.14916101098060608,0.0003367762255948037,False,0.11141516810007819,6185.314453125,9032.43359375,8627.0556640625,8627.0556640625,256.0843505859375
743,images/0743_generated_direct_corrupt_0.75.png,generated_direct_corrupt_0.75,48840,0.75,976,False,0.20569737255573273,0.00021451889188028872,False,0.2380766223612197,6287.8310546875,9789.4267578125,9285.78515625,9285.78515625,269.352783203125
744,images/0744_generated_direct_corrupt_0.75.png,generated_direct_corrupt_0.75,32482,0.75,649,False,0.1638363152742386,0.001325302990153432,False,0.3424550430023456,5757.205078125,8825.48046875,8382.421875,8382.421875,267.5079345703125
745,images/0745_generated_direct_corrupt_0.75.png,generated_direct_corrupt_0.75,27047,0.75,540,False,0.21299894154071808,0.0004821122856810689,False,0.3893666927286943,5721.18310546875,9139.8271484375,8570.20703125,8570.20703125,269.7235412597656
746,images/0746_generated_direct_corrupt_0.75.png,generated_direct_corrupt_0.75,33393,0.75,667,False,0.19078585505485535,0.00036818478838540614,False,0.26192337763878026,6550.2177734375,9305.890625,8858.21484375,8858.21484375,324.94244384765625
747,images/0747_generated_direct_corrupt_0.75.png,generated_direct_corrupt_0.75,19369,0.75,387,False,0.1690826565027237,0.0008093945798464119,False,0.2955433932759969,6110.06298828125,8753.7939453125,8556.603515625,8556.603515625,249.37477111816406
748,images/0748_generated_direct_corrupt_0.75.png,generated_direct_corrupt_0.75,10075,0.75,201,False,0.20102034509181976,0.0008554209489375353,False,0.4499609069585614,5867.2109375,9024.34375,8754.037109375,8754.037109375,259.2509460449219
749,images/0749_generated_direct_corrupt_0.75.png,generated_direct_corrupt_0.75,44994,0.75,899,False,0.17421558499336243,0.0008123938459903002,False,0.3166536356528538,7020.89111328125,9698.91015625,9103.56640625,9103.56640625,318.0267639160156
750,images/0750_generated_direct_corrupt_0.75.png,generated_direct_corrupt_0.75,25246,0.75,504,False,0.18799087405204773,0.00029239137074910104,False,0.20602032838154807,7045.7138671875,9978.669921875,9507.7587890625,9507.7587890625,250.79541015625
751,images/0751_generated_direct_corrupt_0.75.png,generated_direct_corrupt_0.75,7772,0.75,155,False,0.20720861852169037,0.00045563094317913055,False,0.36200156372165754,5733.6005859375,8794.9208984375,8590.494140625,8590.494140625,272.49609375
752,images/0752_generated_direct_corrupt_0.75.png,generated_direct_corrupt_0.75,26246,0.75,524,False,0.20744016766548157,0.0006291912286542356,False,0.4143862392494136,6259.4560546875,9236.90234375,8759.59765625,8759.59765625,250.82691955566406
753,images/0753_generated_direct_corrupt_0.75.png,generated_direct_corrupt_0.75,22701,0.75,454,False,0.18421240150928497,0.00026330084074288607,False,0.16888193901485535,5366.55078125,8066.94189453125,7789.298828125,7789.298828125,245.80819702148438
754,images/0754_generated_direct_corrupt_0.75.png,generated_direct_corrupt_0.75,49555,0.75,991,False,0.14279766380786896,0.0005008057923987508,False,0.1622361219702893,5590.91748046875,8421.4658203125,7923.40673828125,7923.40673828125,263.5643005371094
755,images/0755_generated_direct_corrupt_0.75.png,generated_direct_corrupt_0.75,47870,0.75,957,False,0.17346720397472382,0.0002107071632053703,False,0.10242376856919469,6165.01220703125,9148.173828125,8629.3291015625,8629.3291015625,264.15447998046875
756,images/0756_generated_direct_corrupt_0.75.png,generated_direct_corrupt_0.75,25050,0.75,501,False,0.1626656949520111,0.0007492747972719371,False,0.2599687255668491,6615.81591796875,9716.689453125,9272.220703125,9272.220703125,266.6102294921875
757,images/0757_generated_direct_corrupt_0.75.png,generated_direct_corrupt_0.75,10171,0.75,203,False,0.17210718989372253,0.0013827281072735786,False,0.37724784988272086,5831.56298828125,8920.8720703125,8547.97265625,8547.97265625,287.64923095703125
758,images/0758_generated_direct_corrupt_0.75.png,generated_direct_corrupt_0.75,38742,0.75,774,False,0.18545305728912354,0.0005473046330735087,False,0.30062548866301797,6437.00830078125,9392.78125,9086.9140625,9086.9140625,276.0259094238281
759,images/0759_generated_direct_corrupt_0.75.png,generated_direct_corrupt_0.75,41763,0.75,835,False,0.19199980795383453,0.0006768243038095534,False,0.36317435496481626,5939.4345703125,8523.4609375,8300.501953125,8300.501953125,268.3282165527344
760,images/0760_generated_direct_corrupt_0.75.png,generated_direct_corrupt_0.75,26754,0.75,535,False,0.18451766669750214,0.0003140675544273108,False,0.2060203283815481,6015.65380859375,8670.0869140625,8352.099609375,8352.099609375,267.2362365722656
761,images/0761_generated_direct_corrupt_0.75.png,generated_direct_corrupt_0.75,269,0.75,5,False,0.17210887372493744,0.0038178886752575636,False,0.4519155590304926,6242.9775390625,8920.955078125,8537.0126953125,8537.0126953125,327.5242919921875
762,images/0762_generated_direct_corrupt_0.75.png,generated_direct_corrupt_0.75,12620,0.75,252,False,0.22526420652866364,0.0008533023064956069,False,0.5125097732603596,6474.083984375,9649.76953125,9122.0234375,9122.0234375,276.0721435546875
763,images/0763_generated_direct_corrupt_0.75.png,generated_direct_corrupt_0.75,44575,0.75,891,False,0.21579818427562714,0.0003316359070595354,False,0.3385457388584832,7079.4296875,9740.1298828125,9314.80078125,9314.80078125,306.2680358886719
764,images/0764_generated_direct_corrupt_0.75.png,generated_direct_corrupt_0.75,39218,0.75,784,False,0.14737041294574738,0.0015087197534739971,False,0.32173573103987485,7275.5712890625,10015.62109375,9455.8642578125,9455.8642578125,256.3114318847656
765,images/0765_generated_direct_corrupt_0.75.png,generated_direct_corrupt_0.75,49160,0.75,983,False,0.19002750515937805,0.00030340655939653516,False,0.22556684910086006,7167.53369140625,10654.98828125,9874.3447265625,9874.3447265625,355.22760009765625
766,images/0766_generated_direct_corrupt_0.75.png,generated_direct_corrupt_0.75,19577,0.75,391,False,0.24807174503803253,0.0008281258051283658,False,0.562157935887412,5778.04296875,8659.69921875,8437.509765625,8437.509765625,249.80601501464844
767,images/0767_generated_direct_corrupt_0.75.png,generated_direct_corrupt_0.75,34536,0.75,690,False,0.19781510531902313,0.00044041528599336743,False,0.32759968725566846,5213.97216796875,8075.43798828125,7844.7099609375,7844.7099609375,257.0755615234375
768,images/0768_wrong_label_0.png,wrong_label_0,34759,0.0,600,True,0.3683372437953949,0.013941769488155842,False,0.8491008600469117,-13575.65625,-10925.890625,-11374.763671875,-11374.763671875,8.698992729187012
769,images/0769_wrong_label_0.png,wrong_label_0,33300,0.0,659,True,0.5094087719917297,0.12325762212276459,False,0.9401876465989054,-14704.875,-11649.05078125,-12360.3173828125,-12360.3173828125,10.823830604553223
770,images/0770_wrong_label_0.png,wrong_label_0,34345,0.0,753,True,0.6828656196594238,0.2982144057750702,False,0.9698983580922595,-4031.2451171875,-984.85791015625,-1523.9117431640625,-1523.9117431640625,22.195884704589844
771,images/0771_wrong_label_0.png,wrong_label_0,15357,0.0,303,True,0.4563083350658417,0.007529635448008776,False,0.8698201720093823,-6008.76171875,-3018.16455078125,-3594.72509765625,-3594.72509765625,10.337180137634277
772,images/0772_wrong_label_0.png,wrong_label_0,5944,0.0,121,True,0.517914891242981,0.05338243022561073,False,0.9308053166536356,-5498.77734375,-2706.64453125,-3015.27197265625,-3015.27197265625,8.318772315979004
773,images/0773_wrong_label_0.png,wrong_label_0,17372,0.0,346,True,0.42775455117225647,0.006349689792841673,False,0.8534010946051602,-4732.33447265625,-1763.413818359375,-2036.52001953125,-2036.52001953125,13.796348571777344
774,images/0774_wrong_label_0.png,wrong_label_0,39617,0.0,596,True,0.26167646050453186,0.003542433027178049,False,0.7212666145426114,-2284.41650390625,-55.74658203125,-858.0756225585938,-858.0756225585938,33.95496368408203
775,images/0775_wrong_label_0.png,wrong_label_0,34249,0.0,719,True,0.23896735906600952,0.007175489328801632,False,0.7068021892103206,-5250.4140625,-2138.404296875,-2881.19482421875,-2881.19482421875,11.556568145751953
776,images/0776_wrong_label_0.png,wrong_label_0,8651,0.0,215,True,0.41572335362434387,0.03876121714711189,False,0.8936669272869429,-6118.65673828125,-3101.77099609375,-3503.156005859375,-3503.156005859375,14.260462760925293
777,images/0777_wrong_label_0.png,wrong_label_0,24775,0.0,868,True,0.30910199880599976,0.018604883924126625,False,0.8334636434714621,-4760.892578125,-1920.33447265625,-2476.556396484375,-2476.556396484375,24.90184211730957
778,images/0778_wrong_label_0.png,wrong_label_0,17876,0.0,358,True,0.597791314125061,0.20526553690433502,False,0.9597341673182174,-4039.703857421875,-1385.063232421875,-1734.9542236328125,-1734.9542236328125,13.204898834228516
779,images/0779_wrong_label_0.png,wrong_label_0,49443,0.0,989,True,0.19019044935703278,0.0035361391492187977,False,0.5207193119624707,-6554.27001953125,-3667.453125,-4433.8212890625,-4433.8212890625,12.859182357788086
780,images/0780_wrong_label_0.png,wrong_label_0,48430,0.0,865,True,0.44350484013557434,0.5409618020057678,True,0.9558248631743549,-2604.31005859375,9.900146484375,-529.443115234375,-529.443115234375,23.666988372802734
781,images/0781_wrong_label_0.png,wrong_label_0,25594,0.0,436,True,0.5710923671722412,0.08254765719175339,False,0.9433150899139953,-5048.3779296875,-1999.83251953125,-2335.84228515625,-2335.84228515625,11.776203155517578
782,images/0782_wrong_label_0.png,wrong_label_0,27332,0.0,819,True,0.2616824805736542,0.062031425535678864,False,0.8025801407349492,-7069.67626953125,-3981.46875,-4481.6513671875,-4481.6513671875,11.495430946350098
783,images/0783_wrong_label_0.png,wrong_label_0,29097,0.0,661,True,0.43553033471107483,0.12614482641220093,False,0.9218139171227522,-4039.3388671875,-1168.6083984375,-1383.0244140625,-1383.0244140625,12.591816902160645
784,images/0784_wrong_label_0.png,wrong_label_0,41998,0.0,718,True,0.3779458999633789,0.009837479330599308,False,0.8475371383893666,-6636.138671875,-3385.876708984375,-3842.10400390625,-3842.10400390625,14.343921661376953
785,images/0785_wrong_label_0.png,wrong_label_0,6178,0.0,125,True,0.2867845296859741,0.029833108186721802,False,0.8244722439405785,-4198.80810546875,-1195.276611328125,-1572.405029296875,-1572.405029296875,15.137149810791016
786,images/0786_wrong_label_0.png,wrong_label_0,21603,0.0,683,True,0.24242261052131653,0.007302704267203808,False,0.7161845191555902,-4822.30615234375,-1975.7822265625,-2518.073486328125,-2518.073486328125,7.918332576751709
787,images/0787_wrong_label_0.png,wrong_label_0,25185,0.0,572,True,0.3275670111179352,0.010976066812872887,False,0.8358092259577795,-7709.87353515625,-4743.3662109375,-5571.91015625,-5571.91015625,12.0525541305542
788,images/0788_wrong_label_0.png,wrong_label_0,2431,0.0,287,True,0.32430407404899597,0.003202513325959444,False,0.7795152462861611,-3682.303466796875,-716.897705078125,-1194.259765625,-1194.259765625,17.955297470092773
789,images/0789_wrong_label_0.png,wrong_label_0,9216,0.0,211,True,0.2877417206764221,0.006786989979445934,False,0.787724784988272,-4690.15087890625,-1831.54736328125,-2250.4638671875,-2250.4638671875,14.78404426574707
790,images/0790_wrong_label_0.png,wrong_label_0,41841,0.0,837,True,0.1744675487279892,0.21084189414978027,True,0.5547302580140735,-5242.685546875,-2349.361328125,-2780.60986328125,-2780.60986328125,19.144912719726562
791,images/0791_wrong_label_0.png,wrong_label_0,23771,0.0,468,True,0.1705775111913681,0.013380364514887333,False,0.4870992963252541,-5329.755859375,-2640.9453125,-3024.61279296875,-3024.61279296875,20.487686157226562
792,images/0792_wrong_label_0.png,wrong_label_0,28878,0.0,494,True,0.4791024327278137,0.1342816948890686,False,0.931587177482408,-4968.154296875,-2191.360595703125,-2846.42138671875,-2846.42138671875,19.143552780151367
793,images/0793_wrong_label_0.png,wrong_label_0,22433,0.0,580,True,0.40050140023231506,0.005888108164072037,False,0.8354182955433933,-3953.43017578125,-1296.096923828125,-1631.67431640625,-1631.67431640625,10.930171012878418
794,images/0794_wrong_label_0.png,wrong_label_0,6415,0.0,127,True,0.22211018204689026,0.03949769213795662,False,0.7005473025801408,-5258.310546875,-1843.0595703125,-2662.693359375,-2662.693359375,20.259113311767578
795,images/0795_wrong_label_0.png,wrong_label_0,28672,0.0,518,True,0.5752638578414917,0.008486579172313213,False,0.8956215793588741,-5363.048828125,-2581.02783203125,-2981.5107421875,-2981.5107421875,15.763420104980469
796,images/0796_wrong_label_0.png,wrong_label_0,3648,0.0,74,True,0.49574387073516846,0.1867416501045227,False,0.939405785770133,-6196.640625,-2939.9326171875,-3484.6953125,-3484.6953125,14.176911354064941
797,images/0797_wrong_label_0.png,wrong_label_0,35074,0.0,106,True,0.7876260876655579,0.0012466161279007792,False,0.7892885066458171,-6332.15234375,-3361.355712890625,-3631.916015625,-3631.916015625,12.110931396484375
798,images/0798_wrong_label_0.png,wrong_label_0,2831,0.0,54,True,0.5088983178138733,0.003238672623410821,False,0.8393275996872557,-4316.29345703125,-1628.9853515625,-1992.7056884765625,-1992.7056884765625,13.712385177612305
799,images/0799_wrong_label_0.png,wrong_label_0,26200,0.0,461,True,0.20851841568946838,0.11335963755846024,False,0.6833463643471462,-6180.4443359375,-3254.3369140625,-3774.430419921875,-3774.430419921875,18.11461067199707
800,images/0800_wrong_label_0.png,wrong_label_0,2460,0.0,50,True,0.2843593657016754,0.14506356418132782,False,0.8467552775605942,-4049.29150390625,-1195.0654296875,-1501.064697265625,-1501.064697265625,9.941204071044922
801,images/0801_wrong_label_0.png,wrong_label_0,17912,0.0,359,True,0.7016882300376892,0.30819690227508545,True,0.9730258014073494,-6259.23193359375,-3495.74462890625,-3815.4453125,-3815.4453125,12.76763916015625
802,images/0802_wrong_label_0.png,wrong_label_0,41921,0.0,419,True,0.28923872113227844,0.02385600097477436,False,0.8236903831118061,-6148.22119140625,-3145.200927734375,-3809.05615234375,-3809.05615234375,18.228185653686523
803,images/0803_wrong_label_0.png,wrong_label_0,7590,0.0,158,True,0.4078567624092102,0.014577108435332775,False,0.8663017982799062,-5974.6025390625,-2979.826416015625,-3313.406494140625,-3313.406494140625,20.5382080078125
804,images/0804_wrong_label_0.png,wrong_label_0,28201,0.0,831,True,0.31091228127479553,0.08610028773546219,False,0.8690383111806099,-4665.37548828125,-1616.86865234375,-2257.75927734375,-2257.75927734375,15.80089282989502
805,images/0805_wrong_label_0.png,wrong_label_0,4000,0.0,83,True,0.293596088886261,0.004013249184936285,False,0.7752150117279124,-4425.52001953125,-1293.733154296875,-1630.8680419921875,-1630.8680419921875,15.661310195922852
806,images/0806_wrong_label_0.png,wrong_label_0,22029,0.0,907,True,0.2652692198753357,0.09622024744749069,False,0.815480844409695,-3031.58642578125,-329.705810546875,-814.2164306640625,-814.2164306640625,13.431110382080078
807,images/0807_wrong_label_0.png,wrong_label_0,48840,0.0,972,True,0.22236093878746033,0.12544533610343933,False,0.7208756841282251,-4882.080078125,-1868.470703125,-2356.1796875,-2356.1796875,10.752891540527344
808,images/0808_wrong_label_0.png,wrong_label_0,32482,0.0,442,True,0.19129501283168793,0.0837138444185257,True,0.6114151681000782,-5312.09375,-2163.46435546875,-2647.692138671875,-2647.692138671875,7.2623291015625
809,images/0809_wrong_label_0.png,wrong_label_0,27047,0.0,517,True,0.2755886912345886,0.0031837569549679756,False,0.7329945269741986,-5336.6025390625,-1960.37939453125,-2801.207275390625,-2801.207275390625,11.062284469604492
810,images/0810_wrong_label_0.png,wrong_label_0,33393,0.0,400,True,0.19740618765354156,0.08393903821706772,False,0.6485535574667709,-7198.248046875,-4387.65380859375,-4810.06640625,-4810.06640625,15.919445037841797
811,images/0811_wrong_label_0.png,wrong_label_0,19369,0.0,358,True,0.49321258068084717,0.005385764874517918,False,0.8596559812353401,-4811.181640625,-2156.541015625,-2500.3369140625,-2500.3369140625,14.279996871948242
812,images/0812_wrong_label_0.png,wrong_label_0,10075,0.0,193,True,0.22675149142742157,0.12432408332824707,False,0.7345582486317436,-4626.0224609375,-1593.7060546875,-2024.310302734375,-2024.310302734375,10.961734771728516
813,images/0813_wrong_label_0.png,wrong_label_0,44994,0.0,503,True,0.3769918382167816,0.15304453670978546,False,0.900312744331509,-7220.9130859375,-4169.7294921875,-4988.80517578125,-4988.80517578125,14.968050956726074
814,images/0814_wrong_label_0.png,wrong_label_0,25246,0.0,968,True,0.4993215501308441,0.0318530797958374,False,0.9151681000781862,-4834.8017578125,-1972.440185546875,-2508.858154296875,-2508.858154296875,15.144832611083984
815,images/0815_wrong_label_0.png,wrong_label_0,7772,0.0,154,True,0.41102588176727295,0.10059402137994766,False,0.9077404222048475,-6790.0712890625,-3490.927001953125,-3951.740234375,-3951.740234375,17.573869705200195
816,images/0816_wrong_label_0.png,wrong_label_0,26246,0.0,461,True,0.5097704529762268,0.342130184173584,True,0.9601250977326037,-4263.205078125,-1337.09765625,-1900.3538818359375,-1900.3538818359375,11.628379821777344
817,images/0817_wrong_label_0.png,wrong_label_0,22701,0.0,624,True,0.3738812804222107,0.06991023570299149,False,0.8854573885848319,-6083.5,-3282.7568359375,-3616.3671875,-3616.3671875,11.151350975036621
818,images/0818_wrong_label_0.png,wrong_label_0,49555,0.0,996,True,0.7809391021728516,0.0032820587512105703,False,0.8616106333072713,-5387.93359375,-2937.298828125,-3440.53173828125,-3440.53173828125,13.940827369689941
819,images/0819_wrong_label_0.png,wrong_label_0,47870,0.0,989,True,0.18468748033046722,0.011602669022977352,False,0.5387021110242377,-9117.1064453125,-6230.28955078125,-7176.64599609375,-7176.64599609375,16.62563133239746
820,images/0820_wrong_label_0.png,wrong_label_0,25050,0.0,649,True,0.3894690275192261,0.17692244052886963,True,0.9057857701329164,-7113.4833984375,-4045.20849609375,-4504.27880859375,-4504.27880859375,13.672977447509766
821,images/0821_wrong_label_0.png,wrong_label_0,10171,0.0,192,True,0.42512834072113037,0.03531000018119812,False,0.8967943706020328,-4651.7138671875,-1517.5703125,-1723.1658935546875,-1723.1658935546875,15.185622215270996
822,images/0822_wrong_label_0.png,wrong_label_0,38742,0.0,788,True,0.2702288329601288,0.008882345631718636,False,0.7705238467552775,-3274.33740234375,-684.4423828125,-1152.681640625,-1152.681640625,14.767782211303711
823,images/0823_wrong_label_0.png,wrong_label_0,41763,0.0,409,True,0.29922670125961304,0.02248670719563961,False,0.8330727130570759,-6359.50390625,-3467.07666015625,-4310.9794921875,-4310.9794921875,20.559650421142578
824,images/0824_wrong_label_0.png,wrong_label_0,26754,0.0,479,True,0.2291295826435089,0.026837076991796494,False,0.7154026583268178,-5305.166015625,-2464.08447265625,-2776.25244140625,-2776.25244140625,18.88654899597168
825,images/0825_wrong_label_0.png,wrong_label_0,269,0.0,6,True,0.3104277551174164,0.02621200494468212,False,0.8451915559030493,-4755.34228515625,-1682.5205078125,-2083.0341796875,-2083.0341796875,12.997306823730469
826,images/0826_wrong_label_0.png,wrong_label_0,12620,0.0,226,True,0.43783026933670044,0.08195763826370239,False,0.916731821735731,-6718.11083984375,-3659.17919921875,-4171.43212890625,-4171.43212890625,30.0379581451416
827,images/0827_wrong_label_0.png,wrong_label_0,44575,0.0,813,True,0.2505931258201599,0.008949077688157558,False,0.7396403440187647,-5626.93408203125,-3059.61669921875,-3819.37890625,-3819.37890625,19.419164657592773
828,images/0828_wrong_label_0.png,wrong_label_0,39218,0.0,783,True,0.4013945162296295,0.22711214423179626,True,0.9139953088350274,-13160.17578125,-10324.392578125,-11156.6767578125,-11156.6767578125,18.904157638549805
829,images/0829_wrong_label_0.png,wrong_label_0,49160,0.0,913,True,0.3494570851325989,0.02108272910118103,False,0.856137607505864,-6657.11181640625,-3608.80224609375,-3910.4716796875,-3910.4716796875,11.086328506469727
830,images/0830_wrong_label_0.png,wrong_label_0,19577,0.0,389,True,0.5243903994560242,0.05148221179842949,False,0.9319781078967944,-7038.7783203125,-4305.3095703125,-4522.64990234375,-4522.64990234375,10.153179168701172
831,images/0831_wrong_label_0.png,wrong_label_0,34536,0.0,345,True,0.4183598458766937,0.029753971844911575,False,0.8917122752150117,-4432.92333984375,-1547.083984375,-1912.955078125,-1912.955078125,9.257675170898438
832,images/0832_wrong_label_1.png,wrong_label_1,34759,0.0,507,True,0.3683372437953949,0.013715511187911034,False,0.8491008600469117,-13553.06640625,-10608.8193359375,-11485.0,-11485.0,8.961761474609375
833,images/0833_wrong_label_1.png,wrong_label_1,33300,0.0,725,True,0.5094087719917297,0.057507455348968506,False,0.9284597341673182,-13741.951171875,-10552.7421875,-11537.8447265625,-11537.8447265625,10.388945579528809
834,images/0834_wrong_label_1.png,wrong_label_1,34345,0.0,545,True,0.6828656196594238,0.026123732328414917,False,0.9288506645817045,-3834.4345703125,-905.70166015625,-1525.619873046875,-1525.619873046875,29.34024429321289
835,images/0835_wrong_label_1.png,wrong_label_1,15357,0.0,302,True,0.4563083350658417,0.007061598356813192,False,0.8678655199374512,-5771.0048828125,-2821.16845703125,-3352.134521484375,-3352.134521484375,10.389886856079102
836,images/0836_wrong_label_1.png,wrong_label_1,5944,0.0,119,True,0.517914891242981,0.019728949293494225,False,0.9112587959343237,-5395.046875,-2625.41357421875,-2902.0380859375,-2902.0380859375,9.189894676208496
837,images/0837_wrong_label_1.png,wrong_label_1,17372,0.0,366,True,0.42775455117225647,0.00413971021771431,False,0.8385457388584832,-5152.138671875,-2147.900146484375,-2399.1669921875,-2399.1669921875,13.513480186462402
838,images/0838_wrong_label_1.png,wrong_label_1,39617,0.0,428,True,0.26167646050453186,0.0027890882920473814,False,0.7017200938232995,-3006.003662109375,-403.758056640625,-725.2388916015625,-725.2388916015625,31.870086669921875
839,images/0839_wrong_label_1.png,wrong_label_1,34249,0.0,849,True,0.23896735906600952,0.0018327744910493493,False,0.6336982017200938,-4900.0986328125,-2065.265625,-2629.5048828125,-2629.5048828125,12.74526596069336
840,images/0840_wrong_label_1.png,wrong_label_1,8651,0.0,876,True,0.41572335362434387,0.023830587044358253,False,0.8831118060985144,-6331.9033203125,-3282.38720703125,-3738.859375,-3738.859375,13.151698112487793
841,images/0841_wrong_label_1.png,wrong_label_1,24775,0.0,532,True,0.30910199880599976,0.014634101651608944,False,0.828381548084441,-4810.0830078125,-1751.335205078125,-2214.168701171875,-2214.168701171875,22.12696075439453
842,images/0842_wrong_label_1.png,wrong_label_1,17876,0.0,356,True,0.597791314125061,0.055704280734062195,False,0.9409695074276778,-4085.810302734375,-1344.783447265625,-1726.9266357421875,-1726.9266357421875,12.374250411987305
843,images/0843_wrong_label_1.png,wrong_label_1,49443,0.0,952,True,0.19019044935703278,0.0028994185850024223,False,0.5039093041438624,-6545.41796875,-3908.257568359375,-4527.80615234375,-4527.80615234375,12.71916389465332
844,images/0844_wrong_label_1.png,wrong_label_1,48430,0.0,406,True,0.44350484013557434,0.025609677657485008,False,0.897185301016419,-3129.26025390625,-190.048828125,-607.3382568359375,-607.3382568359375,23.47330665588379
845,images/0845_wrong_label_1.png,wrong_label_1,25594,0.0,717,True,0.5710923671722412,0.060304928570985794,False,0.9382329945269743,-4972.36474609375,-2106.068359375,-2365.99560546875,-2365.99560546875,11.739375114440918
846,images/0846_wrong_label_1.png,wrong_label_1,27332,0.0,650,True,0.2616824805736542,0.020372586324810982,False,0.781078967943706,-7257.81103515625,-4162.76806640625,-4932.060546875,-4932.060546875,12.120115280151367
847,images/0847_wrong_label_1.png,wrong_label_1,29097,0.0,670,True,0.43553033471107483,0.07241694629192352,False,0.9139953088350273,-3578.51123046875,-984.175048828125,-1351.709716796875,-1351.709716796875,11.331925392150879
848,images/0848_wrong_label_1.png,wrong_label_1,41998,0.0,821,True,0.3779458999633789,0.004205969162285328,False,0.8189992181391712,-6497.9814453125,-3471.9384765625,-3970.116455078125,-3970.116455078125,13.771387100219727
849,images/0849_wrong_label_1.png,wrong_label_1,6178,0.0,119,True,0.2867845296859741,0.007726604584604502,False,0.7896794370602033,-3917.441162109375,-1147.807861328125,-1537.695068359375,-1537.695068359375,18.10112762451172
850,images/0850_wrong_label_1.png,wrong_label_1,21603,0.0,875,True,0.24242261052131653,0.0038712695240974426,False,0.6899921813917123,-4609.26318359375,-1934.5478515625,-2444.99560546875,-2444.99560546875,7.633796215057373
851,images/0851_wrong_label_1.png,wrong_label_1,25185,0.0,966,True,0.3275670111179352,0.0015361009864136577,False,0.7341673182173574,-8596.3720703125,-5448.18310546875,-6225.90966796875,-6225.90966796875,11.949230194091797
852,images/0852_wrong_label_1.png,wrong_label_1,2431,0.0,49,True,0.32430407404899597,0.0016928132390603423,False,0.7400312744331509,-3964.6982421875,-978.052490234375,-1247.73828125,-1247.73828125,17.39897346496582
853,images/0853_wrong_label_1.png,wrong_label_1,9216,0.0,188,True,0.2877417206764221,0.0033397162333130836,False,0.7525410476935106,-4778.9931640625,-1953.34912109375,-2498.43798828125,-2498.43798828125,15.93056869506836
854,images/0854_wrong_label_1.png,wrong_label_1,41841,0.0,785,True,0.1744675487279892,0.09109003841876984,False,0.5445660672400312,-5424.556640625,-2325.152099609375,-2761.072998046875,-2761.072998046875,18.07791519165039
855,images/0855_wrong_label_1.png,wrong_label_1,23771,0.0,593,True,0.1705775111913681,0.002117939293384552,False,0.4057857701329164,-6053.9150390625,-3035.673828125,-3624.37060546875,-3624.37060546875,20.435762405395508
856,images/0856_wrong_label_1.png,wrong_label_1,28878,0.0,541,True,0.4791024327278137,0.0014873114414513111,False,0.7779515246286162,-4762.78125,-2018.033447265625,-2618.2490234375,-2618.2490234375,17.814590454101562
857,images/0857_wrong_label_1.png,wrong_label_1,22433,0.0,904,True,0.40050140023231506,0.004695202689617872,False,0.8260359655981235,-4502.84228515625,-1651.966796875,-2060.584228515625,-2060.584228515625,11.911356925964355
858,images/0858_wrong_label_1.png,wrong_label_1,6415,0.0,131,True,0.22211018204689026,0.0031261895783245564,False,0.616106333072713,-4780.646484375,-1849.203857421875,-2326.5478515625,-2326.5478515625,20.820960998535156
859,images/0859_wrong_label_1.png,wrong_label_1,28672,0.0,751,True,0.5752638578414917,0.006729638669639826,False,0.8889757623143081,-5374.173828125,-2427.806640625,-2737.555419921875,-2737.555419921875,15.452462196350098
860,images/0860_wrong_label_1.png,wrong_label_1,3648,0.0,73,True,0.49574387073516846,0.028928352519869804,False,0.9104769351055512,-6257.8134765625,-3363.714599609375,-4007.0107421875,-4007.0107421875,15.941999435424805
861,images/0861_wrong_label_1.png,wrong_label_1,35074,0.0,170,True,0.7876260876655579,0.0011634787078946829,False,0.7834245504300235,-6468.650390625,-3529.255615234375,-3198.274169921875,-3198.274169921875,12.173335075378418
862,images/0862_wrong_label_1.png,wrong_label_1,2831,0.0,157,True,0.5088983178138733,0.0030841685365885496,False,0.8346364347146209,-5013.27978515625,-1974.935302734375,-2299.33984375,-2299.33984375,16.114398956298828
863,images/0863_wrong_label_1.png,wrong_label_1,26200,0.0,69,True,0.20851841568946838,0.012213132344186306,False,0.6395621579358874,-6367.2685546875,-3587.49951171875,-3812.44921875,-3812.44921875,18.473892211914062
864,images/0864_wrong_label_1.png,wrong_label_1,2460,0.0,44,True,0.2843593657016754,0.0021235335152596235,False,0.7193119624706802,-4037.563232421875,-1322.901611328125,-1625.6165771484375,-1625.6165771484375,9.794916152954102
865,images/0865_wrong_label_1.png,wrong_label_1,17912,0.0,356,True,0.7016882300376892,0.09661009907722473,False,0.9550430023455825,-6109.31787109375,-3368.291015625,-3760.0283203125,-3760.0283203125,12.364401817321777
866,images/0866_wrong_label_1.png,wrong_label_1,41921,0.0,631,True,0.28923872113227844,0.01534335408359766,False,0.8135261923377639,-6178.2861328125,-3148.32666015625,-3874.309326171875,-3874.309326171875,18.966510772705078
867,images/0867_wrong_label_1.png,wrong_label_1,7590,0.0,262,True,0.4078567624092102,0.006477585062384605,False,0.8444096950742768,-5910.18408203125,-2834.64892578125,-3224.2490234375,-3224.2490234375,20.222349166870117
868,images/0868_wrong_label_1.png,wrong_label_1,28201,0.0,750,True,0.31091228127479553,0.06748093664646149,False,0.8639562157935887,-4333.333984375,-1483.12109375,-1850.9520263671875,-1850.9520263671875,15.994039535522461
869,images/0869_wrong_label_1.png,wrong_label_1,4000,0.0,18,True,0.293596088886261,0.002222730778157711,False,0.7357310398749023,-4329.57763671875,-1369.58349609375,-1829.4661865234375,-1829.4661865234375,15.650971412658691
870,images/0870_wrong_label_1.png,wrong_label_1,22029,0.0,966,True,0.2652692198753357,0.017600085586309433,False,0.782642689601251,-3538.1455078125,-389.95654296875,-1111.131103515625,-1111.131103515625,12.773782730102539
871,images/0871_wrong_label_1.png,wrong_label_1,48840,0.0,979,True,0.22236093878746033,0.031071599572896957,False,0.6997654417513683,-4865.10546875,-1830.707275390625,-2332.9189453125,-2332.9189453125,10.60901927947998
872,images/0872_wrong_label_1.png,wrong_label_1,32482,0.0,873,True,0.19129501283168793,0.07217871397733688,False,0.609460516028147,-4896.3232421875,-2058.822265625,-2410.991455078125,-2410.991455078125,7.56688928604126
873,images/0873_wrong_label_1.png,wrong_label_1,27047,0.0,536,True,0.2755886912345886,0.0017627766355872154,False,0.6958561376075059,-5190.07080078125,-2090.33203125,-2543.50927734375,-2543.50927734375,11.3584566116333
874,images/0874_wrong_label_1.png,wrong_label_1,33393,0.0,501,True,0.19740618765354156,0.03898971900343895,False,0.6360437842064113,-7587.947265625,-4487.07421875,-4834.181640625,-4834.181640625,15.820906639099121
875,images/0875_wrong_label_1.png,wrong_label_1,19369,0.0,539,True,0.49321258068084717,0.0018756440840661526,False,0.800625488663018,-4706.7890625,-1952.353515625,-2287.80712890625,-2287.80712890625,12.032007217407227
876,images/0876_wrong_label_1.png,wrong_label_1,10075,0.0,187,True,0.22675149142742157,0.01407644897699356,False,0.6931196247068022,-4848.65625,-1673.78759765625,-2034.0428466796875,-2034.0428466796875,11.273331642150879
877,images/0877_wrong_label_1.png,wrong_label_1,44994,0.0,505,True,0.3769918382167816,0.09553984552621841,False,0.8936669272869429,-6793.435546875,-3838.97998046875,-4449.99560546875,-4449.99560546875,14.263955116271973
878,images/0878_wrong_label_1.png,wrong_label_1,25246,0.0,505,True,0.4993215501308441,0.01786685362458229,False,0.900312744331509,-4714.84130859375,-1760.3857421875,-2358.62109375,-2358.62109375,15.148245811462402
879,images/0879_wrong_label_1.png,wrong_label_1,7772,0.0,204,True,0.41102588176727295,0.07057606428861618,False,0.9018764659890539,-6646.6845703125,-3500.63232421875,-3932.85400390625,-3932.85400390625,17.89398765563965
880,images/0880_wrong_label_1.png,wrong_label_1,26246,0.0,787,True,0.5097704529762268,0.029124777764081955,False,0.9194683346364347,-3993.611572265625,-1253.948974609375,-1763.233154296875,-1763.233154296875,12.038286209106445
881,images/0881_wrong_label_1.png,wrong_label_1,22701,0.0,860,True,0.3738812804222107,0.028660675510764122,False,0.8706020328381548,-5987.62744140625,-3469.243896484375,-4046.10986328125,-4046.10986328125,12.638331413269043
882,images/0882_wrong_label_1.png,wrong_label_1,49555,0.0,994,True,0.7809391021728516,0.0030912435613572598,False,0.8569194683346364,-5741.51123046875,-3128.129638671875,-3522.252197265625,-3522.252197265625,13.063923835754395
883,images/0883_wrong_label_1.png,wrong_label_1,47870,0.0,990,True,0.18468748033046722,0.010548688471317291,False,0.5371383893666928,-8694.677734375,-6072.4970703125,-6938.33740234375,-6938.33740234375,15.77646541595459
884,images/0884_wrong_label_1.png,wrong_label_1,25050,0.0,645,True,0.3894690275192261,0.0681975856423378,False,0.8917122752150117,-6026.59375,-3098.2314453125,-3854.814208984375,-3854.814208984375,13.981663703918457
885,images/0885_wrong_label_1.png,wrong_label_1,10171,0.0,153,True,0.42512834072113037,0.030922040343284607,False,0.8952306489444879,-4650.8544921875,-1577.93115234375,-1888.031494140625,-1888.031494140625,14.685799598693848
886,images/0886_wrong_label_1.png,wrong_label_1,38742,0.0,464,True,0.2702288329601288,0.005223599262535572,False,0.7509773260359656,-3944.38818359375,-893.91943359375,-1429.0167236328125,-1429.0167236328125,15.318819046020508
887,images/0887_wrong_label_1.png,wrong_label_1,41763,0.0,892,True,0.29922670125961304,0.013499817810952663,False,0.8193901485535575,-6139.3623046875,-3048.64501953125,-3858.94677734375,-3858.94677734375,19.423694610595703
888,images/0888_wrong_label_1.png,wrong_label_1,26754,0.0,488,True,0.2291295826435089,0.009928468614816666,False,0.6907740422204848,-4737.37890625,-2009.55859375,-2549.7041015625,-2549.7041015625,18.084640502929688
889,images/0889_wrong_label_1.png,wrong_label_1,269,0.0,109,True,0.3104277551174164,0.002663156483322382,False,0.7584050039093042,-4348.04345703125,-1543.819091796875,-1967.69189453125,-1967.69189453125,12.994163513183594
890,images/0890_wrong_label_1.png,wrong_label_1,12620,0.0,183,True,0.43783026933670044,0.038701921701431274,False,0.9046129788897577,-7014.4228515625,-3863.711181640625,-4388.5927734375,-4388.5927734375,31.184595108032227
891,images/0891_wrong_label_1.png,wrong_label_1,44575,0.0,941,True,0.2505931258201599,0.008654442615807056,False,0.7384675527756059,-6201.81640625,-3143.572509765625,-3661.1484375,-3661.1484375,16.015260696411133
892,images/0892_wrong_label_1.png,wrong_label_1,39218,0.0,677,True,0.4013945162296295,0.049483947455883026,False,0.890539483971853,-12325.6650390625,-9886.794921875,-10736.208984375,-10736.208984375,18.939245223999023
893,images/0893_wrong_label_1.png,wrong_label_1,49160,0.0,5,True,0.3494570851325989,0.010241087526082993,False,0.8397185301016419,-6486.7939453125,-3808.816162109375,-4285.2451171875,-4285.2451171875,12.540942192077637
894,images/0894_wrong_label_1.png,wrong_label_1,19577,0.0,394,True,0.5243903994560242,0.028601186349987984,False,0.9218139171227522,-6986.2744140625,-4054.096435546875,-4294.94140625,-4294.94140625,9.233138084411621
895,images/0895_wrong_label_1.png,wrong_label_1,34536,0.0,603,True,0.4183598458766937,0.018861649557948112,False,0.8795934323690383,-4421.880859375,-1466.32080078125,-1740.2169189453125,-1740.2169189453125,9.308979034423828
896,images/0896_wrong_label_2.png,wrong_label_2,34759,0.0,488,True,0.3683372437953949,0.01036609336733818,False,0.8436278342455044,-12272.73828125,-9544.91796875,-10032.427734375,-10032.427734375,8.627839088439941
897,images/0897_wrong_label_2.png,wrong_label_2,33300,0.0,899,True,0.5094087719917297,0.02974891848862171,False,0.918295543393276,-15253.56640625,-12575.546875,-13046.978515625,-13046.978515625,10.108620643615723
898,images/0898_wrong_label_2.png,wrong_label_2,34345,0.0,535,True,0.6828656196594238,0.023952890187501907,False,0.9276778733385458,-3740.410888671875,-1085.977783203125,-1530.5732421875,-1530.5732421875,33.43122863769531
899,images/0899_wrong_label_2.png,wrong_label_2,15357,0.0,304,True,0.4563083350658417,0.005071150604635477,False,0.8541829554339327,-6413.36328125,-3182.616455078125,-3791.88720703125,-3791.88720703125,10.402284622192383
900,images/0900_wrong_label_2.png,wrong_label_2,5944,0.0,954,True,0.517914891242981,0.002376341028138995,False,0.825254104769351,-5995.8671875,-3323.48779296875,-4120.68896484375,-4120.68896484375,8.215970039367676
901,images/0901_wrong_label_2.png,wrong_label_2,17372,0.0,348,True,0.42775455117225647,0.0032245339825749397,False,0.8201720093823299,-4495.81640625,-1739.94091796875,-2177.488037109375,-2177.488037109375,12.309431076049805
902,images/0902_wrong_label_2.png,wrong_label_2,39617,0.0,427,True,0.26167646050453186,0.002376396209001541,False,0.692728694292416,-2958.23974609375,-421.10107421875,-762.6414794921875,-762.6414794921875,32.11980438232422
903,images/0903_wrong_label_2.png,wrong_label_2,34249,0.0,773,True,0.23896735906600952,0.0017176502151414752,False,0.6278342455043002,-5068.36083984375,-2070.3115234375,-2641.7099609375,-2641.7099609375,13.419024467468262
904,images/0904_wrong_label_2.png,wrong_label_2,8651,0.0,162,True,0.41572335362434387,0.022157220169901848,False,0.8819390148553558,-6149.8046875,-3188.26806640625,-3537.368896484375,-3537.368896484375,13.84897232055664
905,images/0905_wrong_label_2.png,wrong_label_2,24775,0.0,572,True,0.30910199880599976,0.006455588154494762,False,0.8057075840500391,-4904.4013671875,-1937.89404296875,-2610.68798828125,-2610.68798828125,25.754316329956055
906,images/0906_wrong_label_2.png,wrong_label_2,17876,0.0,336,True,0.597791314125061,0.0096134589985013,False,0.9014855355746677,-4017.4189453125,-1198.52490234375,-1530.62890625,-1530.62890625,10.830670356750488
907,images/0907_wrong_label_2.png,wrong_label_2,49443,0.0,948,True,0.19019044935703278,0.0017253566766157746,False,0.473807662236122,-7414.24072265625,-4511.61669921875,-5391.34375,-5391.34375,12.449799537658691
908,images/0908_wrong_label_2.png,wrong_label_2,48430,0.0,850,True,0.44350484013557434,0.014690806157886982,False,0.8850664581704457,-3016.1484375,-79.820556640625,-521.48876953125,-521.48876953125,21.61484146118164
909,images/0909_wrong_label_2.png,wrong_label_2,25594,0.0,581,True,0.5710923671722412,0.009996684268116951,False,0.8999218139171228,-5117.0107421875,-2213.837890625,-2546.01611328125,-2546.01611328125,11.772819519042969
910,images/0910_wrong_label_2.png,wrong_label_2,27332,0.0,558,True,0.2616824805736542,0.019357111304998398,False,0.7799061767005473,-6576.8271484375,-3827.55322265625,-4351.013671875,-4351.013671875,12.265296936035156
911,images/0911_wrong_label_2.png,wrong_label_2,29097,0.0,665,True,0.43553033471107483,0.04176737368106842,False,0.9050039093041439,-3519.26220703125,-897.69287109375,-1270.942626953125,-1270.942626953125,11.92251205444336
912,images/0912_wrong_label_2.png,wrong_label_2,41998,0.0,888,True,0.3779458999633789,0.0014951598132029176,False,0.7482408131352619,-6715.08935546875,-3647.111328125,-4091.03173828125,-4091.03173828125,14.120893478393555
913,images/0913_wrong_label_2.png,wrong_label_2,6178,0.0,124,True,0.2867845296859741,0.006018033251166344,False,0.7806880375293198,-4190.35107421875,-1374.014892578125,-1697.84130859375,-1697.84130859375,16.193103790283203
914,images/0914_wrong_label_2.png,wrong_label_2,21603,0.0,845,True,0.24242261052131653,0.002465754747390747,False,0.6598905394839718,-4698.005859375,-2104.15478515625,-2637.1826171875,-2637.1826171875,8.205131530761719
915,images/0915_wrong_label_2.png,wrong_label_2,25185,0.0,907,True,0.3275670111179352,0.0013671567430719733,False,0.7204847537138389,-7676.88623046875,-4975.005859375,-5515.8955078125,-5515.8955078125,11.827889442443848
916,images/0916_wrong_label_2.png,wrong_label_2,2431,0.0,472,True,0.32430407404899597,0.0015762766124680638,False,0.7329945269741986,-3782.903076171875,-982.477294921875,-1265.9554443359375,-1265.9554443359375,16.6114501953125
917,images/0917_wrong_label_2.png,wrong_label_2,9216,0.0,189,True,0.2877417206764221,0.00262522604316473,False,0.7353401094605161,-4767.2412109375,-1787.11767578125,-2280.69140625,-2280.69140625,15.336640357971191
918,images/0918_wrong_label_2.png,wrong_label_2,41841,0.0,433,True,0.1744675487279892,0.012846470810472965,False,0.5043002345582486,-5015.8671875,-2335.89794921875,-2710.9560546875,-2710.9560546875,19.454574584960938
919,images/0919_wrong_label_2.png,wrong_label_2,23771,0.0,421,True,0.1705775111913681,0.001503294100984931,False,0.38193901485535575,-5517.4541015625,-2729.51123046875,-3238.51953125,-3238.51953125,19.689085006713867
920,images/0920_wrong_label_2.png,wrong_label_2,28878,0.0,605,True,0.4791024327278137,0.0013702486176043749,False,0.7685691946833464,-5739.2734375,-2589.46728515625,-3199.12744140625,-3199.12744140625,19.624835968017578
921,images/0921_wrong_label_2.png,wrong_label_2,22433,0.0,637,True,0.40050140023231506,0.004655979573726654,False,0.8260359655981235,-4433.27490234375,-1703.30322265625,-1983.4141845703125,-1983.4141845703125,10.874481201171875
922,images/0922_wrong_label_2.png,wrong_label_2,6415,0.0,134,True,0.22211018204689026,0.0027573173865675926,False,0.6075058639562158,-4863.0830078125,-1998.05615234375,-2458.2216796875,-2458.2216796875,22.467655181884766
923,images/0923_wrong_label_2.png,wrong_label_2,28672,0.0,817,True,0.5752638578414917,0.004062664229422808,False,0.8706020328381547,-5541.93798828125,-2697.33935546875,-3020.32568359375,-3020.32568359375,16.489952087402344
924,images/0924_wrong_label_2.png,wrong_label_2,3648,0.0,815,True,0.49574387073516846,0.016767144203186035,False,0.897185301016419,-5633.7314453125,-2660.486572265625,-3121.66259765625,-3121.66259765625,13.063215255737305
925,images/0925_wrong_label_2.png,wrong_label_2,35074,0.0,417,True,0.7876260876655579,0.0011426727287471294,False,0.7826426896012509,-7952.3603515625,-4656.255859375,-5313.91845703125,-5313.91845703125,12.450472831726074
926,images/0926_wrong_label_2.png,wrong_label_2,2831,0.0,60,True,0.5088983178138733,0.0026855033356696367,False,0.8264268960125097,-4233.3818359375,-1752.9365234375,-2105.578125,-2105.578125,14.562824249267578
927,images/0927_wrong_label_2.png,wrong_label_2,26200,0.0,787,True,0.20851841568946838,0.006482208613306284,False,0.6215793588741204,-5934.6240234375,-3194.96142578125,-3775.86962890625,-3775.86962890625,18.870906829833984
928,images/0928_wrong_label_2.png,wrong_label_2,2460,0.0,58,True,0.2843593657016754,0.0017934393836185336,False,0.7103205629397967,-3915.712890625,-1097.84521484375,-1512.228271484375,-1512.228271484375,9.912835121154785
929,images/0929_wrong_label_2.png,wrong_label_2,17912,0.0,357,True,0.7016882300376892,0.014827271923422813,False,0.9179046129788897,-5937.939453125,-3169.318359375,-3563.57373046875,-3563.57373046875,11.751933097839355
930,images/0930_wrong_label_2.png,wrong_label_2,41921,0.0,643,True,0.28923872113227844,0.005575396120548248,False,0.7822517591868647,-5646.53759765625,-2879.289306640625,-3339.779541015625,-3339.779541015625,17.73493003845215
931,images/0931_wrong_label_2.png,wrong_label_2,7590,0.0,195,True,0.4078567624092102,0.0056468043476343155,False,0.838154808444097,-5959.33056640625,-2885.41015625,-3246.68115234375,-3246.68115234375,19.327377319335938
932,images/0932_wrong_label_2.png,wrong_label_2,28201,0.0,669,True,0.31091228127479553,0.010140270926058292,False,0.8248631743549648,-4718.0654296875,-1612.078857421875,-1982.648681640625,-1982.648681640625,14.520188331604004
933,images/0933_wrong_label_2.png,wrong_label_2,4000,0.0,81,True,0.293596088886261,0.0018219768535345793,False,0.72556684910086,-4138.173828125,-1077.892578125,-1491.969482421875,-1491.969482421875,14.326519012451172
934,images/0934_wrong_label_2.png,wrong_label_2,22029,0.0,784,True,0.2652692198753357,0.0152431083843112,False,0.779515246286161,-3228.6181640625,-488.568359375,-1041.2418212890625,-1041.2418212890625,13.533257484436035
935,images/0935_wrong_label_2.png,wrong_label_2,48840,0.0,978,True,0.22236093878746033,0.021181872114539146,False,0.689601250977326,-5245.61328125,-1973.275390625,-2380.891845703125,-2380.891845703125,10.907727241516113
936,images/0936_wrong_label_2.png,wrong_label_2,32482,0.0,708,True,0.19129501283168793,0.07030070573091507,False,0.6090695856137607,-4537.248046875,-1933.50244140625,-2578.03271484375,-2578.03271484375,7.303468227386475
937,images/0937_wrong_label_2.png,wrong_label_2,27047,0.0,812,True,0.2755886912345886,0.001093496335670352,False,0.6485535574667709,-5493.7001953125,-2153.7412109375,-2786.714599609375,-2786.714599609375,10.813275337219238
938,images/0938_wrong_label_2.png,wrong_label_2,33393,0.0,885,True,0.19740618765354156,0.03073570504784584,False,0.6325254104769351,-7859.70947265625,-4664.365234375,-5223.03857421875,-5223.03857421875,16.10557746887207
939,images/0939_wrong_label_2.png,wrong_label_2,19369,0.0,277,True,0.49321258068084717,0.001341713243164122,False,0.7685691946833464,-4638.27197265625,-1928.42578125,-2226.54833984375,-2226.54833984375,11.723024368286133
940,images/0940_wrong_label_2.png,wrong_label_2,10075,0.0,186,True,0.22675149142742157,0.007167871575802565,False,0.6759186864738076,-4650.12158203125,-1658.302001953125,-2019.065673828125,-2019.065673828125,10.80887508392334
941,images/0941_wrong_label_2.png,wrong_label_2,44994,0.0,725,True,0.3769918382167816,0.04098294675350189,False,0.8803752931978108,-6935.228515625,-3746.02001953125,-4374.0009765625,-4374.0009765625,13.29185962677002
942,images/0942_wrong_label_2.png,wrong_label_2,25246,0.0,773,True,0.4993215501308441,0.013661611825227737,False,0.8936669272869429,-4795.96240234375,-1797.9130859375,-2349.60888671875,-2349.60888671875,14.326225280761719
943,images/0943_wrong_label_2.png,wrong_label_2,7772,0.0,153,True,0.41102588176727295,0.04663429781794548,False,0.8948397185301016,-6769.1083984375,-3696.18505859375,-4142.08935546875,-4142.08935546875,17.480236053466797
944,images/0944_wrong_label_2.png,wrong_label_2,26246,0.0,490,True,0.5097704529762268,0.021957455202937126,False,0.9120406567630961,-4164.5068359375,-1449.564453125,-1845.0543212890625,-1845.0543212890625,12.77031135559082
945,images/0945_wrong_label_2.png,wrong_label_2,22701,0.0,762,True,0.3738812804222107,0.028602231293916702,False,0.8706020328381547,-6395.87109375,-3512.52197265625,-4015.82275390625,-4015.82275390625,11.952298164367676
946,images/0946_wrong_label_2.png,wrong_label_2,49555,0.0,938,True,0.7809391021728516,0.0012500369921326637,False,0.7885066458170445,-6322.86279296875,-3509.64794921875,-4002.100830078125,-4002.100830078125,12.786864280700684
947,images/0947_wrong_label_2.png,wrong_label_2,47870,0.0,950,True,0.18468748033046722,0.007028700318187475,False,0.5238467552775605,-10708.763671875,-7597.04150390625,-8460.767578125,-8460.767578125,16.36521339416504
948,images/0948_wrong_label_2.png,wrong_label_2,25050,0.0,600,True,0.3894690275192261,0.0027996785938739777,False,0.7916340891321345,-6706.560546875,-4056.79541015625,-4879.90234375,-4879.90234375,17.503931045532227
949,images/0949_wrong_label_2.png,wrong_label_2,10171,0.0,185,True,0.42512834072113037,0.01702592708170414,False,0.8799843627834245,-4698.291015625,-1622.721923828125,-2029.07177734375,-2029.07177734375,14.752309799194336
950,images/0950_wrong_label_2.png,wrong_label_2,38742,0.0,502,True,0.2702288329601288,0.002950576599687338,False,0.7193119624706802,-3558.0498046875,-962.09326171875,-1475.439453125,-1475.439453125,13.91572093963623
951,images/0951_wrong_label_2.png,wrong_label_2,41763,0.0,635,True,0.29922670125961304,0.008357206359505653,False,0.8076622361219703,-6531.45947265625,-3454.68310546875,-4055.135009765625,-4055.135009765625,22.029550552368164
952,images/0952_wrong_label_2.png,wrong_label_2,26754,0.0,783,True,0.2291295826435089,0.005327075719833374,False,0.6681000781860829,-4751.1884765625,-1915.405517578125,-2585.48779296875,-2585.48779296875,17.85248565673828
953,images/0953_wrong_label_2.png,wrong_label_2,269,0.0,973,True,0.3104277551174164,0.0015891313087195158,False,0.7263487099296325,-4334.9580078125,-1464.953125,-1946.5968017578125,-1946.5968017578125,12.864627838134766
954,images/0954_wrong_label_2.png,wrong_label_2,12620,0.0,233,True,0.43783026933670044,0.03618545085191727,False,0.9046129788897577,-6880.029296875,-3779.42724609375,-4222.5361328125,-4222.5361328125,31.410186767578125
955,images/0955_wrong_label_2.png,wrong_label_2,44575,0.0,499,True,0.2505931258201599,0.005371246952563524,False,0.7212666145426114,-5703.5341796875,-2986.7724609375,-3985.064697265625,-3985.064697265625,19.020509719848633
956,images/0956_wrong_label_2.png,wrong_label_2,39218,0.0,845,True,0.4013945162296295,0.026012621819972992,False,0.8788115715402658,-12987.8896484375,-10394.0390625,-10868.685546875,-10868.685546875,19.530431747436523
957,images/0957_wrong_label_2.png,wrong_label_2,49160,0.0,6,True,0.3494570851325989,0.010141972452402115,False,0.8397185301016419,-6591.2392578125,-3518.41748046875,-4024.8740234375,-4024.8740234375,12.316756248474121
958,images/0958_wrong_label_2.png,wrong_label_2,19577,0.0,395,True,0.5243903994560242,0.01752115599811077,False,0.9104769351055513,-6778.3310546875,-4128.05859375,-4357.64990234375,-4357.64990234375,9.713310241699219
959,images/0959_wrong_label_2.png,wrong_label_2,34536,0.0,888,True,0.4183598458766937,0.007440042681992054,False,0.8569194683346364,-4755.294921875,-1687.31689453125,-2111.50341796875,-2111.50341796875,9.7963228225708
960,images/0960_wrong_label_3.png,wrong_label_3,34759,0.0,844,True,0.3683372437953949,0.006398600526154041,False,0.8279906176700548,-14030.8837890625,-11156.80859375,-11741.349609375,-11741.349609375,9.233088493347168
961,images/0961_wrong_label_3.png,wrong_label_3,33300,0.0,883,True,0.5094087719917297,0.026131775230169296,False,0.9151681000781862,-14011.640625,-10905.107421875,-10853.1630859375,-10853.1630859375,10.19495964050293
962,images/0962_wrong_label_3.png,wrong_label_3,34345,0.0,477,True,0.6828656196594238,0.016718469560146332,False,0.9186864738076622,-3962.21435546875,-1072.18505859375,-1620.905517578125,-1620.905517578125,25.538869857788086
963,images/0963_wrong_label_3.png,wrong_label_3,15357,0.0,305,True,0.4563083350658417,0.003144435118883848,False,0.8268178264268959,-5557.5634765625,-2686.29052734375,-3147.8759765625,-3147.8759765625,10.263620376586914
964,images/0964_wrong_label_3.png,wrong_label_3,5944,0.0,933,True,0.517914891242981,0.0022667115554213524,False,0.8236903831118061,-5959.80712890625,-2813.2802734375,-3228.14697265625,-3228.14697265625,7.917362213134766
965,images/0965_wrong_label_3.png,wrong_label_3,17372,0.0,345,True,0.42775455117225647,0.0026394492015242577,False,0.8053166536356529,-4815.4736328125,-1929.63427734375,-2329.19384765625,-2329.19384765625,12.89646053314209
966,images/0966_wrong_label_3.png,wrong_label_3,39617,0.0,653,True,0.26167646050453186,0.0021496200934052467,False,0.6880375293197811,-2782.6591796875,-250.124267578125,-769.0595703125,-769.0595703125,33.24946975708008
967,images/0967_wrong_label_3.png,wrong_label_3,34249,0.0,896,True,0.23896735906600952,0.0014344635419547558,False,0.6098514464425332,-5020.8037109375,-2172.162353515625,-2708.56103515625,-2708.56103515625,12.28569221496582
968,images/0968_wrong_label_3.png,wrong_label_3,8651,0.0,435,True,0.41572335362434387,0.010843074880540371,False,0.8663017982799062,-6610.8876953125,-3466.373779296875,-4164.5244140625,-4164.5244140625,12.634023666381836
969,images/0969_wrong_label_3.png,wrong_label_3,24775,0.0,968,True,0.30910199880599976,0.005789606366306543,False,0.8002345582486318,-5135.1279296875,-2272.766357421875,-2895.96630859375,-2895.96630859375,25.435258865356445
970,images/0970_wrong_label_3.png,wrong_label_3,17876,0.0,387,True,0.597791314125061,0.008017050102353096,False,0.8975762314308053,-4038.01513671875,-1394.284423828125,-1726.2381591796875,-1726.2381591796875,10.495997428894043
971,images/0971_wrong_label_3.png,wrong_label_3,49443,0.0,990,True,0.19019044935703278,0.0015831569908186793,False,0.4663799843627834,-6257.8203125,-3635.6396484375,-4302.6611328125,-4302.6611328125,12.375823020935059
972,images/0972_wrong_label_3.png,wrong_label_3,48430,0.0,415,True,0.44350484013557434,0.010546992532908916,False,0.8784206411258796,-3013.347900390625,-162.265380859375,-622.8809814453125,-622.8809814453125,21.65499496459961
973,images/0973_wrong_label_3.png,wrong_label_3,25594,0.0,479,True,0.5710923671722412,0.009076613001525402,False,0.897185301016419,-5188.82568359375,-2347.744140625,-2675.150390625,-2675.150390625,12.770933151245117
974,images/0974_wrong_label_3.png,wrong_label_3,27332,0.0,542,True,0.2616824805736542,0.015913890674710274,False,0.7763878029710711,-6683.197265625,-4003.95703125,-4622.064453125,-4622.064453125,12.981904983520508
975,images/0975_wrong_label_3.png,wrong_label_3,29097,0.0,479,True,0.43553033471107483,0.02640092372894287,False,0.8964034401876466,-4282.43994140625,-1441.3583984375,-1753.3841552734375,-1753.3841552734375,11.08042049407959
976,images/0976_wrong_label_3.png,wrong_label_3,41998,0.0,489,True,0.3779458999633789,0.0013658493990078568,False,0.736903831118061,-5895.2421875,-3282.8251953125,-3604.708740234375,-3604.708740234375,14.369672775268555
977,images/0977_wrong_label_3.png,wrong_label_3,6178,0.0,121,True,0.2867845296859741,0.005055992864072323,False,0.7732603596559813,-4059.691650390625,-1267.558837890625,-1736.92138671875,-1736.92138671875,16.211973190307617
978,images/0978_wrong_label_3.png,wrong_label_3,21603,0.0,882,True,0.24242261052131653,0.0021955769043415785,False,0.6520719311962471,-4514.4580078125,-1793.85693359375,-2260.16015625,-2260.16015625,7.696738243103027
979,images/0979_wrong_label_3.png,wrong_label_3,25185,0.0,512,True,0.3275670111179352,0.0010528570273891091,False,0.6942924159499609,-8294.998046875,-5366.94580078125,-6299.486328125,-6299.486328125,12.167800903320312
980,images/0980_wrong_label_3.png,wrong_label_3,2431,0.0,194,True,0.32430407404899597,0.001467878115363419,False,0.7251759186864738,-3861.59814453125,-866.1474609375,-1368.32958984375,-1368.32958984375,16.351215362548828
981,images/0981_wrong_label_3.png,wrong_label_3,9216,0.0,182,True,0.2877417206764221,0.0019972084555774927,False,0.7232212666145426,-5006.8974609375,-1836.0986328125,-2192.896484375,-2192.896484375,14.453397750854492
982,images/0982_wrong_label_3.png,wrong_label_3,41841,0.0,838,True,0.1744675487279892,0.003914225846529007,False,0.46481626270523846,-4552.26708984375,-2000.397216796875,-2801.4599609375,-2801.4599609375,20.76732063293457
983,images/0983_wrong_label_3.png,wrong_label_3,23771,0.0,703,True,0.1705775111913681,0.0014011586317792535,False,0.37372947615324476,-5068.88671875,-2437.32177734375,-2595.97412109375,-2595.97412109375,20.152223587036133
984,images/0984_wrong_label_3.png,wrong_label_3,28878,0.0,54,True,0.4791024327278137,0.0011254214914515615,False,0.7482408131352619,-4497.857421875,-1810.54931640625,-2207.6845703125,-2207.6845703125,17.249174118041992
985,images/0985_wrong_label_3.png,wrong_label_3,22433,0.0,708,True,0.40050140023231506,0.004459710326045752,False,0.8256450351837373,-4154.43212890625,-1550.6865234375,-2135.243896484375,-2135.243896484375,11.438690185546875
986,images/0986_wrong_label_3.png,wrong_label_3,6415,0.0,143,True,0.22211018204689026,0.002448782790452242,False,0.602814698983581,-5022.16259765625,-1849.54248046875,-2262.19287109375,-2262.19287109375,19.028329849243164
987,images/0987_wrong_label_3.png,wrong_label_3,28672,0.0,717,True,0.5752638578414917,0.0022024207282811403,False,0.8291634089132134,-5256.52734375,-2390.23095703125,-2680.6064453125,-2680.6064453125,15.543498992919922
988,images/0988_wrong_label_3.png,wrong_label_3,3648,0.0,77,True,0.49574387073516846,0.002498438348993659,False,0.8197810789679437,-5716.21044921875,-2806.2802734375,-3396.70556640625,-3396.70556640625,15.059507369995117
989,images/0989_wrong_label_3.png,wrong_label_3,35074,0.0,879,True,0.7876260876655579,0.0011312357382848859,False,0.782642689601251,-6771.6396484375,-4265.5869140625,-4861.306640625,-4861.306640625,13.513501167297363
990,images/0990_wrong_label_3.png,wrong_label_3,2831,0.0,977,True,0.5088983178138733,0.002198156202211976,False,0.8158717748240814,-5260.28515625,-2002.89208984375,-2433.160888671875,-2433.160888671875,14.819174766540527
991,images/0991_wrong_label_3.png,wrong_label_3,26200,0.0,490,True,0.20851841568946838,0.006491389125585556,False,0.6223612197028929,-6022.3037109375,-3307.361328125,-3772.947265625,-3772.947265625,20.63090705871582
992,images/0992_wrong_label_3.png,wrong_label_3,2460,0.0,911,True,0.2843593657016754,0.0012275308836251497,False,0.6708365910867866,-4480.01318359375,-1537.37646484375,-1858.658203125,-1858.658203125,9.465909004211426
993,images/0993_wrong_label_3.png,wrong_label_3,17912,0.0,534,True,0.7016882300376892,0.002763473428785801,False,0.8475371383893666,-5394.7490234375,-2703.789306640625,-3472.2080078125,-3472.2080078125,11.545267105102539
994,images/0994_wrong_label_3.png,wrong_label_3,41921,0.0,836,True,0.28923872113227844,0.004963922314345837,False,0.7787333854573886,-5918.60498046875,-3106.001953125,-3693.52197265625,-3693.52197265625,19.288999557495117
995,images/0995_wrong_label_3.png,wrong_label_3,7590,0.0,171,True,0.4078567624092102,0.004611183423548937,False,0.8303362001563721,-5655.58837890625,-2763.013916015625,-3100.01171875,-3100.01171875,20.44760513305664
996,images/0996_wrong_label_3.png,wrong_label_3,28201,0.0,228,True,0.31091228127479553,0.009751091711223125,False,0.8229085222830337,-4320.9208984375,-1516.810546875,-1915.8958740234375,-1915.8958740234375,16.262983322143555
997,images/0997_wrong_label_3.png,wrong_label_3,4000,0.0,82,True,0.293596088886261,0.0015203985385596752,False,0.7099296325254105,-4064.0224609375,-1077.65771484375,-1529.8736572265625,-1529.8736572265625,12.745102882385254
998,images/0998_wrong_label_3.png,wrong_label_3,22029,0.0,737,True,0.2652692198753357,0.006160556338727474,False,0.7537138389366693,-3090.904541015625,-400.510986328125,-875.3133544921875,-875.3133544921875,13.336341857910156
999,images/0999_wrong_label_3.png,wrong_label_3,48840,0.0,970,True,0.22236093878746033,0.005827916786074638,False,0.6528537920250195,-4957.5595703125,-1853.2294921875,-2354.466796875,-2354.466796875,10.983038902282715
1000,images/1000_wrong_label_3.png,wrong_label_3,32482,0.0,884,True,0.19129501283168793,0.059375934302806854,False,0.6059421422986708,-4767.701171875,-1930.29833984375,-2226.4453125,-2226.4453125,7.037398338317871
1001,images/1001_wrong_label_3.png,wrong_label_3,27047,0.0,733,True,0.2755886912345886,0.0009243382373824716,False,0.6321344800625488,-5139.2724609375,-2228.630859375,-2854.62646484375,-2854.62646484375,11.555747985839844
1002,images/1002_wrong_label_3.png,wrong_label_3,33393,0.0,542,True,0.19740618765354156,0.013566789217293262,False,0.6114151681000781,-7280.984375,-4601.744140625,-5054.833984375,-5054.833984375,15.561091423034668
1003,images/1003_wrong_label_3.png,wrong_label_3,19369,0.0,388,True,0.49321258068084717,0.0012754787458106875,False,0.7638780297107115,-5255.3974609375,-2561.0888671875,-2784.709228515625,-2784.709228515625,11.822067260742188
1004,images/1004_wrong_label_3.png,wrong_label_3,10075,0.0,192,True,0.22675149142742157,0.005989446770399809,False,0.6684910086004692,-4702.78125,-1568.6376953125,-1873.753662109375,-1873.753662109375,10.415141105651855
1005,images/1005_wrong_label_3.png,wrong_label_3,44994,0.0,901,True,0.3769918382167816,0.015599293634295464,False,0.8592650508209538,-7302.8466796875,-4147.35888671875,-4787.9921875,-4787.9921875,14.092544555664062
1006,images/1006_wrong_label_3.png,wrong_label_3,25246,0.0,849,True,0.4993215501308441,0.011157265864312649,False,0.8913213448006254,-4527.5107421875,-1692.677734375,-2203.5732421875,-2203.5732421875,14.957210540771484
1007,images/1007_wrong_label_3.png,wrong_label_3,7772,0.0,265,True,0.41102588176727295,0.009811433963477612,False,0.8592650508209538,-6675.15234375,-3503.89794921875,-3870.81201171875,-3870.81201171875,16.60454750061035
1008,images/1008_wrong_label_3.png,wrong_label_3,26246,0.0,652,True,0.5097704529762268,0.0035897991620004177,False,0.8537920250195465,-4046.1142578125,-1197.765625,-1716.20361328125,-1716.20361328125,12.105705261230469
1009,images/1009_wrong_label_3.png,wrong_label_3,22701,0.0,582,True,0.3738812804222107,0.015351250767707825,False,0.8565285379202502,-5809.935546875,-3261.46728515625,-3711.48046875,-3711.48046875,10.684629440307617
1010,images/1010_wrong_label_3.png,wrong_label_3,49555,0.0,992,True,0.7809391021728516,0.001043457887135446,False,0.7705238467552775,-5875.9873046875,-2950.151123046875,-3464.1142578125,-3464.1142578125,12.613296508789062
1011,images/1011_wrong_label_3.png,wrong_label_3,47870,0.0,954,True,0.18468748033046722,0.005445179995149374,False,0.5132916340891321,-9967.818359375,-7295.43896484375,-8001.36669921875,-8001.36669921875,16.03207015991211
1012,images/1012_wrong_label_3.png,wrong_label_3,25050,0.0,101,True,0.3894690275192261,0.002808336168527603,False,0.7924159499609069,-6699.9140625,-3702.208251953125,-4122.466796875,-4122.466796875,14.134093284606934
1013,images/1013_wrong_label_3.png,wrong_label_3,10171,0.0,199,True,0.42512834072113037,0.010500687174499035,False,0.8694292415949961,-4995.65185546875,-1777.541015625,-2090.3955078125,-2090.3955078125,14.389554023742676
1014,images/1014_wrong_label_3.png,wrong_label_3,38742,0.0,748,True,0.2702288329601288,0.001123923808336258,False,0.6422986708365911,-3952.75146484375,-831.48486328125,-1364.760986328125,-1364.760986328125,14.607476234436035
1015,images/1015_wrong_label_3.png,wrong_label_3,41763,0.0,884,True,0.29922670125961304,0.005485251545906067,False,0.7924159499609069,-5476.884765625,-2639.48193359375,-3037.450927734375,-3037.450927734375,16.662357330322266
1016,images/1016_wrong_label_3.png,wrong_label_3,26754,0.0,686,True,0.2291295826435089,0.004768203943967819,False,0.664972634870993,-4977.75,-2061.68603515625,-2766.462890625,-2766.462890625,17.136642456054688
1017,images/1017_wrong_label_3.png,wrong_label_3,269,0.0,397,True,0.3104277551174164,0.0014902795664966106,False,0.720484753713839,-4344.4052734375,-1535.6884765625,-2108.79931640625,-2108.79931640625,12.87879753112793
1018,images/1018_wrong_label_3.png,wrong_label_3,12620,0.0,220,True,0.43783026933670044,0.022164277732372284,False,0.8936669272869429,-6892.5654296875,-4108.521484375,-4497.39599609375,-4497.39599609375,32.59804916381836
1019,images/1019_wrong_label_3.png,wrong_label_3,44575,0.0,984,True,0.2505931258201599,0.004433534108102322,False,0.7150117279124315,-6800.2734375,-3390.977294921875,-3955.68505859375,-3955.68505859375,17.489885330200195
1020,images/1020_wrong_label_3.png,wrong_label_3,39218,0.0,512,True,0.4013945162296295,0.006159171462059021,False,0.8401094605160282,-14060.166015625,-11132.11328125,-11496.4814453125,-11496.4814453125,19.772174835205078
1021,images/1021_wrong_label_3.png,wrong_label_3,49160,0.0,149,True,0.3494570851325989,0.00868091732263565,False,0.8346364347146209,-7453.71630859375,-4015.529541015625,-4906.9794921875,-4906.9794921875,10.962198257446289
1022,images/1022_wrong_label_3.png,wrong_label_3,19577,0.0,0,True,0.5243903994560242,0.003878149203956127,False,0.86278342455043,-7015.86181640625,-4357.4267578125,-4647.15576171875,-4647.15576171875,10.487028121948242
1023,images/1023_wrong_label_3.png,wrong_label_3,34536,0.0,920,True,0.4183598458766937,0.00676144752651453,False,0.8534010946051602,-4390.29736328125,-1458.2900390625,-2132.85302734375,-2132.85302734375,9.842509269714355
1024,images/1024_failure_none.png,failure_none,34759,0.95,695,False,0.15196771919727325,0.001099074725061655,False,0.29906176700547304,7296.3203125,10006.7080078125,9617.7802734375,9617.7802734375,255.75892639160156
1025,images/1025_failure_none.png,failure_none,33300,0.95,666,False,0.1759619116783142,0.00047664056182838976,False,0.24354964816262706,8357.072265625,11164.107421875,10658.5283203125,10658.5283203125,260.4625244140625
1026,images/1026_failure_none.png,failure_none,34345,0.95,686,False,0.15827110409736633,0.00027713956660591066,False,0.09577795152462862,8409.12890625,11325.193359375,10782.673828125,10782.673828125,260.6990051269531
1027,images/1027_failure_none.png,failure_none,15357,0.95,307,False,0.17268654704093933,0.0004099367943126708,False,0.20367474589523066,7885.4873046875,11094.625,10642.1767578125,10642.1767578125,263.7467041015625
1028,images/1028_failure_none.png,failure_none,5944,0.95,118,False,0.18255914747714996,0.0008433018228970468,False,0.3526192337763878,6768.69140625,9450.0126953125,9113.2734375,9113.2734375,257.731201171875
1029,images/1029_failure_none.png,failure_none,17372,0.95,347,False,0.1888016313314438,0.00017947255400940776,False,0.14816262705238467,7468.685546875,10620.2236328125,10361.4951171875,10361.4951171875,262.4532775878906
1030,images/1030_failure_none.png,failure_none,39617,0.95,792,False,0.15984883904457092,0.001130455988459289,False,0.3189992181391712,7758.04345703125,10098.431640625,9660.3759765625,9660.3759765625,255.74761962890625
1031,images/1031_failure_none.png,failure_none,34249,0.95,684,False,0.1913706362247467,0.00025468599051237106,False,0.20445660672400312,8212.369140625,11059.751953125,10298.51171875,10298.51171875,257.0050964355469
1032,images/1032_failure_none.png,failure_none,8651,0.95,173,False,0.19962239265441895,0.0024343242403119802,False,0.5445660672400312,7036.05322265625,9849.4130859375,9559.0478515625,9559.0478515625,255.59585571289062
1033,images/1033_failure_none.png,failure_none,24775,0.95,495,False,0.2404015064239502,0.00024871245841495693,False,0.3467552775605942,6969.8232421875,10079.712890625,9687.5693359375,9687.5693359375,259.11199951171875
1034,images/1034_failure_none.png,failure_none,17876,0.95,357,False,0.18746045231819153,0.0034085738006979227,False,0.5,7231.2490234375,9999.8701171875,9718.876953125,9718.876953125,258.8424987792969
1035,images/1035_failure_none.png,failure_none,49443,0.95,988,False,0.18553610146045685,0.0007210104959085584,False,0.3405003909304144,6913.634765625,9562.646484375,9077.041015625,9077.041015625,260.31744384765625
1036,images/1036_failure_none.png,failure_none,48430,0.95,968,False,0.14911554753780365,0.0005098761175759137,False,0.17357310398749023,8449.828125,11312.189453125,10850.8291015625,10850.8291015625,261.1425476074219
1037,images/1037_failure_none.png,failure_none,25594,0.95,511,False,0.1538078933954239,0.00021112985268700868,False,0.045738858483189995,7222.03515625,10144.55859375,9869.271484375,9869.271484375,257.9947814941406
1038,images/1038_failure_none.png,failure_none,27332,0.95,546,False,0.16840234398841858,0.00029559899121522903,False,0.13643471462079748,8167.376953125,10965.578125,10529.0791015625,10529.0791015625,259.7152099609375
1039,images/1039_failure_none.png,failure_none,29097,0.95,581,False,0.15808901190757751,0.00044062582310289145,False,0.16888193901485538,7789.201171875,10692.3740234375,10417.224609375,10417.224609375,262.2590637207031
1040,images/1040_failure_none.png,failure_none,41998,0.95,839,False,0.1718928962945938,0.0001231122005265206,False,0.0766223612197029,7470.9140625,10398.1640625,9966.12890625,9966.12890625,258.2808532714844
1041,images/1041_failure_none.png,failure_none,6178,0.95,123,False,0.1718580722808838,0.002292925724759698,False,0.41594996090695857,6029.1767578125,8808.390625,8544.447265625,8544.447265625,257.1385498046875
1042,images/1042_failure_none.png,failure_none,21603,0.95,432,False,0.21099241077899933,0.0002902332053054124,False,0.2978889757623143,8206.955078125,10952.412109375,10395.2119140625,10395.2119140625,264.2088623046875
1043,images/1043_failure_none.png,failure_none,25185,0.95,503,False,0.15148046612739563,0.00036595287383534014,False,0.12822517591868648,8109.404296875,11160.587890625,10438.13671875,10438.13671875,261.01483154296875
1044,images/1044_failure_none.png,failure_none,2431,0.95,48,False,0.19199857115745544,0.0009327754378318787,False,0.4241594996090696,6646.568359375,9458.8818359375,9334.685546875,9334.685546875,256.2818603515625
1045,images/1045_failure_none.png,failure_none,9216,0.95,184,False,0.17774805426597595,0.0008295162115246058,False,0.3326817826426896,6853.1767578125,9996.27734375,9738.3232421875,9738.3232421875,257.19329833984375
1046,images/1046_failure_none.png,failure_none,41841,0.95,836,False,0.1866745501756668,0.0009949093218892813,False,0.39913995308835026,8130.9404296875,10943.54296875,10426.412109375,10426.412109375,269.9394836425781
1047,images/1047_failure_none.png,failure_none,23771,0.95,475,False,0.21821364760398865,0.00029083440313115716,False,0.3174354964816263,7907.4853515625,10984.70703125,10643.419921875,10643.419921875,259.75335693359375
1048,images/1048_failure_none.png,failure_none,28878,0.95,577,False,0.16625820100307465,0.0005673751002177596,False,0.2357310398749023,7794.01171875,10453.9228515625,9889.40625,9889.40625,271.29766845703125
1049,images/1049_failure_none.png,failure_none,22433,0.95,448,False,0.14929896593093872,0.0004714890383183956,False,0.16379984362783423,7120.71142578125,9843.4560546875,9419.564453125,9419.564453125,256.17987060546875
1050,images/1050_failure_none.png,failure_none,6415,0.95,128,False,0.19643056392669678,0.0018024101154878736,False,0.5160281469898358,7288.1357421875,10548.01953125,9824.31640625,9824.31640625,257.2798156738281
1051,images/1051_failure_none.png,failure_none,28672,0.95,573,False,0.1506349742412567,0.00040761660784482956,False,0.14347146207974978,6398.73486328125,9294.55859375,9123.658203125,9123.658203125,255.44503784179688
1052,images/1052_failure_none.png,failure_none,3648,0.95,72,False,0.17532187700271606,0.0014615587424486876,False,0.3964034401876466,6865.60302734375,10211.9833984375,9797.794921875,9797.794921875,268.4511413574219
1053,images/1053_failure_none.png,failure_none,35074,0.95,701,False,0.19333912432193756,0.00046403726446442306,False,0.3158717748240813,8327.5712890625,11839.908203125,11108.828125,11108.828125,264.3568420410156
1054,images/1054_failure_none.png,failure_none,2831,0.95,56,False,0.18293391168117523,0.0005716595333069563,False,0.29437060203283816,6701.1806640625,9346.48046875,9078.7802734375,9078.7802734375,256.88165283203125
1055,images/1055_failure_none.png,failure_none,26200,0.95,524,False,0.15221533179283142,0.0007538521313108504,False,0.24042220484753715,7094.8857421875,10072.33203125,9590.6064453125,9590.6064453125,254.62559509277344
1056,images/1056_failure_none.png,failure_none,2460,0.95,49,False,0.14411550760269165,0.00052738341037184,False,0.17161845191555902,6370.998046875,9357.6435546875,9162.84375,9162.84375,255.3584747314453
1057,images/1057_failure_none.png,failure_none,17912,0.95,358,False,0.18912360072135925,0.0038589134346693754,False,0.5172009382329945,7729.955078125,10384.595703125,10099.2080078125,10099.2080078125,258.7432556152344
1058,images/1058_failure_none.png,failure_none,41921,0.95,838,False,0.19342468678951263,0.00032021626248024404,False,0.2587959343236904,8891.689453125,11443.5595703125,10719.513671875,10719.513671875,280.95062255859375
1059,images/1059_failure_none.png,failure_none,7590,0.95,151,False,0.18545383214950562,0.0006727674626745284,False,0.326817826426896,7228.27880859375,10136.185546875,9903.830078125,9903.830078125,262.4692077636719
1060,images/1060_failure_none.png,failure_none,28201,0.95,564,False,0.17150454223155975,0.0002742419601418078,False,0.13096168881939013,6908.97509765625,9911.8515625,9703.287109375,9703.287109375,258.5628662109375
1061,images/1061_failure_none.png,failure_none,4000,0.95,80,False,0.1654900312423706,0.0016323684249073267,False,0.372556684910086,7300.62158203125,10441.181640625,10103.583984375,10103.583984375,258.6525573730469
1062,images/1062_failure_none.png,failure_none,22029,0.95,440,False,0.14744536578655243,0.00034558476181700826,False,0.11141516810007818,7201.88037109375,10049.0,9652.3017578125,9652.3017578125,258.0235900878906
1063,images/1063_failure_none.png,failure_none,48840,0.95,976,False,0.19824321568012238,0.00022585423721466213,False,0.22165754495699763,7503.18017578125,11004.7763671875,10504.3486328125,10504.3486328125,266.4698486328125
1064,images/1064_failure_none.png,failure_none,32482,0.95,649,False,0.14628992974758148,0.001263630809262395,False,0.2982799061767005,6956.53759765625,10024.8125,9595.109375,9595.109375,263.07781982421875
1065,images/1065_failure_none.png,failure_none,27047,0.95,540,False,0.19380517303943634,0.0005219419836066663,False,0.34128225175918686,6808.65869140625,10227.302734375,9678.865234375,9678.865234375,266.9276123046875
1066,images/1066_failure_none.png,failure_none,33393,0.95,667,False,0.1792544424533844,0.0003493689000606537,False,0.2052384675527756,7795.75634765625,10551.4296875,10110.548828125,10110.548828125,268.3674621582031
1067,images/1067_failure_none.png,failure_none,19369,0.95,387,False,0.15459522604942322,0.0007767124334350228,False,0.25058639562157936,7113.5927734375,9757.3232421875,9575.654296875,9575.654296875,259.0052185058594
1068,images/1068_failure_none.png,failure_none,10075,0.95,201,False,0.18718263506889343,0.0007626133156009018,False,0.353010164190774,6896.44287109375,10053.576171875,9799.521484375,9799.521484375,259.1403503417969
1069,images/1069_failure_none.png,failure_none,44994,0.95,899,False,0.18107452988624573,0.0008609939832240343,False,0.35105551211884284,8189.779296875,10867.798828125,10275.1298828125,10275.1298828125,260.77203369140625
1070,images/1070_failure_none.png,failure_none,25246,0.95,504,False,0.17461462318897247,0.0002897611993830651,False,0.15402658326817825,8113.6796875,11046.63671875,10583.158203125,10583.158203125,257.6352233886719
1071,images/1071_failure_none.png,failure_none,7772,0.95,155,False,0.19229941070079803,0.0003920711751561612,False,0.282642689601251,6866.21484375,9927.53515625,9733.3310546875,9733.3310546875,257.70684814453125
1072,images/1072_failure_none.png,failure_none,26246,0.95,524,False,0.19186966121196747,0.0007033871952444315,False,0.36786551993745115,7338.462890625,10315.91015625,9850.294921875,9850.294921875,257.94659423828125
1073,images/1073_failure_none.png,failure_none,22701,0.95,454,False,0.18131297826766968,0.00025003732298500836,False,0.14972634870992962,6335.2744140625,9035.666015625,8759.783203125,8759.783203125,254.79981994628906
1074,images/1074_failure_none.png,failure_none,49555,0.95,991,False,0.14887839555740356,0.0005279756151139736,False,0.17982799061767005,6690.740234375,9521.2890625,9026.5419921875,9026.5419921875,263.50177001953125
1075,images/1075_failure_none.png,failure_none,47870,0.95,957,False,0.18239305913448334,0.00019592157332226634,False,0.1266614542611415,7305.77880859375,10288.939453125,9789.2060546875,9789.2060546875,264.99285888671875
1076,images/1076_failure_none.png,failure_none,25050,0.95,501,False,0.16035661101341248,0.0006925816996954381,False,0.2439405785770133,7734.08837890625,10834.9609375,10399.845703125,10399.845703125,260.900146484375
1077,images/1077_failure_none.png,failure_none,10171,0.95,203,False,0.15753205120563507,0.001399449771270156,False,0.33541829554339325,6966.017578125,10055.326171875,9687.8564453125,9687.8564453125,256.13275146484375
1078,images/1078_failure_none.png,failure_none,38742,0.95,774,False,0.19011755287647247,0.00054474564967677,False,0.3197810789679437,7524.62060546875,10480.3935546875,10192.36328125,10192.36328125,259.9332580566406
1079,images/1079_failure_none.png,failure_none,41763,0.95,835,False,0.16565470397472382,0.0005881639081053436,False,0.23729476153244722,7069.6494140625,9653.67578125,9444.2109375,9444.2109375,253.61875915527344
1080,images/1080_failure_none.png,failure_none,26754,0.95,535,False,0.16490034759044647,0.00032877709600143135,False,0.14386239249413604,7137.740234375,9792.173828125,9470.484375,9470.484375,257.6997985839844
1081,images/1081_failure_none.png,failure_none,269,0.95,5,False,0.15838803350925446,0.003438659245148301,False,0.4046129788897576,7572.85498046875,10250.8330078125,9873.2626953125,9873.2626953125,287.302978515625
1082,images/1082_failure_none.png,failure_none,12620,0.95,252,False,0.2246534824371338,0.0008903096313588321,False,0.5199374511336982,7645.240234375,10820.92578125,10317.078125,10317.078125,264.866943359375
1083,images/1083_failure_none.png,failure_none,44575,0.95,891,False,0.19570240378379822,0.00032529947930015624,False,0.27638780297107113,8211.11328125,10871.8134765625,10463.01953125,10463.01953125,260.3058776855469
1084,images/1084_failure_none.png,failure_none,39218,0.95,784,False,0.14401385188102722,0.00176501355599612,False,0.3275996872556685,8320.78125,11060.8310546875,10516.26171875,10516.26171875,260.0918273925781
1085,images/1085_failure_none.png,failure_none,49160,0.95,983,False,0.1782597005367279,0.00031256399233825505,False,0.18334636434714618,8762.9580078125,12250.412109375,11501.404296875,11501.404296875,303.4659423828125
1086,images/1086_failure_none.png,failure_none,19577,0.95,391,False,0.2517084777355194,0.0008804853423498571,False,0.5860046911649726,6828.470703125,9710.126953125,9496.650390625,9496.650390625,257.1489562988281
1087,images/1087_failure_none.png,failure_none,34536,0.95,690,False,0.1924053281545639,0.00044010995770804584,False,0.30101641907740423,6206.615234375,9068.0810546875,8846.0205078125,8846.0205078125,257.01214599609375
1088,images/1088_failure_dot.png,failure_dot,34759,0.95,695,False,0.15217845141887665,0.0010962608503177762,False,0.29945269741985925,7298.1591796875,10008.546875,9619.587890625,9619.587890625,255.80984497070312
1089,images/1089_failure_dot.png,failure_dot,33300,0.95,666,False,0.17597061395645142,0.00047709865611977875,False,0.24433150899139955,8358.041015625,11165.076171875,10659.544921875,10659.544921875,260.6036682128906
1090,images/1090_failure_dot.png,failure_dot,34345,0.95,686,False,0.1583617776632309,0.00027688656700775027,False,0.09577795152462862,8399.8681640625,11315.931640625,10772.888671875,10772.888671875,260.7242126464844
1091,images/1091_failure_dot.png,failure_dot,15357,0.95,307,False,0.1727837324142456,0.0004103486717212945,False,0.20523846755277558,7887.05859375,11096.1953125,10643.49609375,10643.49609375,263.7835998535156
1092,images/1092_failure_dot.png,failure_dot,5944,0.95,118,False,0.18268534541130066,0.000843066954985261,False,0.353010164190774,6767.20458984375,9448.5263671875,9111.73046875,9111.73046875,257.70184326171875
1093,images/1093_failure_dot.png,failure_dot,17372,0.95,347,False,0.18876585364341736,0.0001796427823137492,False,0.1485535574667709,7468.529296875,10620.0673828125,10361.279296875,10361.279296875,262.44146728515625
1094,images/1094_failure_dot.png,failure_dot,39617,0.95,792,False,0.1597381979227066,0.001129647484049201,False,0.31821735731039874,7762.55859375,10102.947265625,9664.95703125,9664.95703125,255.78286743164062
1095,images/1095_failure_dot.png,failure_dot,34249,0.95,684,False,0.1913520246744156,0.00025447821826674044,False,0.2028928850664582,8217.3642578125,11064.74609375,10303.41796875,10303.41796875,257.0412902832031
1096,images/1096_failure_dot.png,failure_dot,8651,0.95,173,False,0.19950486719608307,0.0024351421743631363,False,0.5445660672400312,7040.892578125,9854.251953125,9563.830078125,9563.830078125,255.63714599609375
1097,images/1097_failure_dot.png,failure_dot,24775,0.95,495,False,0.24060188233852386,0.00024872590438462794,False,0.34831899921813914,6967.939453125,10077.828125,9685.7451171875,9685.7451171875,259.11944580078125
1098,images/1098_failure_dot.png,failure_dot,17876,0.95,357,False,0.18746906518936157,0.003417025785893202,False,0.5019546520719311,7231.9775390625,10000.5986328125,9719.55859375,9719.55859375,258.8502197265625
1099,images/1099_failure_dot.png,failure_dot,49443,0.95,988,False,0.18543483316898346,0.0007206524023786187,False,0.33815480844409695,6917.173828125,9566.185546875,9080.513671875,9080.513671875,260.3641052246094
1100,images/1100_failure_dot.png,failure_dot,48430,0.95,968,False,0.14913739264011383,0.0005093318177387118,False,0.1735731039874902,8446.8359375,11309.197265625,10847.931640625,10847.931640625,261.1170959472656
1101,images/1101_failure_dot.png,failure_dot,25594,0.95,511,False,0.15370367467403412,0.00021143163030501455,False,0.04612978889757623,7214.294921875,10136.818359375,9861.3466796875,9861.3466796875,257.94091796875
1102,images/1102_failure_dot.png,failure_dot,27332,0.95,546,False,0.16841453313827515,0.0002954787923954427,False,0.13643471462079748,8168.40625,10966.607421875,10529.984375,10529.984375,259.7010803222656
1103,images/1103_failure_dot.png,failure_dot,29097,0.95,581,False,0.15809372067451477,0.00044088653521612287,False,0.1704456606724003,7788.06640625,10691.2392578125,10416.0322265625,10416.0322265625,262.24072265625
1104,images/1104_failure_dot.png,failure_dot,41998,0.95,839,False,0.1719072163105011,0.00012318887456785887,False,0.07740422204847537,7465.52734375,10392.77734375,9960.486328125,9960.486328125,258.2909851074219
1105,images/1105_failure_dot.png,failure_dot,6178,0.95,123,False,0.1718062162399292,0.0022914919536560774,False,0.41477716966379985,6030.494140625,8809.708984375,8545.677734375,8545.677734375,257.18341064453125
1106,images/1106_failure_dot.png,failure_dot,21603,0.95,432,False,0.21110792458057404,0.0002904228458646685,False,0.29906176700547304,8210.98046875,10956.4375,10399.478515625,10399.478515625,264.2255859375
1107,images/1107_failure_dot.png,failure_dot,25185,0.95,503,False,0.15161211788654327,0.00036666684900410473,False,0.1293979671618452,8099.01123046875,11150.1953125,10427.591796875,10427.591796875,261.1368713378906
1108,images/1108_failure_dot.png,failure_dot,2431,0.95,48,False,0.1919802874326706,0.0009315503411926329,False,0.4233776387802971,6649.3486328125,9461.662109375,9337.42578125,9337.42578125,256.3054504394531
1109,images/1109_failure_dot.png,failure_dot,9216,0.95,184,False,0.1776941865682602,0.0008303334470838308,False,0.33307271305707586,6854.33642578125,9997.4375,9739.494140625,9739.494140625,257.2052917480469
1110,images/1110_failure_dot.png,failure_dot,41841,0.95,836,False,0.1866113692522049,0.0009960444876924157,False,0.39913995308835026,8118.685546875,10931.2890625,10414.375,10414.375,270.9440002441406
1111,images/1111_failure_dot.png,failure_dot,23771,0.95,475,False,0.21807852387428284,0.0002908351307269186,False,0.3174354964816263,7904.21875,10981.4404296875,10640.134765625,10640.134765625,259.7762756347656
1112,images/1112_failure_dot.png,failure_dot,28878,0.95,577,False,0.16632212698459625,0.0005672472179867327,False,0.23573103987490227,7799.10546875,10459.0166015625,9894.3798828125,9894.3798828125,271.3976135253906
1113,images/1113_failure_dot.png,failure_dot,22433,0.95,448,False,0.14923366904258728,0.0004716709954664111,False,0.16301798279906177,7117.466796875,9840.2109375,9416.1337890625,9416.1337890625,256.15899658203125
1114,images/1114_failure_dot.png,failure_dot,6415,0.95,128,False,0.19625049829483032,0.0017960547702386975,False,0.5144644253322909,7291.71875,10551.6025390625,9827.712890625,9827.712890625,257.2818298339844
1115,images/1115_failure_dot.png,failure_dot,28672,0.95,573,False,0.15050363540649414,0.0004068886337336153,False,0.14190774042220486,6395.1083984375,9290.9326171875,9120.0234375,9120.0234375,255.39657592773438
1116,images/1116_failure_dot.png,failure_dot,3648,0.95,72,False,0.17528016865253448,0.0014596497640013695,False,0.3948397185301017,6868.82568359375,10215.2060546875,9800.93359375,9800.93359375,268.447509765625
1117,images/1117_failure_dot.png,failure_dot,35074,0.95,701,False,0.19323766231536865,0.0004645978333428502,False,0.31587177482408135,8329.306640625,11841.6435546875,11110.373046875,11110.373046875,264.35919189453125
1118,images/1118_failure_dot.png,failure_dot,2831,0.95,56,False,0.18293623626232147,0.0005718913162127137,False,0.2951524628616106,6697.9462890625,9343.24609375,9075.349609375,9075.349609375,256.8620300292969
1119,images/1119_failure_dot.png,failure_dot,26200,0.95,524,False,0.15222297608852386,0.0007556991185992956,False,0.24120406567630961,7099.376953125,10076.82421875,9595.11328125,9595.11328125,254.67031860351562
1120,images/1120_failure_dot.png,failure_dot,2460,0.95,49,False,0.14433400332927704,0.0005263706552796066,False,0.1724003127443315,6374.548828125,9361.1943359375,9166.42578125,9166.42578125,255.3895721435547
1121,images/1121_failure_dot.png,failure_dot,17912,0.95,358,False,0.18892866373062134,0.003851276822388172,False,0.5156372165754496,7727.744140625,10382.384765625,10096.798828125,10096.798828125,258.7196350097656
1122,images/1122_failure_dot.png,failure_dot,41921,0.95,838,False,0.19344472885131836,0.00032046675914898515,False,0.2595777951524628,8889.3203125,11441.1904296875,10717.416015625,10717.416015625,281.5332336425781
1123,images/1123_failure_dot.png,failure_dot,7590,0.95,151,False,0.1854104846715927,0.000672428694088012,False,0.3248631743549648,7222.0283203125,10129.9345703125,9897.3974609375,9897.3974609375,262.6263732910156
1124,images/1124_failure_dot.png,failure_dot,28201,0.95,564,False,0.17157180607318878,0.0002741993230301887,False,0.13096168881939016,6911.16259765625,9914.0390625,9705.4765625,9705.4765625,258.57763671875
1125,images/1125_failure_dot.png,failure_dot,4000,0.95,80,False,0.16550526022911072,0.0016310913488268852,False,0.372556684910086,7293.6484375,10434.208984375,10096.05859375,10096.05859375,258.5755615234375
1126,images/1126_failure_dot.png,failure_dot,22029,0.95,440,False,0.14730413258075714,0.00034541194327175617,False,0.10985144644253324,7209.765625,10056.884765625,9660.33984375,9660.33984375,258.0559387207031
1127,images/1127_failure_dot.png,failure_dot,48840,0.95,976,False,0.19825293123722076,0.00022600829834118485,False,0.22243940578577015,7501.9697265625,11003.5654296875,10502.916015625,10502.916015625,266.4414367675781
1128,images/1128_failure_dot.png,failure_dot,32482,0.95,649,False,0.14603498578071594,0.0012653784360736609,False,0.2978889757623143,6946.99609375,10015.271484375,9585.291015625,9585.291015625,263.0692443847656
1129,images/1129_failure_dot.png,failure_dot,27047,0.95,540,False,0.1938183605670929,0.0005217002471908927,False,0.34128225175918686,6816.2119140625,10234.8564453125,9686.37890625,9686.37890625,266.8435363769531
1130,images/1130_failure_dot.png,failure_dot,33393,0.95,667,False,0.17937910556793213,0.0003498017031233758,False,0.2060203283815481,7788.26904296875,10543.9423828125,10102.6142578125,10102.6142578125,268.8203430175781
1131,images/1131_failure_dot.png,failure_dot,19369,0.95,387,False,0.15476396679878235,0.0007773442193865776,False,0.25215011727912434,7116.0712890625,9759.8017578125,9578.140625,9578.140625,259.0224609375
1132,images/1132_failure_dot.png,failure_dot,10075,0.95,201,False,0.18726176023483276,0.0007633100030943751,False,0.35457388584831895,6896.1162109375,10053.2490234375,9799.10546875,9799.10546875,259.1397399902344
1133,images/1133_failure_dot.png,failure_dot,44994,0.95,899,False,0.18114767968654633,0.0008604050381109118,False,0.3518373729476153,8192.7353515625,10870.7548828125,10278.248046875,10278.248046875,260.9423828125
1134,images/1134_failure_dot.png,failure_dot,25246,0.95,504,False,0.17463897168636322,0.0002898992970585823,False,0.15480844409695074,8118.2998046875,11051.255859375,10587.79296875,10587.79296875,257.6978454589844
1135,images/1135_failure_dot.png,failure_dot,7772,0.95,155,False,0.1923065334558487,0.00039223115891218185,False,0.28342455043002346,6862.21728515625,9923.537109375,9729.244140625,9729.244140625,257.6895446777344
1136,images/1136_failure_dot.png,failure_dot,26246,0.95,524,False,0.19196553528308868,0.0007037041941657662,False,0.36982017200938233,7339.42138671875,10316.8681640625,9851.15625,9851.15625,257.9573059082031
1137,images/1137_failure_dot.png,failure_dot,22701,0.95,454,False,0.1811639964580536,0.0002499216643627733,False,0.14816262705238467,6336.7041015625,9037.095703125,8761.146484375,8761.146484375,254.8123321533203
1138,images/1138_failure_dot.png,failure_dot,49555,0.95,991,False,0.14889371395111084,0.0005272713606245816,False,0.17943706020328382,6691.912109375,9522.4609375,9027.77734375,9027.77734375,263.4796447753906
1139,images/1139_failure_dot.png,failure_dot,47870,0.95,957,False,0.18229077756404877,0.0001956660853466019,False,0.12509773260359655,7309.146484375,10292.3076171875,9792.501953125,9792.501953125,265.028564453125
1140,images/1140_failure_dot.png,failure_dot,25050,0.95,501,False,0.1603769063949585,0.0006929258815944195,False,0.245113369820172,7740.41796875,10841.291015625,10406.23828125,10406.23828125,260.89166259765625
1141,images/1141_failure_dot.png,failure_dot,10171,0.95,203,False,0.15758275985717773,0.0013989752624183893,False,0.33541829554339325,6964.21484375,10053.5234375,9686.041015625,9686.041015625,256.14849853515625
1142,images/1142_failure_dot.png,failure_dot,38742,0.95,774,False,0.19013257324695587,0.0005439814412966371,False,0.3197810789679437,7527.9248046875,10483.697265625,10195.66796875,10195.66796875,259.940185546875
1143,images/1143_failure_dot.png,failure_dot,41763,0.95,835,False,0.16573967039585114,0.0005884076817892492,False,0.23924941360437843,7062.92724609375,9646.9541015625,9437.3115234375,9437.3115234375,253.5810089111328
1144,images/1144_failure_dot.png,failure_dot,26754,0.95,535,False,0.164979487657547,0.0003284979029558599,False,0.14425332290852227,7134.90185546875,9789.3349609375,9467.501953125,9467.501953125,257.6737060546875
1145,images/1145_failure_dot.png,failure_dot,269,0.95,5,False,0.1585700809955597,0.003422494512051344,False,0.40461297888975767,7590.60888671875,10268.5869140625,9890.052734375,9890.052734375,285.6614990234375
1146,images/1146_failure_dot.png,failure_dot,12620,0.95,252,False,0.22458800673484802,0.0008907045121304691,False,0.519546520719312,7648.6572265625,10824.3427734375,10320.56640625,10320.56640625,264.89752197265625
1147,images/1147_failure_dot.png,failure_dot,44575,0.95,891,False,0.1955794394016266,0.0003251375164836645,False,0.2740422204847537,8215.0703125,10875.7705078125,10467.197265625,10467.197265625,260.375244140625
1148,images/1148_failure_dot.png,failure_dot,39218,0.95,784,False,0.1443263292312622,0.001765585271641612,False,0.3295543393275997,8328.5029296875,11068.552734375,10524.0859375,10524.0859375,260.1542663574219
1149,images/1149_failure_dot.png,failure_dot,49160,0.95,983,False,0.1781206727027893,0.0003124544455204159,False,0.18178264268960126,8760.1865234375,12247.640625,11498.5634765625,11498.5634765625,303.5685729980469
1150,images/1150_failure_dot.png,failure_dot,19577,0.95,391,False,0.25209084153175354,0.0008793689776211977,False,0.5860046911649726,6828.4921875,9710.1484375,9496.544921875,9496.544921875,257.1407165527344
1151,images/1151_failure_dot.png,failure_dot,34536,0.95,690,False,0.1924263834953308,0.00044112658360973,False,0.30414386239249414,6209.7216796875,9071.1875,8849.0849609375,8849.0849609375,257.0363464355469
1152,images/1152_failure_direct.png,failure_direct,34759,0.95,695,False,0.1522108018398285,0.0010958747006952763,False,0.2994526974198593,7298.87646484375,10009.263671875,9620.4990234375,9620.4990234375,255.8185577392578
1153,images/1153_failure_direct.png,failure_direct,33300,0.95,666,False,0.1759037971496582,0.0004763793258462101,False,0.2423768569194683,8359.765625,11166.80078125,10661.8818359375,10661.8818359375,260.7112731933594
1154,images/1154_failure_direct.png,failure_direct,34345,0.95,686,False,0.15827174484729767,0.0002770886931102723,False,0.09577795152462862,8403.517578125,11319.58203125,10777.671875,10777.671875,260.60467529296875
1155,images/1155_failure_direct.png,failure_direct,15357,0.95,307,False,0.17270897328853607,0.00040973760769702494,False,0.20367474589523066,7887.03857421875,11096.17578125,10644.033203125,10644.033203125,263.7606201171875
1156,images/1156_failure_direct.png,failure_direct,5944,0.95,118,False,0.1825866401195526,0.0008428024011664093,False,0.35222830336200156,6771.50146484375,9452.8232421875,9116.271484375,9116.271484375,257.74432373046875
1157,images/1157_failure_direct.png,failure_direct,17372,0.95,347,False,0.1884947270154953,0.00017957412637770176,False,0.14698983580922595,7476.0009765625,10627.5390625,10369.4169921875,10369.4169921875,262.49688720703125
1158,images/1158_failure_direct.png,failure_direct,39617,0.95,792,False,0.15991516411304474,0.001127642230130732,False,0.318608287724785,7767.14306640625,10107.53125,9669.9833984375,9669.9833984375,255.7752685546875
1159,images/1159_failure_direct.png,failure_direct,34249,0.95,684,False,0.1913127601146698,0.00025473241112194955,False,0.2040656763096169,8218.6787109375,11066.060546875,10304.9833984375,10304.9833984375,257.07745361328125
1160,images/1160_failure_direct.png,failure_direct,8651,0.95,173,False,0.19943542778491974,0.002433978021144867,False,0.5430023455824863,7041.5478515625,9854.908203125,9564.689453125,9564.689453125,255.64805603027344
1161,images/1161_failure_direct.png,failure_direct,24775,0.95,495,False,0.24055977165699005,0.00024880669661797583,False,0.34870992963252545,6970.71533203125,10080.6044921875,9689.009765625,9689.009765625,259.180419921875
1162,images/1162_failure_direct.png,failure_direct,17876,0.95,357,False,0.1873851865530014,0.00341130536980927,False,0.5003909304143863,7236.4677734375,10005.0888671875,9724.634765625,9724.634765625,258.8941650390625
1163,images/1163_failure_direct.png,failure_direct,49443,0.95,988,False,0.18539880216121674,0.0007194019854068756,False,0.33698201720093823,6917.453125,9566.46484375,9081.1015625,9081.1015625,260.39642333984375
1164,images/1164_failure_direct.png,failure_direct,48430,0.95,968,False,0.14926394820213318,0.0005101148271933198,False,0.17670054730258014,8449.205078125,11311.56640625,10850.52734375,10850.52734375,261.1266784667969
1165,images/1165_failure_direct.png,failure_direct,25594,0.95,511,False,0.15355418622493744,0.0002112125075655058,False,0.04534792806880375,7220.6865234375,10143.208984375,9868.3818359375,9868.3818359375,257.9385070800781
1166,images/1166_failure_direct.png,failure_direct,27332,0.95,546,False,0.16839857399463654,0.0002953945950139314,False,0.13487099296325256,8170.2734375,10968.474609375,10532.28125,10532.28125,259.6976623535156
1167,images/1167_failure_direct.png,failure_direct,29097,0.95,581,False,0.15810918807983398,0.0004407830710988492,False,0.17005473025801407,7794.5634765625,10697.736328125,10423.08984375,10423.08984375,262.30743408203125
1168,images/1168_failure_direct.png,failure_direct,41998,0.95,839,False,0.17184005677700043,0.0001229722984135151,False,0.07505863956215794,7471.09716796875,10398.34765625,9966.65625,9966.65625,258.3872375488281
1169,images/1169_failure_direct.png,failure_direct,6178,0.95,123,False,0.17158456146717072,0.0022871780674904585,False,0.4132134480062549,6031.6728515625,8810.88671875,8547.171875,8547.171875,257.1955261230469
1170,images/1170_failure_direct.png,failure_direct,21603,0.95,432,False,0.2110731452703476,0.0002902058477047831,False,0.2978889757623143,8213.3359375,10958.79296875,10402.455078125,10402.455078125,264.20062255859375
1171,images/1171_failure_direct.png,failure_direct,25185,0.95,503,False,0.151645228266716,0.00036647613160312176,False,0.12939796716184518,8098.49658203125,11149.6796875,10427.568359375,10427.568359375,261.1014099121094
1172,images/1172_failure_direct.png,failure_direct,2431,0.95,48,False,0.1919311136007309,0.0009330442408099771,False,0.42298670836591085,6651.94384765625,9464.2578125,9340.439453125,9340.439453125,256.33062744140625
1173,images/1173_failure_direct.png,failure_direct,9216,0.95,184,False,0.17766006290912628,0.0008302957867272198,False,0.33229085222830335,6857.8701171875,10000.970703125,9743.318359375,9743.318359375,257.2403869628906
1174,images/1174_failure_direct.png,failure_direct,41841,0.95,836,False,0.1866161972284317,0.0009961484465748072,False,0.3999218139171228,8122.11083984375,10934.7138671875,10418.396484375,10418.396484375,271.24945068359375
1175,images/1175_failure_direct.png,failure_direct,23771,0.95,475,False,0.2182377129793167,0.0002909914474003017,False,0.31899921813917126,7903.3603515625,10980.58203125,10640.7841796875,10640.7841796875,260.01708984375
1176,images/1176_failure_direct.png,failure_direct,28878,0.95,577,False,0.16609714925289154,0.0005680485628545284,False,0.23534010946051603,7802.8056640625,10462.716796875,9898.4501953125,9898.4501953125,270.9186096191406
1177,images/1177_failure_direct.png,failure_direct,22433,0.95,448,False,0.14915557205677032,0.00047146546421572566,False,0.16106333072713058,7121.8857421875,9844.630859375,9420.9482421875,9420.9482421875,256.1810302734375
1178,images/1178_failure_direct.png,failure_direct,6415,0.95,128,False,0.19615113735198975,0.001800495432689786,False,0.5144644253322909,7293.607421875,10553.4912109375,9830.298828125,9830.298828125,257.3776550292969
1179,images/1179_failure_direct.png,failure_direct,28672,0.95,573,False,0.15055012702941895,0.00040753904613666236,False,0.14268960125097732,6397.77099609375,9293.595703125,9123.087890625,9123.087890625,255.3527069091797
1180,images/1180_failure_direct.png,failure_direct,3648,0.95,72,False,0.17529992759227753,0.0014603586168959737,False,0.3956215793588741,6874.30712890625,10220.6875,9807.205078125,9807.205078125,268.3559875488281
1181,images/1181_failure_direct.png,failure_direct,35074,0.95,701,False,0.19329528510570526,0.0004644572618417442,False,0.31587177482408135,8332.05859375,11844.3955078125,11113.630859375,11113.630859375,264.4136962890625
1182,images/1182_failure_direct.png,failure_direct,2831,0.95,56,False,0.1829034686088562,0.0005738516338169575,False,0.2947615324472244,6701.34033203125,9346.640625,9079.16015625,9079.16015625,256.8807067871094
1183,images/1183_failure_direct.png,failure_direct,26200,0.95,524,False,0.1521655172109604,0.0007537822821177542,False,0.2388584831899922,7099.8388671875,10077.28515625,9595.970703125,9595.970703125,254.66770935058594
1184,images/1184_failure_direct.png,failure_direct,2460,0.95,49,False,0.14412477612495422,0.0005259470781311393,False,0.17083659108678656,6377.30078125,9363.9462890625,9169.4365234375,9169.4365234375,255.4098663330078
1185,images/1185_failure_direct.png,failure_direct,17912,0.95,358,False,0.18916700780391693,0.0038534014020115137,False,0.5175918686473808,7730.8662109375,10385.5068359375,10100.3798828125,10100.3798828125,258.75726318359375
1186,images/1186_failure_direct.png,failure_direct,41921,0.95,838,False,0.19340024888515472,0.00032079912489280105,False,0.2591868647380766,8887.935546875,11439.8056640625,10717.212890625,10717.212890625,282.39111328125
1187,images/1187_failure_direct.png,failure_direct,7590,0.95,151,False,0.18544863164424896,0.0006723618716932833,False,0.32525410476935107,7224.84765625,10132.75390625,9900.626953125,9900.626953125,262.529296875
1188,images/1188_failure_direct.png,failure_direct,28201,0.95,564,False,0.17162762582302094,0.00027418151148594916,False,0.1313526192337764,6913.97021484375,9916.8466796875,9708.62890625,9708.62890625,258.5888671875
1189,images/1189_failure_direct.png,failure_direct,4000,0.95,80,False,0.1656908392906189,0.001629575970582664,False,0.3733385457388585,7300.0234375,10440.583984375,10103.408203125,10103.408203125,258.63275146484375
1190,images/1190_failure_direct.png,failure_direct,22029,0.95,440,False,0.1472407728433609,0.00034593467717058957,False,0.11102423768569195,7213.37451171875,10060.494140625,9664.59765625,9664.59765625,257.9677734375
1191,images/1191_failure_direct.png,failure_direct,48840,0.95,976,False,0.19818662106990814,0.00022583622194360942,False,0.22048475371383894,7505.431640625,11007.02734375,10507.224609375,10507.224609375,266.4889831542969
1192,images/1192_failure_direct.png,failure_direct,32482,0.95,649,False,0.14614062011241913,0.001264402293600142,False,0.2982799061767005,6953.77685546875,10022.0517578125,9592.462890625,9592.462890625,263.0784912109375
1193,images/1193_failure_direct.png,failure_direct,27047,0.95,540,False,0.19372572004795074,0.000521523819770664,False,0.3389366692728694,6820.8203125,10239.46484375,9691.681640625,9691.681640625,266.7253112792969
1194,images/1194_failure_direct.png,failure_direct,33393,0.95,667,False,0.1791379153728485,0.00034889200469478965,False,0.20445660672400312,7798.0068359375,10553.6796875,10113.1103515625,10113.1103515625,268.4837341308594
1195,images/1195_failure_direct.png,failure_direct,19369,0.95,387,False,0.15471228957176208,0.0007776349666528404,False,0.2517591868647381,7118.6962890625,9762.4267578125,9581.1435546875,9581.1435546875,259.0541687011719
1196,images/1196_failure_direct.png,failure_direct,10075,0.95,201,False,0.18706706166267395,0.0007632234483025968,False,0.3534010946051603,6902.9189453125,10060.0517578125,9806.490234375,9806.490234375,259.19842529296875
1197,images/1197_failure_direct.png,failure_direct,44994,0.95,899,False,0.18117369711399078,0.0008591382065787911,False,0.35222830336200156,8194.001953125,10872.021484375,10280.1943359375,10280.1943359375,261.13702392578125
1198,images/1198_failure_direct.png,failure_direct,25246,0.95,504,False,0.17461331188678741,0.0002891136391554028,False,0.15207193119624707,8121.1103515625,11054.06640625,10591.0029296875,10591.0029296875,257.7056579589844
1199,images/1199_failure_direct.png,failure_direct,7772,0.95,155,False,0.1923821121454239,0.00039190606912598014,False,0.28342455043002346,6866.904296875,9928.224609375,9734.416015625,9734.416015625,257.73272705078125
1200,images/1200_failure_direct.png,failure_direct,26246,0.95,524,False,0.19182729721069336,0.0007039788761176169,False,0.3682564503518374,7340.87939453125,10318.326171875,9852.9033203125,9852.9033203125,257.97332763671875
1201,images/1201_failure_direct.png,failure_direct,22701,0.95,454,False,0.18120984733104706,0.0002497803361620754,False,0.1485535574667709,6338.2607421875,9038.65234375,8762.8427734375,8762.8427734375,254.82693481445312
1202,images/1202_failure_direct.png,failure_direct,49555,0.95,991,False,0.1489044725894928,0.0005281917983666062,False,0.18100078186082877,6693.4697265625,9524.0185546875,9029.86328125,9029.86328125,263.4586181640625
1203,images/1203_failure_direct.png,failure_direct,47870,0.95,957,False,0.18216729164123535,0.0001960117369890213,False,0.12509773260359655,7313.03369140625,10296.1953125,9796.791015625,9796.791015625,265.0352783203125
1204,images/1204_failure_direct.png,failure_direct,25050,0.95,501,False,0.16029708087444305,0.0006929798400960863,False,0.24433150899139952,7743.7421875,10844.615234375,10410.185546875,10410.185546875,260.8356018066406
1205,images/1205_failure_direct.png,failure_direct,10171,0.95,203,False,0.1574207842350006,0.0013973764143884182,False,0.3342455043002346,6966.921875,10056.23046875,9689.048828125,9689.048828125,256.17120361328125
1206,images/1206_failure_direct.png,failure_direct,38742,0.95,774,False,0.1899208426475525,0.0005445803399197757,False,0.31704456606724,7532.0654296875,10487.837890625,10200.1064453125,10200.1064453125,259.9194030761719
1207,images/1207_failure_direct.png,failure_direct,41763,0.95,835,False,0.16551513969898224,0.0005886375438421965,False,0.23807662236121968,7066.1123046875,9650.138671875,9440.734375,9440.734375,253.5980987548828
1208,images/1208_failure_direct.png,failure_direct,26754,0.95,535,False,0.16492782533168793,0.0003289585583843291,False,0.14464425332290853,7136.20458984375,9790.6376953125,9469.17578125,9469.17578125,257.71710205078125
1209,images/1209_failure_direct.png,failure_direct,269,0.95,5,False,0.15846911072731018,0.003430987475439906,False,0.4046129788897576,7586.498046875,10264.4755859375,9887.21875,9887.21875,287.0148010253906
1210,images/1210_failure_direct.png,failure_direct,12620,0.95,252,False,0.22463048994541168,0.0008911914774216712,False,0.5203283815480845,7652.66748046875,10828.353515625,10325.349609375,10325.349609375,264.9308776855469
1211,images/1211_failure_direct.png,failure_direct,44575,0.95,891,False,0.19564485549926758,0.0003249811416026205,False,0.27443315089914,8218.6318359375,10879.33203125,10471.6064453125,10471.6064453125,260.5627136230469
1212,images/1212_failure_direct.png,failure_direct,39218,0.95,784,False,0.1441553682088852,0.0017698990413919091,False,0.3295543393275997,8332.818359375,11072.8681640625,10528.77734375,10528.77734375,260.134033203125
1213,images/1213_failure_direct.png,failure_direct,49160,0.95,983,False,0.17815712094306946,0.0003126068040728569,False,0.1833463643471462,8761.341796875,12248.7958984375,11500.91015625,11500.91015625,303.70538330078125
1214,images/1214_failure_direct.png,failure_direct,19577,0.95,391,False,0.25156211853027344,0.0008805933175608516,False,0.5860046911649727,6831.5107421875,9713.166015625,9499.841796875,9499.841796875,257.17620849609375
1215,images/1215_failure_direct.png,failure_direct,34536,0.95,690,False,0.1923084855079651,0.0004408476816024631,False,0.3021892103205629,6213.67626953125,9075.142578125,8853.388671875,8853.388671875,256.9991760253906
1216,images/1216_noise.png,noise,34759,1.0,695,False,0.1502780318260193,0.001057429937645793,False,0.29163408913213446,7516.9462890625,10227.333984375,9839.3955078125,9839.3955078125,257.4013671875
1217,images/1217_noise.png,noise,33300,1.0,666,False,0.1733255684375763,0.00048431011964567006,False,0.23573103987490227,8584.109375,11391.14453125,10887.970703125,10887.970703125,261.70526123046875
1218,images/1218_noise.png,noise,34345,1.0,686,False,0.15648049116134644,0.000275255850283429,False,0.0906958561376075,8647.296875,11563.361328125,11024.611328125,11024.611328125,262.2273254394531
1219,images/1219_noise.png,noise,15357,1.0,307,False,0.17222434282302856,0.0004034262674394995,False,0.19898358092259577,8120.5478515625,11329.685546875,10877.3681640625,10877.3681640625,264.4794006347656
1220,images/1220_noise.png,noise,5944,1.0,118,False,0.18306347727775574,0.0008494450012221932,False,0.3577013291634089,6994.06298828125,9675.384765625,9342.861328125,9342.861328125,260.1193542480469
1221,images/1221_noise.png,noise,17372,1.0,347,False,0.1848490983247757,0.0001799259625840932,False,0.13330727130570758,7697.06494140625,10848.6025390625,10597.3203125,10597.3203125,264.50244140625
1222,images/1222_noise.png,noise,39617,1.0,792,False,0.15929283201694489,0.0011177575215697289,False,0.31587177482408135,7971.98046875,10312.369140625,9879.3642578125,9879.3642578125,257.5230712890625
1223,images/1223_noise.png,noise,34249,1.0,684,False,0.18957479298114777,0.0002619792940095067,False,0.1931196247068022,8432.47265625,11279.85546875,10519.74609375,10519.74609375,258.875244140625
1224,images/1224_noise.png,noise,8651,1.0,173,False,0.19568940997123718,0.0024349200539290905,False,0.5293197810789679,7254.26513671875,10067.625,9777.9091796875,9777.9091796875,257.6567077636719
1225,images/1225_noise.png,noise,24775,1.0,495,False,0.24000120162963867,0.00025235320208594203,False,0.35222830336200156,7198.26904296875,10308.158203125,9919.4033203125,9919.4033203125,260.9634704589844
1226,images/1226_noise.png,noise,17876,1.0,357,False,0.1865553855895996,0.003344329772517085,False,0.49609069585613763,7455.24658203125,10223.8671875,9947.982421875,9947.982421875,261.13800048828125
1227,images/1227_noise.png,noise,49443,1.0,988,False,0.18356439471244812,0.0007133897161111236,False,0.32720875684128226,7140.197265625,9789.208984375,9304.251953125,9304.251953125,261.1763916015625
1228,images/1228_noise.png,noise,48430,1.0,968,False,0.14846168458461761,0.0005064450087957084,False,0.1712275215011728,8684.3046875,11546.666015625,11087.72265625,11087.72265625,263.2610778808594
1229,images/1229_noise.png,noise,25594,1.0,511,False,0.15355083346366882,0.0002079408150166273,False,0.042220484753713844,7451.15625,10373.6796875,10105.166015625,10105.166015625,259.6955261230469
1230,images/1230_noise.png,noise,27332,1.0,546,False,0.16697633266448975,0.00029983409331180155,False,0.13643471462079748,8395.587890625,11193.7890625,10759.537109375,10759.537109375,261.73675537109375
1231,images/1231_noise.png,noise,29097,1.0,581,False,0.15714512765407562,0.0004437123716343194,False,0.16966379984362784,8019.7958984375,10922.96875,10654.4423828125,10654.4423828125,264.69415283203125
1232,images/1232_noise.png,noise,41998,1.0,839,False,0.16850802302360535,0.00012101532774977386,False,0.06450351837372947,7698.7548828125,10626.005859375,10200.2734375,10200.2734375,259.96728515625
1233,images/1233_noise.png,noise,6178,1.0,123,False,0.16993187367916107,0.0023076306097209454,False,0.40891321344800624,6250.82958984375,9030.0439453125,8767.42578125,8767.42578125,257.19195556640625
1234,images/1234_noise.png,noise,21603,1.0,432,False,0.20932415127754211,0.00029748782981187105,False,0.3014073494917905,8438.5234375,11183.98046875,10629.7861328125,10629.7861328125,266.32012939453125
1235,images/1235_noise.png,noise,25185,1.0,503,False,0.14986495673656464,0.0003641131042968482,False,0.12509773260359655,8350.4453125,11401.62890625,10678.2646484375,10678.2646484375,260.0213623046875
1236,images/1236_noise.png,noise,2431,1.0,48,False,0.19070002436637878,0.0009220100473612547,False,0.4112587959343237,6865.802734375,9678.1162109375,9556.7431640625,9556.7431640625,258.2718505859375
1237,images/1237_noise.png,noise,9216,1.0,184,False,0.17620179057121277,0.0008190915687009692,False,0.32603596559812353,7075.17578125,10218.27734375,9963.943359375,9963.943359375,259.2296447753906
1238,images/1238_noise.png,noise,41841,1.0,836,False,0.18848267197608948,0.0009907720377668738,False,0.4042220484753714,8376.84765625,11189.451171875,10676.8076171875,10676.8076171875,265.1212158203125
1239,images/1239_noise.png,noise,23771,1.0,475,False,0.2171204537153244,0.000288238690700382,False,0.3107896794370602,8139.72802734375,11216.94921875,10876.7119140625,10876.7119140625,260.79833984375
1240,images/1240_noise.png,noise,28878,1.0,577,False,0.16708028316497803,0.0005804128013551235,False,0.24315871774824083,8025.46630859375,10685.376953125,10124.7197265625,10124.7197265625,264.9412536621094
1241,images/1241_noise.png,noise,22433,1.0,448,False,0.14991559088230133,0.0004746102204080671,False,0.1673182173573104,7344.82421875,10067.568359375,9648.064453125,9648.064453125,258.0057067871094
1242,images/1242_noise.png,noise,6415,1.0,128,False,0.19144880771636963,0.0017291456460952759,False,0.4824081313526193,7508.1953125,10768.0791015625,10046.970703125,10046.970703125,258.951171875
1243,images/1243_noise.png,noise,28672,1.0,573,False,0.152547687292099,0.0004089650174137205,False,0.14777169663799844,6622.33056640625,9518.154296875,9350.2685546875,9350.2685546875,256.3544006347656
1244,images/1244_noise.png,noise,3648,1.0,72,False,0.17332114279270172,0.001446326496079564,False,0.38702111024237684,7102.41455078125,10448.794921875,10040.201171875,10040.201171875,269.43994140625
1245,images/1245_noise.png,noise,35074,1.0,701,False,0.19045354425907135,0.0004614162025973201,False,0.29632525410476934,8562.904296875,12075.2412109375,11346.873046875,11346.873046875,266.6329650878906
1246,images/1246_noise.png,noise,2831,1.0,56,False,0.18099719285964966,0.0005690328544005752,False,0.28303362001563726,6927.5087890625,9572.80859375,9308.33203125,9308.33203125,258.83001708984375
1247,images/1247_noise.png,noise,26200,1.0,524,False,0.15317502617835999,0.0007783301407471299,False,0.24941360437842064,7311.7978515625,10289.244140625,9808.033203125,9808.033203125,256.6423645019531
1248,images/1248_noise.png,noise,2460,1.0,49,False,0.14260031282901764,0.0005187541246414185,False,0.16536356528537918,6587.291015625,9573.9365234375,9382.216796875,9382.216796875,257.0771789550781
1249,images/1249_noise.png,noise,17912,1.0,358,False,0.18850679695606232,0.003864494850859046,False,0.5152462861610634,7959.06591796875,10613.70703125,10331.482421875,10331.482421875,261.057373046875
1250,images/1250_noise.png,noise,41921,1.0,838,False,0.1954648792743683,0.0003186257090419531,False,0.2701329163408913,9149.8193359375,11701.689453125,10979.5546875,10979.5546875,274.7870788574219
1251,images/1251_noise.png,noise,7590,1.0,151,False,0.18481139838695526,0.0006803246797062457,False,0.32525410476935107,7465.4619140625,10373.3681640625,10143.6015625,10143.6015625,262.0658264160156
1252,images/1252_noise.png,noise,28201,1.0,564,False,0.1706179529428482,0.00027589505771175027,False,0.13057075840500393,7132.40576171875,10135.2822265625,9929.7255859375,9929.7255859375,260.0310363769531
1253,images/1253_noise.png,noise,4000,1.0,80,False,0.1638372391462326,0.0016368469223380089,False,0.36591086786551996,7531.2109375,10671.771484375,10340.6376953125,10340.6376953125,261.119140625
1254,images/1254_noise.png,noise,22029,1.0,440,False,0.14653170108795166,0.0003456479462329298,False,0.10985144644253324,7416.1689453125,10263.2880859375,9870.8125,9870.8125,259.10272216796875
1255,images/1255_noise.png,noise,48840,1.0,976,False,0.19671154022216797,0.0002289971598656848,False,0.21853010164190775,7743.638671875,11245.234375,10748.3330078125,10748.3330078125,268.02642822265625
1256,images/1256_noise.png,noise,32482,1.0,649,False,0.15015219151973724,0.001289593055844307,False,0.3123534010946052,7193.623046875,10261.8984375,9838.8818359375,9838.8818359375,262.72747802734375
1257,images/1257_noise.png,noise,27047,1.0,540,False,0.19103296101093292,0.0005196967395022511,False,0.3170445660672401,7037.6435546875,10456.2880859375,9912.9873046875,9912.9873046875,267.1648864746094
1258,images/1258_noise.png,noise,33393,1.0,667,False,0.17683136463165283,0.00034538941690698266,False,0.1942924159499609,8032.8974609375,10788.5703125,10357.341796875,10357.341796875,265.1995544433594
1259,images/1259_noise.png,noise,19369,1.0,387,False,0.15394316613674164,0.0007688335608690977,False,0.24784988272087569,7338.4169921875,9982.1474609375,9803.4453125,9803.4453125,261.50347900390625
1260,images/1260_noise.png,noise,10075,1.0,201,False,0.1851293295621872,0.0007500174688175321,False,0.3416731821735731,7119.984375,10277.1171875,10029.978515625,10029.978515625,261.0801696777344
1261,images/1261_noise.png,noise,44994,1.0,899,False,0.1821622997522354,0.0008711307309567928,False,0.35691946833463645,8414.3828125,11092.40234375,10501.916015625,10501.916015625,261.2403869628906
1262,images/1262_noise.png,noise,25246,1.0,504,False,0.17415420711040497,0.00029144121799618006,False,0.1544175136825645,8333.423828125,11266.380859375,10805.9912109375,10805.9912109375,259.85528564453125
1263,images/1263_noise.png,noise,7772,1.0,155,False,0.18994587659835815,0.0003845346800517291,False,0.2595777951524628,7092.36376953125,10153.68359375,9964.27734375,9964.27734375,258.9718933105469
1264,images/1264_noise.png,noise,26246,1.0,524,False,0.1904655396938324,0.000723251432646066,False,0.364347146207975,7564.7626953125,10542.208984375,10078.2890625,10078.2890625,260.4395751953125
1265,images/1265_noise.png,noise,22701,1.0,454,False,0.1811436414718628,0.00025118960184045136,False,0.1493354182955434,6555.05419921875,9255.4453125,8980.794921875,8980.794921875,256.85614013671875
1266,images/1266_noise.png,noise,49555,1.0,991,False,0.14967873692512512,0.000531662895809859,False,0.18686473807662235,6925.044921875,9755.59375,9262.5859375,9262.5859375,265.2759704589844
1267,images/1267_noise.png,noise,47870,1.0,957,False,0.18219690024852753,0.0001970498269656673,False,0.12627052384675527,7537.806640625,10520.9677734375,10025.4755859375,10025.4755859375,266.146240234375
1268,images/1268_noise.png,noise,25050,1.0,501,False,0.16056621074676514,0.0006823107250966132,False,0.2431587177482408,7955.3056640625,11056.1787109375,10624.734375,10624.734375,261.9215087890625
1269,images/1269_noise.png,noise,10171,1.0,203,False,0.15600161254405975,0.0013927370309829712,False,0.3326817826426896,7188.94140625,10278.25,9913.623046875,9913.623046875,257.4396667480469
1270,images/1270_noise.png,noise,38742,1.0,774,False,0.19008173048496246,0.000545817892998457,False,0.31939014855355746,7746.73779296875,10702.5107421875,10418.69921875,10418.69921875,260.65753173828125
1271,images/1271_noise.png,noise,41763,1.0,835,False,0.16467837989330292,0.0005844649858772755,False,0.23260359655981236,7293.837890625,9877.865234375,9671.5,9671.5,255.3048553466797
1272,images/1272_noise.png,noise,26754,1.0,535,False,0.1628289818763733,0.00032760994508862495,False,0.1364347146207975,7366.4404296875,10020.873046875,9700.5625,9700.5625,259.240966796875
1273,images/1273_noise.png,noise,269,1.0,5,False,0.15770788490772247,0.0034903434570878744,False,0.40344018764659895,7827.74609375,10505.7236328125,10125.5322265625,10125.5322265625,279.1851501464844
1274,images/1274_noise.png,noise,12620,1.0,252,False,0.22408682107925415,0.0008969848859123886,False,0.519546520719312,7876.95703125,11052.642578125,10553.5703125,10553.5703125,267.0113525390625
1275,images/1275_noise.png,noise,44575,1.0,891,False,0.193719282746315,0.00032359999022446573,False,0.26348709929632524,8432.544921875,11093.2451171875,10689.5849609375,10689.5849609375,261.6412048339844
1276,images/1276_noise.png,noise,39218,1.0,784,False,0.14503246545791626,0.0018284062389284372,False,0.33424550430023453,8538.486328125,11278.5361328125,10738.5537109375,10738.5537109375,261.49163818359375
1277,images/1277_noise.png,noise,49160,1.0,983,False,0.177042156457901,0.00032047805143520236,False,0.18256450351837372,9069.5830078125,12557.037109375,11811.44921875,11811.44921875,299.70135498046875
1278,images/1278_noise.png,noise,19577,1.0,391,False,0.25228145718574524,0.0008813250460661948,False,0.5879593432369038,7052.85546875,9934.51171875,9723.923828125,9723.923828125,259.6240234375
1279,images/1279_noise.png,noise,34536,1.0,690,False,0.18984243273735046,0.0004450398846529424,False,0.28303362001563726,6424.5458984375,9286.01171875,9067.7900390625,9067.7900390625,258.0543518066406
