{
  "band_alpha": 0.4,
  "table": {
    "K20_s2.4_a0.0": {
      "rho_tail": 0.20975,
      "H": 0.06310000000000004,
      "S": 0.9234871031746031,
      "no_mine": 0.74915,
      "supcon": 0.81225,
      "gap_mean": -0.24195000000000003,
      "gap_se": 0.0053330468673066156,
      "rc_hpm": 0.5072,
      "rc_neg_only": 0.43644999999999995,
      "cert_random_k": 0.7739,
      "rince": 0.7660500000000001,
      "naive_neg": 0.3439
    },
    "K40_s2.4_a0.8": {
      "rho_tail": 0.19105,
      "H": 0.060250000000000026,
      "S": 0.8834325396825397,
      "no_mine": 0.6466999999999999,
      "supcon": 0.70695,
      "gap_mean": -0.17725,
      "gap_se": 0.005881822279985453,
      "rc_hpm": 0.46945,
      "rc_neg_only": 0.43624999999999997,
      "cert_random_k": 0.6696500000000001,
      "rince": 0.6637,
      "naive_neg": 0.3393
    },
    "K10_s2.4_a0.0": {
      "rho_tail": 0.40335,
      "H": 0.05239999999999989,
      "S": 0.6594742063492064,
      "no_mine": 0.8275,
      "supcon": 0.8798999999999999,
      "gap_mean": -0.10924999999999999,
      "gap_se": 0.005303169911582234,
      "rc_hpm": 0.71825,
      "rc_neg_only": 0.5887,
      "cert_random_k": 0.8477500000000001,
      "rince": 0.83905,
      "naive_neg": 0.2797
    },
    "K20_s2.0_a0.8": {
      "rho_tail": 0.3811,
      "H": 0.040400000000000214,
      "S": 0.6350446428571429,
      "no_mine": 0.8616999999999999,
      "supcon": 0.9021000000000001,
      "gap_mean": -0.14625,
      "gap_se": 0.004457359706772109,
      "rc_hpm": 0.7154499999999999,
      "rc_neg_only": 0.6513000000000001,
      "cert_random_k": 0.8737,
      "rince": 0.87605,
      "naive_neg": 0.37620000000000003
    },
    "K40_s2.4_a1.6": {
      "rho_tail": 0.5927,
      "H": 0.046599999999999975,
      "S": 0.3960813492063492,
      "no_mine": 0.7841,
      "supcon": 0.8307,
      "gap_mean": -0.06200000000000001,
      "gap_se": 0.004603139025587755,
      "rc_hpm": 0.7221,
      "rc_neg_only": 0.6888500000000001,
      "cert_random_k": 0.8028000000000001,
      "rince": 0.7983500000000001,
      "naive_neg": 0.5002
    }
  },
  "n_band_rungs": 5,
  "regression": {
    "beta": {
      "b0": 0.9922032170591655,
      "b1_H": 10.034659494496925,
      "b2_S": -1.8931319100451713,
      "q1": -0.16511024872014324,
      "q2": -1.9189756340919844
    },
    "q2_ci95": [
      -1.8412867889337763,
      3.402149504827348
    ],
    "peak": -0.04302041302318819,
    "cells": {
      "K10_s2.4_a0.0": [
        -0.10924999999999999,
        0.005303169911582234
      ],
      "K20_s2.0_a0.8": [
        -0.14625,
        0.004457359706772109
      ],
      "K20_s2.4_a0.0": [
        -0.24195000000000003,
        0.0053330468673066156
      ],
      "K40_s2.4_a0.8": [
        -0.17725,
        0.005881822279985453
      ],
      "K40_s2.4_a1.6": [
        -0.06200000000000001,
        0.004603139025587755
      ]
    },
    "best_cell": {
      "tag": "K40_s2.4_a1.6",
      "mean": -0.06200000000000001,
      "se": 0.004603139025587755
    },
    "C1": false,
    "C2": false,
    "C3": false,
    "C4": false,
    "B1_band_found": false,
    "B2_no_band": true
  },
  "wall_seconds": 1990.5
}