{
  "alpha": 0.4,
  "table": {
    "K20_s2.4_a0.0": {
      "rho_tail": 0.20975,
      "H": 0.06310000000000004,
      "S": 0.9234871031746031,
      "no_mine": 0.74915,
      "supcon": 0.81225,
      "naive": 0.3439,
      "rc_hard": 0.5072,
      "cert_random_k": 0.7739,
      "cert_conf_easy": 0.49684999999999996,
      "cert_conf_easy_se": 0.0023594373152182797,
      "cert_mid_band": 0.49319999999999997,
      "cert_mid_band_se": 0.004648894731247659,
      "cert_diverse": 0.7618,
      "cert_diverse_se": 0.0031642095730564685,
      "cert_curriculum": 0.5635,
      "cert_curriculum_se": 0.0058171203261484054,
      "no_mine_se": 0.0024427329867270473,
      "curriculum_risk_max": 0.08436016504543241
    },
    "K40_s2.4_a0.8": {
      "rho_tail": 0.19105,
      "H": 0.060250000000000026,
      "S": 0.8834325396825397,
      "no_mine": 0.6466999999999999,
      "supcon": 0.70695,
      "naive": 0.3393,
      "rc_hard": 0.46945,
      "cert_random_k": 0.6696500000000001,
      "cert_conf_easy": 0.39865,
      "cert_conf_easy_se": 0.005265216044950099,
      "cert_mid_band": 0.46354999999999996,
      "cert_mid_band_se": 0.006141140863969096,
      "cert_diverse": 0.655,
      "cert_diverse_se": 0.003236939569682728,
      "cert_curriculum": 0.54995,
      "cert_curriculum_se": 0.005977016163791282,
      "no_mine_se": 0.005095858885190779,
      "curriculum_risk_max": 0.10139617896221051
    },
    "K10_s2.4_a0.0": {
      "rho_tail": 0.40335,
      "H": 0.05239999999999989,
      "S": 0.6594742063492064,
      "no_mine": 0.8275,
      "supcon": 0.8798999999999999,
      "naive": 0.2797,
      "rc_hard": 0.71825,
      "cert_random_k": 0.8477500000000001,
      "cert_conf_easy": 0.6771,
      "cert_conf_easy_se": 0.004055722979801367,
      "cert_mid_band": 0.6738,
      "cert_mid_band_se": 0.004917203360538268,
      "cert_diverse": 0.8362999999999999,
      "cert_diverse_se": 0.003275498265743533,
      "cert_curriculum": 0.7212,
      "cert_curriculum_se": 0.005314132102234572,
      "no_mine_se": 0.003708848278853632,
      "curriculum_risk_max": 0.13220491248671903
    },
    "K20_s2.0_a0.8": {
      "rho_tail": 0.3811,
      "H": 0.040400000000000214,
      "S": 0.6350446428571429,
      "no_mine": 0.8616999999999999,
      "supcon": 0.9021000000000001,
      "naive": 0.37620000000000003,
      "rc_hard": 0.7154499999999999,
      "cert_random_k": 0.8737,
      "cert_conf_easy": 0.6636,
      "cert_conf_easy_se": 0.0038950110540422246,
      "cert_mid_band": 0.672,
      "cert_mid_band_se": 0.005050302521191732,
      "cert_diverse": 0.8737999999999999,
      "cert_diverse_se": 0.002133333333333322,
      "cert_curriculum": 0.73135,
      "cert_curriculum_se": 0.003308280856006969,
      "no_mine_se": 0.003883869776967871,
      "curriculum_risk_max": 0.12895303903335803
    },
    "K40_s2.4_a1.6": {
      "rho_tail": 0.5927,
      "H": 0.046599999999999975,
      "S": 0.3960813492063492,
      "no_mine": 0.7841,
      "supcon": 0.8307,
      "naive": 0.5002,
      "rc_hard": 0.7221,
      "cert_random_k": 0.8028000000000001,
      "cert_conf_easy": 0.71685,
      "cert_conf_easy_se": 0.005187083316598385,
      "cert_mid_band": 0.7476999999999998,
      "cert_mid_band_se": 0.0036751417206233867,
      "cert_diverse": 0.8017,
      "cert_diverse_se": 0.0031021497922139934,
      "cert_curriculum": 0.7745,
      "cert_curriculum_se": 0.003993745109543177,
      "no_mine_se": 0.003915638162831475,
      "curriculum_risk_max": 0.23076313419861882
    }
  },
  "gates": {
    "safety": true,
    "utility": false,
    "mechanism": false,
    "anti_hardness": true,
    "utility_per_rung": {
      "K20_s2.4_a0.0": false,
      "K40_s2.4_a0.8": false,
      "K10_s2.4_a0.0": false,
      "K20_s2.0_a0.8": false,
      "K40_s2.4_a1.6": false
    },
    "mechanism_per_rung": {
      "K20_s2.4_a0.0": false,
      "K40_s2.4_a0.8": false,
      "K10_s2.4_a0.0": false,
      "K20_s2.0_a0.8": false,
      "K40_s2.4_a1.6": false
    }
  },
  "simple_selector_wins": {
    "cert_random_k": 5,
    "cert_conf_easy": 0,
    "cert_mid_band": 0,
    "cert_diverse": 3
  },
  "branch": "C2 (MIDDLE): certified pairs a cheap safe regularizer; best simple selector wins on 5 rungs (cert_random_k)",
  "wall_seconds": 2155.5
}