{
  "gate": "G-RCANM",
  "alpha": 0.1,
  "vanilla_mse": 0.8368358106665046,
  "margin": 0.08618748873164862,
  "cov_margin": 0.2091650066335189,
  "table": {
    "vanilla": {
      "field_mse": 0.8368358106665046,
      "field_mse_se": 0.019272108361396343,
      "coverage": 0.275,
      "recall_dist": 0.8005061617387655,
      "accept_frac": null,
      "realized_basin_risk": null
    },
    "fixed_anm": {
      "field_mse": 2.671181369744143,
      "field_mse_se": 0.08473268441451984,
      "coverage": 0.15,
      "recall_dist": 1.12155797510643,
      "accept_frac": null,
      "realized_basin_risk": null
    },
    "aggressive_anm": {
      "field_mse": 2.671181369744143,
      "field_mse_se": 0.08473268441451984,
      "coverage": 0.15,
      "recall_dist": 1.12155797510643,
      "accept_frac": null,
      "realized_basin_risk": null
    },
    "rc_anm": {
      "field_mse": 2.30957923261656,
      "field_mse_se": 0.19301799391901162,
      "coverage": 0.125,
      "recall_dist": 1.2344859017908263,
      "accept_frac": 0.7980520833333334,
      "realized_basin_risk": 0.0
    },
    "oracle_safe_anm": {
      "field_mse": 0.8765822879339655,
      "field_mse_se": 0.051455560677302205,
      "coverage": 0.35,
      "recall_dist": 0.59548516427904,
      "accept_frac": 0.41599322916666664,
      "realized_basin_risk": null
    }
  },
  "criteria": {
    "a_premise_aggressive_damages": true,
    "b_safety_rc_no_damage": false,
    "c_utility_parity_vs_fixed": true,
    "d_certification_realized": true
  },
  "branch": "R4 BROKEN: RC-ANM damages despite certification -> postmortem",
  "wall_seconds": 333.3
}