{
  "checkpoint": "/n/holylabs/ydu_lab/Lab/mkrasnow_eqm/imagenet1k_80ep_v10_b2_lambda10_seed0/000-EqM-B-2-Linear-velocity-None-dganm/checkpoints/final.pt",
  "model": "EqM-B/2",
  "uncond": true,
  "eps_grid": [
    0.25,
    0.5,
    1.0,
    1.5
  ],
  "per_eps": {
    "0.25": {
      "disp_mean": 0.24997357229003683,
      "r_field_mean": 0.11639299001544715,
      "r_field_p95": 0.2709828138351439,
      "r_target_mean": 0.006904147961176932,
      "r_inflate_mean": 3.0663304858841003,
      "r_return_mean": -0.03791550240379138,
      "unsafe_frac_field": 0.05,
      "unsafe_frac_target": 0.05
    },
    "0.5": {
      "disp_mean": 0.4999545927392319,
      "r_field_mean": 0.2037397403502837,
      "r_field_p95": 0.4202836900949477,
      "r_target_mean": 0.021894900710321963,
      "r_inflate_mean": 5.3528909899294375,
      "r_return_mean": 0.0141342533919115,
      "unsafe_frac_field": 0.26484375,
      "unsafe_frac_target": 0.9625
    },
    "1.0": {
      "disp_mean": 0.9997458176221699,
      "r_field_mean": 0.25946515034884216,
      "r_field_p95": 0.47956556379795073,
      "r_target_mean": 0.06323218154720962,
      "r_inflate_mean": 9.19695151867345,
      "r_return_mean": 0.026771392180151565,
      "unsafe_frac_field": 0.49765625,
      "unsafe_frac_target": 0.9984375
    },
    "1.5": {
      "disp_mean": 1.4554043779149652,
      "r_field_mean": 0.2991820668801665,
      "r_field_p95": 0.5538746535778045,
      "r_target_mean": 0.10057099589612335,
      "r_inflate_mean": 12.306277649104596,
      "r_return_mean": 0.04667117388266888,
      "unsafe_frac_field": 0.63828125,
      "unsafe_frac_target": 1.0
    }
  },
  "gradient_impact": {
    "n": 256,
    "median_rfield": 0.2005746215581894,
    "grad_cos_unsafe": 0.04735762635573337,
    "grad_cos_safe": 0.06363287781096005,
    "welch_p": 0.4026941847084764,
    "unsafe_worse": false
  },
  "gates": {
    "s1_premise": true,
    "s1_impact": false,
    "any_eps_unsafe": true
  },
  "branch": "P3 NON-PROBLEM -> certification bounds nothing at scale; STOP"
}