{
  "q_good": 0.25,
  "q_garb": 0.25,
  "tau_low": 13.137826204299927,
  "tau_high": 17.134296417236328,
  "n_good": 750,
  "n_garbage": 750,
  "n_ambiguous": 1500,
  "knn_k": 3,
  "num_real": 20000,
  "secondary_max_softmax_good_minus_garbage": 0.17556625234335663
}