candidate_id,image_file,group,source_id,severity,label,wrong_label,realism,class_probability,class_correct,composite_quality,direct_energy,direct_energy_zero_anchored,dot_energy,dot_energy_zero_anchored,base_field_norm
0,images/0000_real.png,real,17150,0.0,343,False,0.4560575485229492,0.022022956982254982,False,0.9038311180609852,-3206.10595703125,-247.90771484375,-522.4728393554688,-522.4728393554688,9.900590896606445
1,images/0001_real.png,real,11728,0.0,234,False,0.6366731524467468,0.4483742117881775,True,0.9843627834245504,-5104.51171875,-2000.453369140625,-2385.980712890625,-2385.980712890625,11.001470565795898
2,images/0002_real.png,real,43251,0.0,865,False,0.3794712722301483,0.2612568736076355,True,0.9245504300234558,-3551.697509765625,-937.4873046875,-1463.450927734375,-1463.450927734375,23.5493106842041
3,images/0003_real.png,real,16597,0.0,331,False,0.6506664156913757,0.36192336678504944,True,0.9816262705238468,-4327.01904296875,-1290.06201171875,-1771.855224609375,-1771.855224609375,10.431069374084473
4,images/0004_real.png,real,31060,0.0,621,False,0.3524158000946045,0.6395554542541504,True,0.9327599687255669,-4055.385498046875,-1475.557861328125,-1832.3563232421875,-1832.3563232421875,16.031740188598633
5,images/0005_real.png,real,31374,0.0,627,False,0.2908780872821808,0.05970725417137146,False,0.8295543393275997,-5699.19873046875,-2786.474609375,-3177.893310546875,-3177.893310546875,11.52005672454834
6,images/0006_real.png,real,28500,0.0,570,False,0.27899524569511414,0.20055656135082245,True,0.8346364347146209,-9743.248046875,-6995.9501953125,-7720.814453125,-7720.814453125,8.514135360717773
7,images/0007_real.png,real,4138,0.0,82,False,0.20049640536308289,0.4446395933628082,True,0.5633307271305708,-3481.95947265625,-495.5947265625,-924.9483642578125,-924.9483642578125,15.886370658874512
8,images/0008_real.png,real,1450,0.0,29,False,0.33117780089378357,0.3744603991508484,True,0.9057857701329164,-6096.7568359375,-2828.80859375,-3253.5029296875,-3253.5029296875,16.2354679107666
9,images/0009_real.png,real,25737,0.0,514,False,0.2480221837759018,0.02669215016067028,False,0.6919468334636434,-3256.779296875,-537.38525390625,-995.8975219726562,-995.8975219726562,15.203116416931152
10,images/0010_real.png,real,10291,0.0,205,False,0.43969717621803284,0.11210650950670242,True,0.9331508991399531,-4453.81201171875,-1395.67236328125,-1652.714111328125,-1652.714111328125,16.1769962310791
11,images/0011_real.png,real,48399,0.0,967,False,0.15949563682079315,0.34241732954978943,True,0.4867083659108679,-6749.2958984375,-3666.87744140625,-4090.19091796875,-4090.19091796875,15.048493385314941
12,images/0012_real.png,real,15865,0.0,317,False,0.3385642468929291,0.5310114622116089,True,0.9218139171227522,-6571.0693359375,-3427.02490234375,-3891.3076171875,-3891.3076171875,22.940893173217773
13,images/0013_real.png,real,11390,0.0,227,False,0.3463243842124939,0.38912132382392883,True,0.9151681000781862,-4872.388671875,-1894.210205078125,-2236.5791015625,-2236.5791015625,13.359757423400879
14,images/0014_real.png,real,33665,0.0,673,False,0.31286096572875977,0.023781899362802505,False,0.8291634089132134,-6600.7119140625,-3589.10693359375,-4493.67041015625,-4493.67041015625,11.859001159667969
15,images/0015_real.png,real,20012,0.0,400,False,0.4056311547756195,0.14365479350090027,False,0.9272869429241595,-4526.197265625,-1715.60302734375,-2138.3955078125,-2138.3955078125,11.93723201751709
16,images/0016_real.png,real,8050,0.0,161,False,0.3962230086326599,0.0488918274641037,False,0.9007036747458952,-5722.4658203125,-2787.369140625,-3157.666015625,-3157.666015625,13.540397644042969
17,images/0017_real.png,real,43881,0.0,877,False,0.4472506046295166,0.7671615481376648,True,0.9726348709929633,-6164.1572265625,-3824.19189453125,-4410.421875,-4410.421875,20.37647819519043
18,images/0018_real.png,real,4238,0.0,84,False,0.407071590423584,0.4208420217037201,True,0.9480062548866302,-3867.102783203125,-1262.77294921875,-1502.8319091796875,-1502.8319091796875,17.766395568847656
19,images/0019_real.png,real,31122,0.0,622,False,0.5709311366081238,0.034399162977933884,False,0.9288506645817045,-8384.572265625,-4900.64892578125,-5549.8916015625,-5549.8916015625,7.773106098175049
20,images/0020_real.png,real,13022,0.0,260,False,0.5448580384254456,0.3590250015258789,True,0.9675527756059421,-4324.1796875,-1339.2197265625,-1669.5631103515625,-1669.5631103515625,12.743108749389648
21,images/0021_real.png,real,46286,0.0,925,False,0.2606429159641266,0.7061922550201416,True,0.8068803752931978,-7859.15576171875,-4318.51220703125,-4996.802734375,-4996.802734375,17.721132278442383
22,images/0022_real.png,real,29271,0.0,585,False,0.27863115072250366,0.6025380492210388,True,0.853010164190774,-4618.908203125,-1969.424072265625,-2682.57958984375,-2682.57958984375,5.647169589996338
23,images/0023_real.png,real,10108,0.0,202,False,0.2651284635066986,0.470110684633255,True,0.8131352619233776,-4406.31640625,-1354.54931640625,-1719.403564453125,-1719.403564453125,18.605453491210938
24,images/0024_real.png,real,37964,0.0,759,False,0.5360620617866516,0.1921372264623642,True,0.9569976544175137,-9253.03125,-5726.30419921875,-6363.8017578125,-6363.8017578125,14.473777770996094
25,images/0025_real.png,real,45563,0.0,911,False,0.2707041800022125,0.018540628254413605,False,0.7611415168100077,-4685.71240234375,-1743.07568359375,-2112.352294921875,-2112.352294921875,13.054319381713867
26,images/0026_real.png,real,35970,0.0,719,False,0.3982091546058655,0.37890487909317017,True,0.9390148553557467,-8912.48046875,-5800.470703125,-6635.62890625,-6635.62890625,10.710747718811035
27,images/0027_real.png,real,48905,0.0,978,False,0.31102150678634644,0.5590987801551819,True,0.8917122752150117,-5119.8564453125,-1847.5185546875,-2238.62158203125,-2238.62158203125,9.681840896606445
28,images/0028_real.png,real,47333,0.0,946,False,0.2359875738620758,0.49667391180992126,True,0.7021110242376857,-4172.8544921875,-1430.88720703125,-2078.401123046875,-2078.401123046875,16.96503448486328
29,images/0029_real.png,real,48411,0.0,968,False,0.3157538175582886,0.05729180946946144,False,0.8635652853792025,-4348.55615234375,-1486.194580078125,-1977.81103515625,-1977.81103515625,7.555492877960205
30,images/0030_real.png,real,45623,0.0,912,False,0.20204943418502808,0.006243993062525988,False,0.47068021892103207,-2902.034423828125,-101.099853515625,-372.57855224609375,-372.57855224609375,21.6409969329834
31,images/0031_real.png,real,48971,0.0,979,False,0.28135955333709717,0.3332878351211548,True,0.8459734167318218,-3400.16650390625,-365.768310546875,-826.9072265625,-826.9072265625,10.911890029907227
32,images/0032_real.png,real,23779,0.0,475,False,0.6360913515090942,0.7616873383522034,True,0.9937451133698202,-8230.205078125,-5152.9833984375,-5740.552734375,-5740.552734375,9.597663879394531
33,images/0033_real.png,real,5963,0.0,119,False,0.2557609975337982,0.010387065820395947,False,0.6962470680218922,-3199.2060546875,-429.57275390625,-794.2100219726562,-794.2100219726562,12.345466613769531
34,images/0034_real.png,real,48655,0.0,973,False,0.29921841621398926,0.5843924880027771,True,0.8870211102423768,-5814.84130859375,-2944.83642578125,-3480.884765625,-3480.884765625,13.821610450744629
35,images/0035_real.png,real,18346,0.0,366,False,0.33058249950408936,0.47926807403564453,True,0.9108678655199375,-4079.33935546875,-1075.100830078125,-1365.524169921875,-1365.524169921875,13.146913528442383
36,images/0036_real.png,real,27925,0.0,558,False,0.31302937865257263,0.003990454133599997,False,0.7646598905394839,-6686.2236328125,-3936.94970703125,-4488.3515625,-4488.3515625,20.022750854492188
37,images/0037_real.png,real,33656,0.0,673,False,0.4116162657737732,0.30477607250213623,True,0.9448788115715403,-11168.505859375,-8156.90087890625,-9296.083984375,-9296.083984375,8.973082542419434
38,images/0038_real.png,real,32154,0.0,643,False,0.28194665908813477,0.013078968971967697,False,0.7802971071149335,-5362.6904296875,-2595.442138671875,-3137.163330078125,-3137.163330078125,20.150012969970703
39,images/0039_real.png,real,6316,0.0,126,False,0.32327520847320557,0.48972949385643005,True,0.9081313526192338,-2763.244384765625,-247.18310546875,-688.0325317382812,-688.0325317382812,21.932126998901367
40,images/0040_real.png,real,32802,0.0,656,False,0.35555434226989746,0.42922356724739075,True,0.924941360437842,-4512.8818359375,-1553.89501953125,-1921.170654296875,-1921.170654296875,13.862419128417969
41,images/0041_real.png,real,30053,0.0,601,False,0.47406113147735596,0.08806122094392776,True,0.937842064112588,-4376.52978515625,-1558.498046875,-1952.7618408203125,-1952.7618408203125,31.547033309936523
42,images/0042_real.png,real,8924,0.0,178,False,0.45427829027175903,0.46698540449142456,True,0.9644253322908523,-7393.8623046875,-4496.5263671875,-4821.1357421875,-4821.1357421875,21.34632682800293
43,images/0043_real.png,real,45240,0.0,904,False,0.4075346887111664,0.12070032954216003,False,0.928068803752932,-6613.55078125,-3762.67529296875,-4245.3798828125,-4245.3798828125,10.014195442199707
44,images/0044_real.png,real,40139,0.0,802,False,0.35048574209213257,0.6942934989929199,True,0.931587177482408,-3274.5849609375,-194.642578125,-615.118408203125,-615.118408203125,11.187618255615234
45,images/0045_real.png,real,49094,0.0,981,False,0.3791748285293579,0.14689649641513824,False,0.9136043784206411,-4219.71875,-1144.519775390625,-1573.3353271484375,-1573.3353271484375,16.526668548583984
46,images/0046_real.png,real,27257,0.0,545,False,0.2612721621990204,0.4109712243080139,True,0.7978889757623143,-5379.93359375,-2451.20068359375,-3017.44091796875,-3017.44091796875,22.802101135253906
47,images/0047_real.png,real,41559,0.0,831,False,0.3376663029193878,0.35947608947753906,True,0.9081313526192338,-5053.53271484375,-2005.02587890625,-2635.951171875,-2635.951171875,11.935912132263184
48,images/0048_real.png,real,43470,0.0,869,False,0.31571194529533386,0.0330718532204628,False,0.8475371383893666,-7357.9306640625,-4107.8759765625,-4652.96923828125,-4652.96923828125,12.29833698272705
49,images/0049_real.png,real,38740,0.0,774,False,0.3145337402820587,0.07885094732046127,False,0.8635652853792025,-4150.92236328125,-1195.149658203125,-1585.0615234375,-1585.0615234375,12.534514427185059
50,images/0050_real.png,real,18229,0.0,364,False,0.5228608250617981,0.4164681136608124,True,0.9679437060203284,-3540.83203125,-837.603515625,-1261.726806640625,-1261.726806640625,11.108025550842285
51,images/0051_real.png,real,1074,0.0,21,False,0.35601815581321716,0.45647117495536804,True,0.9288506645817045,-6799.61376953125,-2937.0400390625,-3946.43017578125,-3946.43017578125,7.099288463592529
52,images/0052_real.png,real,38610,0.0,772,False,0.24029743671417236,0.6519858837127686,True,0.7310398749022674,-3481.403564453125,-871.02783203125,-1509.52978515625,-1509.52978515625,16.27824592590332
53,images/0053_real.png,real,37135,0.0,742,False,0.22224308550357819,0.09995293617248535,False,0.6207974980453479,-6058.44140625,-3007.955078125,-3679.07080078125,-3679.07080078125,9.591764450073242
54,images/0054_real.png,real,48672,0.0,973,False,0.39021313190460205,0.34135720133781433,True,0.931196247068022,-6179.3203125,-3309.3154296875,-3968.8720703125,-3968.8720703125,13.988773345947266
55,images/0055_real.png,real,32843,0.0,656,False,0.3135867118835449,0.0327032245695591,False,0.8397185301016419,-10224.36328125,-7265.37646484375,-7871.037109375,-7871.037109375,7.638180255889893
56,images/0056_real.png,real,42527,0.0,850,False,0.4000995457172394,0.2714228332042694,True,0.9351055512118843,-3814.33447265625,-878.006591796875,-1269.0618896484375,-1269.0618896484375,20.540761947631836
57,images/0057_real.png,real,34226,0.0,684,False,0.5491495728492737,0.7809833884239197,True,0.9878811571540266,-4436.47802734375,-1589.095703125,-2338.6767578125,-2338.6767578125,13.710809707641602
58,images/0058_real.png,real,35067,0.0,701,False,0.5658718347549438,0.49836480617523193,True,0.9816262705238468,-7065.4150390625,-3553.078369140625,-4302.1162109375,-4302.1162109375,17.1922607421875
59,images/0059_real.png,real,37023,0.0,740,False,0.2765730619430542,0.6440210938453674,True,0.8483189992181391,-11022.71875,-8285.6259765625,-9285.837890625,-9285.837890625,10.321284294128418
60,images/0060_real.png,real,22695,0.0,453,False,0.44591188430786133,0.5289695262908936,True,0.9648162627052385,-4161.14306640625,-1294.72509765625,-1758.395751953125,-1758.395751953125,14.051959991455078
61,images/0061_real.png,real,4866,0.0,97,False,0.21963663399219513,0.09456077218055725,False,0.6063330727130571,-5812.44921875,-2860.832275390625,-3037.409423828125,-3037.409423828125,30.14502716064453
62,images/0062_real.png,real,16499,0.0,329,False,0.258188933134079,0.3593636155128479,True,0.7834245504300235,-4481.60546875,-1686.638427734375,-2077.38525390625,-2077.38525390625,13.82459831237793
63,images/0063_real.png,real,6930,0.0,138,False,0.3631550371646881,0.4539191424846649,True,0.9300234558248632,-3977.472412109375,-763.158935546875,-1235.00048828125,-1235.00048828125,17.589628219604492
64,images/0064_generated_none.png,generated_none,17150,0.0,343,False,0.25361379981040955,0.000640116399154067,False,0.47576231430805316,1729.38916015625,4687.58740234375,4432.2431640625,4432.2431640625,243.85997009277344
65,images/0065_generated_none.png,generated_none,11728,0.0,234,False,0.2942376732826233,0.0030097768176347017,False,0.7372947615324472,2422.031982421875,5526.09033203125,5169.0517578125,5169.0517578125,239.02601623535156
66,images/0066_generated_none.png,generated_none,43251,0.0,865,False,0.31789863109588623,0.0002292664721608162,False,0.44292415949960906,1680.8319091796875,4295.0419921875,3945.087890625,3945.087890625,215.82601928710938
67,images/0067_generated_none.png,generated_none,16597,0.0,331,False,0.2696264386177063,0.0015112904366105795,False,0.6325254104769351,2380.471435546875,5417.4287109375,4948.6455078125,4948.6455078125,218.0240936279297
68,images/0068_generated_none.png,generated_none,31060,0.0,621,False,0.2937001883983612,0.0007276692194864154,False,0.596559812353401,2581.442138671875,5161.26953125,4845.49462890625,4845.49462890625,213.7392578125
69,images/0069_generated_none.png,generated_none,31374,0.0,627,False,0.2583306133747101,0.00012747474829666317,False,0.30453479280688034,2164.35498046875,5077.0791015625,4782.7109375,4782.7109375,237.2879638671875
70,images/0070_generated_none.png,generated_none,28500,0.0,570,False,0.26257044076919556,0.0007714180974289775,False,0.5367474589523065,2607.41455078125,5354.7119140625,4811.341796875,4811.341796875,248.45472717285156
71,images/0071_generated_none.png,generated_none,4138,0.0,82,False,0.22200852632522583,0.0059771048836410046,False,0.5437842064112588,1861.072998046875,4847.4375,4427.1181640625,4427.1181640625,233.0398712158203
72,images/0072_generated_none.png,generated_none,1450,0.0,29,False,0.2803117334842682,0.0025430568493902683,False,0.7040656763096169,1279.933349609375,4547.8818359375,4216.80810546875,4216.80810546875,282.79931640625
73,images/0073_generated_none.png,generated_none,25737,0.0,514,False,0.20606836676597595,0.0006487841601483524,False,0.29476153244722436,2199.70947265625,4919.103515625,4573.1337890625,4573.1337890625,238.5713348388672
74,images/0074_generated_none.png,generated_none,10291,0.0,205,False,0.2253839373588562,0.001150847994722426,False,0.446051602814699,1766.47900390625,4824.61865234375,4552.240234375,4552.240234375,240.9270477294922
75,images/0075_generated_none.png,generated_none,48399,0.0,967,False,0.27512192726135254,0.0005716022569686174,False,0.5293197810789679,1886.19775390625,4968.6162109375,4580.599609375,4580.599609375,297.47760009765625
76,images/0076_generated_none.png,generated_none,15865,0.0,317,False,0.2549821436405182,0.00024687330005690455,False,0.32251759186864737,3012.14697265625,6156.19140625,5747.6455078125,5747.6455078125,236.0190887451172
77,images/0077_generated_none.png,generated_none,11390,0.0,227,False,0.2447877675294876,0.0005512884818017483,False,0.42650508209538707,2008.822509765625,4987.0009765625,4738.9453125,4738.9453125,227.3647918701172
78,images/0078_generated_none.png,generated_none,33665,0.0,673,False,0.20113201439380646,0.00022636615904048085,False,0.10437842064112587,3188.7158203125,6200.32080078125,5396.34326171875,5396.34326171875,249.55038452148438
79,images/0079_generated_none.png,generated_none,20012,0.0,400,False,0.16831627488136292,0.0003081767645198852,False,0.08444096950742767,2104.921142578125,4915.515625,4528.54345703125,4528.54345703125,251.3931427001953
80,images/0080_generated_none.png,generated_none,8050,0.0,161,False,0.22608233988285065,0.0014485459541901946,False,0.46442533229085226,2228.951904296875,5164.048828125,4867.0986328125,4867.0986328125,246.92649841308594
81,images/0081_generated_none.png,generated_none,43881,0.0,877,False,0.24743087589740753,0.0004310481599532068,False,0.390539483971853,2809.65576171875,5149.62109375,4831.81982421875,4831.81982421875,222.35060119628906
82,images/0082_generated_none.png,generated_none,4238,0.0,84,False,0.2537769079208374,0.0027895269449800253,False,0.6293979671618453,1966.2213134765625,4570.55126953125,4431.73681640625,4431.73681640625,226.6504364013672
83,images/0083_generated_none.png,generated_none,31122,0.0,622,False,0.28631478548049927,0.0008000624948181212,False,0.596559812353401,1967.951171875,5451.87451171875,4951.1220703125,4951.1220703125,299.4986877441406
84,images/0084_generated_none.png,generated_none,13022,0.0,260,False,0.2115977257490158,0.0051205940544605255,False,0.5015637216575449,2311.9609375,5296.9208984375,4927.43359375,4927.43359375,224.7881317138672
85,images/0085_generated_none.png,generated_none,46286,0.0,925,False,0.2643336057662964,0.00039181142346933484,False,0.42885066458170445,2586.35888671875,6127.00244140625,5507.8623046875,5507.8623046875,255.2954559326172
86,images/0086_generated_none.png,generated_none,29271,0.0,585,False,0.2801729142665863,0.0002718581527005881,False,0.4163408913213448,2894.605712890625,5544.08984375,4951.3125,4951.3125,253.5106964111328
87,images/0087_generated_none.png,generated_none,10108,0.0,202,False,0.2223682403564453,0.004134607966989279,False,0.5273651290070368,2232.9765625,5284.74365234375,4968.9404296875,4968.9404296875,238.1422882080078
88,images/0088_generated_none.png,generated_none,37964,0.0,759,False,0.2529444992542267,0.00015703173994552344,False,0.28303362001563726,2369.564453125,5896.29150390625,5450.796875,5450.796875,215.18478393554688
89,images/0089_generated_none.png,generated_none,45563,0.0,911,False,0.2894552946090698,0.0012352429330348969,False,0.6540265832681782,2517.517578125,5460.154296875,5148.8720703125,5148.8720703125,240.00489807128906
90,images/0090_generated_none.png,generated_none,35970,0.0,719,False,0.27281883358955383,0.0010080874199047685,False,0.5946051602814699,2668.527099609375,5780.537109375,5132.93798828125,5132.93798828125,263.5557556152344
91,images/0091_generated_none.png,generated_none,48905,0.0,978,False,0.36321356892585754,0.0003470960655249655,False,0.5347928068803752,1626.1298828125,4898.4677734375,4511.5302734375,4511.5302734375,292.03778076171875
92,images/0092_generated_none.png,generated_none,47333,0.0,946,False,0.22634640336036682,0.0009288677829317749,False,0.41516810007818605,2147.9873046875,4889.95458984375,4391.6240234375,4391.6240234375,226.7458953857422
93,images/0093_generated_none.png,generated_none,48411,0.0,968,False,0.2369530349969864,0.0003285613493062556,False,0.29593432369038314,3034.111572265625,5896.47314453125,5390.0361328125,5390.0361328125,241.6619415283203
94,images/0094_generated_none.png,generated_none,45623,0.0,912,False,0.2565935552120209,0.0021802843548357487,False,0.6204065676309617,2403.803466796875,5204.73828125,4976.71875,4976.71875,212.34165954589844
95,images/0095_generated_none.png,generated_none,48971,0.0,979,False,0.23361878097057343,0.001159798470325768,False,0.47458952306489444,2012.6090087890625,5047.00732421875,4659.9638671875,4659.9638671875,234.48353576660156
96,images/0096_generated_none.png,generated_none,23779,0.0,475,False,0.21254020929336548,0.0007708623306825757,False,0.34128225175918686,2318.56884765625,5395.79052734375,5029.240234375,5029.240234375,262.4159851074219
97,images/0097_generated_none.png,generated_none,5963,0.0,119,False,0.25548055768013,0.0008098752005025744,False,0.5140734949179047,1373.8740234375,4143.50732421875,3867.7607421875,3867.7607421875,226.658935546875
98,images/0098_generated_none.png,generated_none,48655,0.0,973,False,0.24374067783355713,0.0006838745321147144,False,0.4503518373729476,1896.7098388671875,4766.71484375,4406.4462890625,4406.4462890625,207.0782470703125
99,images/0099_generated_none.png,generated_none,18346,0.0,366,False,0.1929793655872345,0.0006959390011616051,False,0.2599687255668491,1784.41357421875,4788.65234375,4527.52392578125,4527.52392578125,258.5155944824219
100,images/0100_generated_none.png,generated_none,27925,0.0,558,False,0.22025269269943237,0.0006202521617524326,False,0.3373729476153245,2311.984619140625,5061.2587890625,4494.1845703125,4494.1845703125,254.7922821044922
101,images/0101_generated_none.png,generated_none,33656,0.0,673,False,0.26524972915649414,0.00029234407702460885,False,0.38780297107114936,3676.77685546875,6688.3818359375,5872.6376953125,5872.6376953125,236.76950073242188
102,images/0102_generated_none.png,generated_none,32154,0.0,643,False,0.24709384143352509,0.00042405922431498766,False,0.38467552775605945,2771.4365234375,5538.6845703125,5077.1875,5077.1875,227.71168518066406
103,images/0103_generated_none.png,generated_none,6316,0.0,126,False,0.2931123971939087,0.0009021097794175148,False,0.6180609851446442,1913.460205078125,4429.521484375,3897.01953125,3897.01953125,289.99261474609375
104,images/0104_generated_none.png,generated_none,32802,0.0,656,False,0.2540428340435028,0.0002003281406359747,False,0.3010164190774042,1462.333740234375,4421.3203125,4107.5869140625,4107.5869140625,263.82568359375
105,images/0105_generated_none.png,generated_none,30053,0.0,601,False,0.2827935218811035,0.0005425725248642266,False,0.5430023455824864,3097.33447265625,5915.3662109375,5432.3974609375,5432.3974609375,229.96441650390625
106,images/0106_generated_none.png,generated_none,8924,0.0,178,False,0.25176018476486206,0.0014700776664540172,False,0.5672400312744331,1548.9609375,4446.296875,4154.93017578125,4154.93017578125,274.041259765625
107,images/0107_generated_none.png,generated_none,45240,0.0,904,False,0.2599121332168579,0.006996853277087212,False,0.6989835809225957,2648.098388671875,5498.9736328125,5147.6123046875,5147.6123046875,225.84315490722656
108,images/0108_generated_none.png,generated_none,40139,0.0,802,False,0.26909226179122925,0.00020801772188860923,False,0.35183737294761536,1924.4644775390625,5004.40673828125,4617.46875,4617.46875,246.15863037109375
109,images/0109_generated_none.png,generated_none,49094,0.0,981,False,0.23646529018878937,0.0002940923150163144,False,0.2806880375293198,1847.851806640625,4923.05078125,4589.634765625,4589.634765625,255.85472106933594
110,images/0110_generated_none.png,generated_none,27257,0.0,545,False,0.23467010259628296,0.0001897234469652176,False,0.21892103205629396,2505.5615234375,5434.29443359375,4827.34912109375,4827.34912109375,231.47720336914062
111,images/0111_generated_none.png,generated_none,41559,0.0,831,False,0.2620666027069092,0.00025619746884331107,False,0.3584831899921814,2886.4775390625,5934.984375,5341.166015625,5341.166015625,241.98963928222656
112,images/0112_generated_none.png,generated_none,43470,0.0,869,False,0.21882060170173645,0.000506929587572813,False,0.31000781860828774,2124.730712890625,5374.78515625,4942.576171875,4942.576171875,229.96466064453125
113,images/0113_generated_none.png,generated_none,38740,0.0,774,False,0.2582174837589264,0.000830882927402854,False,0.5301016419077405,2190.57177734375,5146.3447265625,4817.7626953125,4817.7626953125,248.82017517089844
114,images/0114_generated_none.png,generated_none,18229,0.0,364,False,0.23662762343883514,0.0007306957268156111,False,0.4292415949960907,1692.29638671875,4395.52490234375,4034.967529296875,4034.967529296875,232.1304473876953
115,images/0115_generated_none.png,generated_none,1074,0.0,21,False,0.28614261746406555,0.0026050591841340065,False,0.7146207974980453,1818.9163818359375,5681.490234375,4640.990234375,4640.990234375,273.658203125
116,images/0116_generated_none.png,generated_none,38610,0.0,772,False,0.23404110968112946,0.0004539871879387647,False,0.3514464425332291,2222.7265625,4833.1025390625,4302.86572265625,4302.86572265625,293.9269714355469
117,images/0117_generated_none.png,generated_none,37135,0.0,742,False,0.24891331791877747,0.00015854663797654212,False,0.2681782642689601,1357.1767578125,4407.6630859375,3789.415771484375,3789.415771484375,316.031005859375
118,images/0118_generated_none.png,generated_none,48672,0.0,973,False,0.2484385371208191,0.000376585841877386,False,0.36591086786551996,1450.6142578125,4320.619140625,3959.38037109375,3959.38037109375,246.69003295898438
119,images/0119_generated_none.png,generated_none,32843,0.0,656,False,0.21281088888645172,0.00025414724950678647,False,0.16262705238467554,2513.58984375,5472.57666015625,5172.08154296875,5172.08154296875,241.7876739501953
120,images/0120_generated_none.png,generated_none,42527,0.0,850,False,0.29931843280792236,0.00043309558532200754,False,0.5265832681782643,2243.62939453125,5179.95703125,4843.2197265625,4843.2197265625,243.50262451171875
121,images/0121_generated_none.png,generated_none,34226,0.0,684,False,0.2707565128803253,0.0002958420664072037,False,0.4065676309616888,2824.048828125,5671.43115234375,4907.13671875,4907.13671875,266.3227844238281
122,images/0122_generated_none.png,generated_none,35067,0.0,701,False,0.22924523055553436,0.00034812185913324356,False,0.2814698983580923,1322.39453125,4834.7314453125,4087.392822265625,4087.392822265625,301.5443115234375
123,images/0123_generated_none.png,generated_none,37023,0.0,740,False,0.2446426898241043,0.0002603120810817927,False,0.29437060203283816,3423.150390625,6160.2431640625,5581.173828125,5581.173828125,217.0136260986328
124,images/0124_generated_none.png,generated_none,22695,0.0,453,False,0.2635861337184906,0.00033179132151417434,False,0.400312744331509,2168.60986328125,5035.02783203125,4581.17236328125,4581.17236328125,238.21408081054688
125,images/0125_generated_none.png,generated_none,4866,0.0,97,False,0.2668834328651428,0.002210303209722042,False,0.6555903049257232,2251.283935546875,5202.90087890625,4999.0283203125,4999.0283203125,239.98748779296875
126,images/0126_generated_none.png,generated_none,16499,0.0,329,False,0.21270905435085297,0.0004132183676119894,False,0.2439405785770133,1922.6494140625,4717.6162109375,4451.248046875,4451.248046875,240.83099365234375
127,images/0127_generated_none.png,generated_none,6930,0.0,138,False,0.22754457592964172,0.0017465063137933612,False,0.49179046129788895,1442.654541015625,4656.9677734375,4215.7392578125,4215.7392578125,258.5274658203125
128,images/0128_generated_dot.png,generated_dot,17150,0.0,343,False,0.2540106773376465,0.000660901190713048,False,0.4831899921813917,1828.322021484375,4786.5205078125,4527.8466796875,4527.8466796875,242.83016967773438
129,images/0129_generated_dot.png,generated_dot,11728,0.0,234,False,0.295038640499115,0.0030996694695204496,False,0.7392494136043783,2402.95947265625,5507.017578125,5146.6865234375,5146.6865234375,238.81936645507812
130,images/0130_generated_dot.png,generated_dot,43251,0.0,865,False,0.31784677505493164,0.00021509380894713104,False,0.436278342455043,1760.206787109375,4374.4169921875,4024.18603515625,4024.18603515625,215.3883819580078
131,images/0131_generated_dot.png,generated_dot,16597,0.0,331,False,0.2720029950141907,0.0014690009411424398,False,0.6344800625488662,2231.783935546875,5268.7412109375,4796.0048828125,4796.0048828125,216.07382202148438
132,images/0132_generated_dot.png,generated_dot,31060,0.0,621,False,0.2934454083442688,0.000700878503266722,False,0.5926505082095387,2571.64892578125,5151.4765625,4832.46533203125,4832.46533203125,213.99066162109375
133,images/0133_generated_dot.png,generated_dot,31374,0.0,627,False,0.2570267915725708,0.00012689326831605285,False,0.2978889757623143,2265.906982421875,5178.630859375,4876.9443359375,4876.9443359375,237.93331909179688
134,images/0134_generated_dot.png,generated_dot,28500,0.0,570,False,0.26105114817619324,0.000852345023304224,False,0.540656763096169,2435.056640625,5182.3544921875,4632.4853515625,4632.4853515625,234.6590118408203
135,images/0135_generated_dot.png,generated_dot,4138,0.0,82,False,0.22563399374485016,0.005983937531709671,False,0.562157935887412,1710.271240234375,4696.6357421875,4271.306640625,4271.306640625,231.12522888183594
136,images/0136_generated_dot.png,generated_dot,1450,0.0,29,False,0.2868123948574066,0.0024137513246387243,False,0.7075840500390931,1547.9537353515625,4815.90185546875,4482.87841796875,4482.87841796875,275.41656494140625
137,images/0137_generated_dot.png,generated_dot,25737,0.0,514,False,0.20893016457557678,0.0006526770303025842,False,0.31039874902267395,2184.171142578125,4903.5654296875,4555.7255859375,4555.7255859375,235.44915771484375
138,images/0138_generated_dot.png,generated_dot,10291,0.0,205,False,0.2196236550807953,0.0011660177260637283,False,0.418295543393276,1730.5380859375,4788.677734375,4506.9033203125,4506.9033203125,237.6890106201172
139,images/0139_generated_dot.png,generated_dot,48399,0.0,967,False,0.2639247179031372,0.0005880383541807532,False,0.5039093041438625,2447.373291015625,5529.7919921875,5130.494140625,5130.494140625,291.5402526855469
140,images/0140_generated_dot.png,generated_dot,15865,0.0,317,False,0.2732614278793335,0.00022785161854699254,False,0.37099296325254105,2621.575439453125,5765.6201171875,5347.6025390625,5347.6025390625,230.4127960205078
141,images/0141_generated_dot.png,generated_dot,11390,0.0,227,False,0.2495776116847992,0.0004722555459011346,False,0.4218139171227522,1803.733154296875,4781.91162109375,4525.765625,4525.765625,225.23831176757812
142,images/0142_generated_dot.png,generated_dot,33665,0.0,673,False,0.2237834334373474,0.00018969096709042788,False,0.18256450351837372,2852.82373046875,5864.4287109375,5056.95166015625,5056.95166015625,240.9884490966797
143,images/0143_generated_dot.png,generated_dot,20012,0.0,400,False,0.16912195086479187,0.0002998771087732166,False,0.081704456606724,1818.64453125,4629.23876953125,4228.1513671875,4228.1513671875,252.77330017089844
144,images/0144_generated_dot.png,generated_dot,8050,0.0,161,False,0.22772598266601562,0.0016143650282174349,False,0.48397185301016415,2260.17236328125,5195.26904296875,4892.40771484375,4892.40771484375,242.37689208984375
145,images/0145_generated_dot.png,generated_dot,43881,0.0,877,False,0.25398528575897217,0.00041409002733416855,False,0.40695856137607506,2756.58349609375,5096.548828125,4765.103515625,4765.103515625,217.5865936279297
146,images/0146_generated_dot.png,generated_dot,4238,0.0,84,False,0.2610940933227539,0.0027710101567208767,False,0.6551993745113369,1928.34423828125,4532.673828125,4394.6005859375,4394.6005859375,230.4656219482422
147,images/0147_generated_dot.png,generated_dot,31122,0.0,622,False,0.2883438169956207,0.0007754209800623357,False,0.5973416731821736,2075.36572265625,5559.2890625,5051.3134765625,5051.3134765625,298.5852355957031
148,images/0148_generated_dot.png,generated_dot,13022,0.0,260,False,0.21162807941436768,0.004757956601679325,False,0.4956997654417513,2068.2275390625,5053.1875,4673.3759765625,4673.3759765625,224.3676300048828
149,images/0149_generated_dot.png,generated_dot,46286,0.0,925,False,0.2834708094596863,0.0004087087290827185,False,0.4874902267396404,2230.97021484375,5771.61376953125,5145.5078125,5145.5078125,253.98158264160156
150,images/0150_generated_dot.png,generated_dot,29271,0.0,585,False,0.2792658507823944,0.0002939690893981606,False,0.4272869429241595,2907.3232421875,5556.8076171875,4962.0048828125,4962.0048828125,249.7926483154297
151,images/0151_generated_dot.png,generated_dot,10108,0.0,202,False,0.22336623072624207,0.004139618016779423,False,0.5308835027365129,2260.068603515625,5311.8359375,4992.45703125,4992.45703125,234.13662719726562
152,images/0152_generated_dot.png,generated_dot,37964,0.0,759,False,0.2500011622905731,0.00015615821757819504,False,0.2732603596559812,2151.83642578125,5678.5634765625,5228.35888671875,5228.35888671875,214.32373046875
153,images/0153_generated_dot.png,generated_dot,45563,0.0,911,False,0.2843140959739685,0.001352450461126864,False,0.6575449569976544,2477.78369140625,5420.42041015625,5102.91015625,5102.91015625,234.7286376953125
154,images/0154_generated_dot.png,generated_dot,35970,0.0,719,False,0.27381840348243713,0.0009888652712106705,False,0.5918686473807663,2550.243408203125,5662.2529296875,5008.83203125,5008.83203125,263.7684326171875
155,images/0155_generated_dot.png,generated_dot,48905,0.0,978,False,0.35192736983299255,0.00034775849780999124,False,0.5269741985926505,1919.7982177734375,5192.13623046875,4803.14453125,4803.14453125,283.82012939453125
156,images/0156_generated_dot.png,generated_dot,47333,0.0,946,False,0.2257021963596344,0.0012271793093532324,False,0.45074276778733385,2106.80126953125,4848.7685546875,4343.490234375,4343.490234375,228.0169219970703
157,images/0157_generated_dot.png,generated_dot,48411,0.0,968,False,0.2484416961669922,0.00041461142245680094,False,0.3858483189992181,2807.87109375,5670.232421875,5159.69921875,5159.69921875,231.21739196777344
158,images/0158_generated_dot.png,generated_dot,45623,0.0,912,False,0.25635144114494324,0.002253111219033599,False,0.6227521501172791,2235.552978515625,5036.4873046875,4804.259765625,4804.259765625,211.9926300048828
159,images/0159_generated_dot.png,generated_dot,48971,0.0,979,False,0.23348325490951538,0.00113719142973423,False,0.4726348709929633,1730.9326171875,4765.3310546875,4367.9453125,4367.9453125,226.8588104248047
160,images/0160_generated_dot.png,generated_dot,23779,0.0,475,False,0.22342774271965027,0.0007466372335329652,False,0.37998436278342457,2210.9501953125,5288.171875,4911.5400390625,4911.5400390625,257.9328918457031
161,images/0161_generated_dot.png,generated_dot,5963,0.0,119,False,0.24522753059864044,0.0007564814877696335,False,0.46755277560594216,1257.8663330078125,4027.49951171875,3742.96337890625,3742.96337890625,214.14842224121094
162,images/0162_generated_dot.png,generated_dot,48655,0.0,973,False,0.2440546602010727,0.0006891225930303335,False,0.45426114151681,1758.822509765625,4628.8271484375,4263.9853515625,4263.9853515625,206.6006622314453
163,images/0163_generated_dot.png,generated_dot,18346,0.0,366,False,0.19663593173027039,0.000662868027575314,False,0.26544175136825643,1884.2457275390625,4888.484375,4623.22998046875,4623.22998046875,256.14923095703125
164,images/0164_generated_dot.png,generated_dot,27925,0.0,558,False,0.21723459661006927,0.0006116926670074463,False,0.32603596559812353,2510.13134765625,5259.4052734375,4680.54931640625,4680.54931640625,246.9159393310547
165,images/0165_generated_dot.png,generated_dot,33656,0.0,673,False,0.276089608669281,0.00023641505686100572,False,0.3811571540265833,3347.083740234375,6358.6884765625,5539.94140625,5539.94140625,233.23898315429688
166,images/0166_generated_dot.png,generated_dot,32154,0.0,643,False,0.2509731650352478,0.00048513515503145754,False,0.42885066458170445,2451.84423828125,5219.0927734375,4758.6220703125,4758.6220703125,227.88365173339844
167,images/0167_generated_dot.png,generated_dot,6316,0.0,126,False,0.2801583707332611,0.0009776765946298838,False,0.6075058639562158,2419.62744140625,4935.6884765625,4402.0888671875,4402.0888671875,279.55255126953125
168,images/0168_generated_dot.png,generated_dot,32802,0.0,656,False,0.25213873386383057,0.0001880269410321489,False,0.2873338545738858,1564.2623291015625,4523.2490234375,4199.67578125,4199.67578125,258.4595642089844
169,images/0169_generated_dot.png,generated_dot,30053,0.0,601,False,0.28402000665664673,0.0005658204900100827,False,0.5512118842845973,2861.036865234375,5679.068359375,5189.8505859375,5189.8505859375,225.5140380859375
170,images/0170_generated_dot.png,generated_dot,8924,0.0,178,False,0.2536795437335968,0.0015038648853078485,False,0.5793588741204065,1822.845947265625,4720.181640625,4415.81689453125,4415.81689453125,250.0543670654297
171,images/0171_generated_dot.png,generated_dot,45240,0.0,904,False,0.2668432295322418,0.007956044748425484,False,0.7232212666145426,2481.14453125,5332.02001953125,4967.130859375,4967.130859375,228.59019470214844
172,images/0172_generated_dot.png,generated_dot,40139,0.0,802,False,0.27277353405952454,0.00020501692779362202,False,0.36200156372165754,1953.64208984375,5033.58447265625,4642.65185546875,4642.65185546875,248.19168090820312
173,images/0173_generated_dot.png,generated_dot,49094,0.0,981,False,0.23602703213691711,0.000287570379441604,False,0.27404222048475374,1901.9501953125,4977.1494140625,4640.197265625,4640.197265625,249.9582061767578
174,images/0174_generated_dot.png,generated_dot,27257,0.0,545,False,0.23881293833255768,0.00017834566824603826,False,0.23729476153244722,2323.386962890625,5252.1201171875,4635.2890625,4635.2890625,229.09005737304688
175,images/0175_generated_dot.png,generated_dot,41559,0.0,831,False,0.26299959421157837,0.0002687075757421553,False,0.3706020328381548,2870.291748046875,5918.798828125,5322.4521484375,5322.4521484375,238.56837463378906
176,images/0176_generated_dot.png,generated_dot,43470,0.0,869,False,0.21692349016666412,0.0004644142172764987,False,0.28850664581704455,1854.12744140625,5104.18212890625,4661.75537109375,4661.75537109375,224.1182861328125
177,images/0177_generated_dot.png,generated_dot,38740,0.0,774,False,0.2493734359741211,0.000837524130474776,False,0.4941360437842064,1908.636474609375,4864.4091796875,4527.9794921875,4527.9794921875,246.98580932617188
178,images/0178_generated_dot.png,generated_dot,18229,0.0,364,False,0.24121053516864777,0.0006900753360241652,False,0.4452697419859265,1747.7666015625,4450.9951171875,4086.657470703125,4086.657470703125,226.53079223632812
179,images/0179_generated_dot.png,generated_dot,1074,0.0,21,False,0.27976423501968384,0.002511099446564913,False,0.7017200938232995,1588.6685791015625,5451.2421875,4384.24072265625,4384.24072265625,260.5849304199219
180,images/0180_generated_dot.png,generated_dot,38610,0.0,772,False,0.24302789568901062,0.0004950615111738443,False,0.40383111806098515,2928.854736328125,5539.23046875,4991.27197265625,4991.27197265625,286.3445129394531
181,images/0181_generated_dot.png,generated_dot,37135,0.0,742,False,0.22124195098876953,0.00020367906836327165,False,0.17083659108678653,2378.91015625,5429.396484375,4814.681640625,4814.681640625,317.2319641113281
182,images/0182_generated_dot.png,generated_dot,48672,0.0,973,False,0.25094306468963623,0.00032411693246103823,False,0.34910086004691165,1615.337646484375,4485.3427734375,4122.865234375,4122.865234375,250.23167419433594
183,images/0183_generated_dot.png,generated_dot,32843,0.0,656,False,0.21486836671829224,0.0002580973377916962,False,0.17318217357310398,2665.2431640625,5624.22998046875,5320.404296875,5320.404296875,242.3839569091797
184,images/0184_generated_dot.png,generated_dot,42527,0.0,850,False,0.2993348240852356,0.0004422705969773233,False,0.5328381548084441,2243.646484375,5179.974609375,4839.333984375,4839.333984375,241.37046813964844
185,images/0185_generated_dot.png,generated_dot,34226,0.0,684,False,0.2680881917476654,0.0003208372800145298,False,0.40734949179046126,2791.50146484375,5638.8837890625,4871.7099609375,4871.7099609375,262.1346130371094
186,images/0186_generated_dot.png,generated_dot,35067,0.0,701,False,0.23268935084342957,0.0003534373245202005,False,0.2959343236903831,1706.8583984375,5219.1953125,4462.55224609375,4462.55224609375,296.9710388183594
187,images/0187_generated_dot.png,generated_dot,37023,0.0,740,False,0.24793358147144318,0.00025287296739406884,False,0.2955433932759969,3019.40771484375,5756.50048828125,5176.4052734375,5176.4052734375,213.6272735595703
188,images/0188_generated_dot.png,generated_dot,22695,0.0,453,False,0.26291266083717346,0.0003572806890588254,False,0.4155590304925723,2183.1826171875,5049.6005859375,4589.9619140625,4589.9619140625,228.53839111328125
189,images/0189_generated_dot.png,generated_dot,4866,0.0,97,False,0.2654944360256195,0.002351463306695223,False,0.6555903049257232,2300.694580078125,5252.3115234375,5042.83984375,5042.83984375,237.74888610839844
190,images/0190_generated_dot.png,generated_dot,16499,0.0,329,False,0.21693676710128784,0.00040766267920844257,False,0.2521501172791243,1988.37255859375,4783.33984375,4517.0439453125,4517.0439453125,239.1029510498047
191,images/0191_generated_dot.png,generated_dot,6930,0.0,138,False,0.21991300582885742,0.0018595873843878508,False,0.46325254104769353,1621.700927734375,4836.0146484375,4393.048828125,4393.048828125,254.70494079589844
192,images/0192_generated_direct.png,generated_direct,17150,0.0,343,False,0.24907197058200836,0.0006784307770431042,False,0.465598123534011,1857.05419921875,4815.25244140625,4563.6923828125,4563.6923828125,245.1038818359375
193,images/0193_generated_direct.png,generated_direct,11728,0.0,234,False,0.2963341176509857,0.003331518266350031,False,0.7431587177482408,2440.30126953125,5544.359375,5193.1982421875,5193.1982421875,240.1542510986328
194,images/0194_generated_direct.png,generated_direct,43251,0.0,865,False,0.3158208131790161,0.00021308688155841082,False,0.4339327599687256,1760.735595703125,4374.94580078125,4027.203125,4027.203125,217.43484497070312
195,images/0195_generated_direct.png,generated_direct,16597,0.0,331,False,0.2726345658302307,0.0014322269707918167,False,0.6301798279906177,2305.65576171875,5342.61279296875,4876.4189453125,4876.4189453125,217.41822814941406
196,images/0196_generated_direct.png,generated_direct,31060,0.0,621,False,0.2929268181324005,0.0007503334782086313,False,0.5973416731821736,2596.298095703125,5176.1259765625,4864.1396484375,4864.1396484375,215.6038055419922
197,images/0197_generated_direct.png,generated_direct,31374,0.0,627,False,0.2574551999568939,0.00012840902491007,False,0.29945269741985925,2288.615234375,5201.33935546875,4913.0302734375,4913.0302734375,232.00880432128906
198,images/0198_generated_direct.png,generated_direct,28500,0.0,570,False,0.25627872347831726,0.0008462927071377635,False,0.5234558248631743,2407.30712890625,5154.6044921875,4618.595703125,4618.595703125,239.52871704101562
199,images/0199_generated_direct.png,generated_direct,4138,0.0,82,False,0.22361013293266296,0.005891853012144566,False,0.5543393275996873,1787.311279296875,4773.67578125,4355.46142578125,4355.46142578125,229.56993103027344
200,images/0200_generated_direct.png,generated_direct,1450,0.0,29,False,0.27924251556396484,0.0020319418981671333,False,0.6829554339327599,1517.760009765625,4785.7080078125,4461.76611328125,4461.76611328125,280.1357727050781
201,images/0201_generated_direct.png,generated_direct,25737,0.0,514,False,0.20830336213111877,0.0006584881921298802,False,0.3096168881939015,2191.73681640625,4911.130859375,4568.99951171875,4568.99951171875,235.73825073242188
202,images/0202_generated_direct.png,generated_direct,10291,0.0,205,False,0.21840229630470276,0.001225020969286561,False,0.4175136825645035,1854.012939453125,4912.15234375,4645.89111328125,4645.89111328125,234.91073608398438
203,images/0203_generated_direct.png,generated_direct,48399,0.0,967,False,0.2683297097682953,0.0006234834436327219,False,0.5199374511336983,2463.68017578125,5546.0986328125,5167.1123046875,5167.1123046875,287.1168212890625
204,images/0204_generated_direct.png,generated_direct,15865,0.0,317,False,0.2785302698612213,0.00026161325513385236,False,0.40070367474589524,2676.759765625,5820.80419921875,5414.669921875,5414.669921875,226.57928466796875
205,images/0205_generated_direct.png,generated_direct,11390,0.0,227,False,0.24957403540611267,0.0005017212242819369,False,0.43080531665363564,1852.8079833984375,4830.986328125,4585.6923828125,4585.6923828125,225.52377319335938
206,images/0206_generated_direct.png,generated_direct,33665,0.0,673,False,0.23007935285568237,0.00020272828987799585,False,0.20758405003909305,2796.058349609375,5807.6630859375,5021.248046875,5021.248046875,241.5316925048828
207,images/0207_generated_direct.png,generated_direct,20012,0.0,400,False,0.16951154172420502,0.00037821143632754683,False,0.11688819390148554,2008.4940185546875,4819.08837890625,4443.9951171875,4443.9951171875,243.12384033203125
208,images/0208_generated_direct.png,generated_direct,8050,0.0,161,False,0.23037807643413544,0.0015984586207196116,False,0.4945269741985927,2279.01416015625,5214.11083984375,4919.56005859375,4919.56005859375,241.54185485839844
209,images/0209_generated_direct.png,generated_direct,43881,0.0,877,False,0.25156980752944946,0.0003905693592969328,False,0.38193901485535575,2731.017333984375,5070.982421875,4765.603515625,4765.603515625,220.07472229003906
210,images/0210_generated_direct.png,generated_direct,4238,0.0,84,False,0.2555893361568451,0.0027768518775701523,False,0.6348709929632526,1953.4267578125,4557.7568359375,4427.017578125,4427.017578125,231.74761962890625
211,images/0211_generated_direct.png,generated_direct,31122,0.0,622,False,0.2786562144756317,0.0007887426181696355,False,0.5805316653635653,2163.5908203125,5647.51416015625,5154.5078125,5154.5078125,297.5679931640625
212,images/0212_generated_direct.png,generated_direct,13022,0.0,260,False,0.20899099111557007,0.004619828425347805,False,0.48670836591086786,2088.67138671875,5073.63134765625,4711.009765625,4711.009765625,220.52447509765625
213,images/0213_generated_direct.png,generated_direct,46286,0.0,925,False,0.2921520173549652,0.0004154524940531701,False,0.5054730258014073,2237.960205078125,5778.603515625,5174.14208984375,5174.14208984375,253.9022979736328
214,images/0214_generated_direct.png,generated_direct,29271,0.0,585,False,0.2829960882663727,0.0002861499378923327,False,0.4311962470680219,2954.8974609375,5604.3818359375,5019.1904296875,5019.1904296875,247.2175750732422
215,images/0215_generated_direct.png,generated_direct,10108,0.0,202,False,0.22358384728431702,0.003920711576938629,False,0.5297107114933541,2282.352294921875,5334.119140625,5023.755859375,5023.755859375,233.13719177246094
216,images/0216_generated_direct.png,generated_direct,37964,0.0,759,False,0.2548219561576843,0.00014841172378510237,False,0.29007036747458953,2218.77734375,5745.50439453125,5303.09033203125,5303.09033203125,211.93096923828125
217,images/0217_generated_direct.png,generated_direct,45563,0.0,911,False,0.29072239995002747,0.0013373385882005095,False,0.661845191555903,2422.873046875,5365.509765625,5060.2763671875,5060.2763671875,235.86338806152344
218,images/0218_generated_direct.png,generated_direct,35970,0.0,719,False,0.2730095088481903,0.001016172464005649,False,0.596559812353401,2608.515625,5720.525390625,5079.03125,5079.03125,264.3039855957031
219,images/0219_generated_direct.png,generated_direct,48905,0.0,978,False,0.3389841318130493,0.00031922574271447957,False,0.5039093041438624,1976.1275634765625,5248.46533203125,4867.6220703125,4867.6220703125,283.2328186035156
220,images/0220_generated_direct.png,generated_direct,47333,0.0,946,False,0.22675515711307526,0.001040605129674077,False,0.43666927286942925,2132.750244140625,4874.7177734375,4380.4375,4380.4375,225.3953857421875
221,images/0221_generated_direct.png,generated_direct,48411,0.0,968,False,0.2525271475315094,0.0004005542432423681,False,0.38702111024237684,2829.8759765625,5692.2373046875,5194.25341796875,5194.25341796875,233.06765747070312
222,images/0222_generated_direct.png,generated_direct,45623,0.0,912,False,0.2603704631328583,0.00243045249953866,False,0.6415168100078186,2256.48583984375,5057.42041015625,4833.53125,4833.53125,210.79010009765625
223,images/0223_generated_direct.png,generated_direct,48971,0.0,979,False,0.23354431986808777,0.0011417175410315394,False,0.4734167318217357,1797.6353759765625,4832.03369140625,4446.376953125,4446.376953125,224.1662139892578
224,images/0224_generated_direct.png,generated_direct,23779,0.0,475,False,0.22312599420547485,0.0008253621635958552,False,0.3913213448006255,2203.40771484375,5280.62939453125,4920.07421875,4920.07421875,258.6229553222656
225,images/0225_generated_direct.png,generated_direct,5963,0.0,119,False,0.263488233089447,0.0007639576797373593,False,0.5355746677091477,1195.308349609375,3964.941650390625,3688.467041015625,3688.467041015625,225.78506469726562
226,images/0226_generated_direct.png,generated_direct,48655,0.0,973,False,0.23797670006752014,0.0006613993318751454,False,0.4218139171227522,1775.6651611328125,4645.669921875,4287.251953125,4287.251953125,204.2103729248047
227,images/0227_generated_direct.png,generated_direct,18346,0.0,366,False,0.18988588452339172,0.0006378195830620825,False,0.23651290070367476,1832.18408203125,4836.4228515625,4586.2822265625,4586.2822265625,263.1043701171875
228,images/0228_generated_direct.png,generated_direct,27925,0.0,558,False,0.22586189210414886,0.0006560667534358799,False,0.372556684910086,2592.68017578125,5341.9541015625,4777.59130859375,4777.59130859375,231.24745178222656
229,images/0229_generated_direct.png,generated_direct,33656,0.0,673,False,0.2745057940483093,0.00023710951791144907,False,0.37920250195465205,3399.083984375,6410.68896484375,5600.34326171875,5600.34326171875,230.11795043945312
230,images/0230_generated_direct.png,generated_direct,32154,0.0,643,False,0.25023752450942993,0.0004977002390660346,False,0.43197810789679436,2419.89501953125,5187.1435546875,4736.5986328125,4736.5986328125,231.2928009033203
231,images/0231_generated_direct.png,generated_direct,6316,0.0,126,False,0.2621983587741852,0.0009164032526314259,False,0.5527756059421424,2396.657958984375,4912.71923828125,4399.94921875,4399.94921875,288.35150146484375
232,images/0232_generated_direct.png,generated_direct,32802,0.0,656,False,0.25124096870422363,0.00019255081133451313,False,0.2869429241594996,1602.822509765625,4561.8095703125,4257.767578125,4257.767578125,255.4941864013672
233,images/0233_generated_direct.png,generated_direct,30053,0.0,601,False,0.28209829330444336,0.0005700608598999679,False,0.5504300234558249,2860.3916015625,5678.42333984375,5197.88671875,5197.88671875,227.44476318359375
234,images/0234_generated_direct.png,generated_direct,8924,0.0,178,False,0.24931751191616058,0.0015718770446255803,False,0.5664581704456606,1838.1455078125,4735.4814453125,4446.8369140625,4446.8369140625,254.4790802001953
235,images/0235_generated_direct.png,generated_direct,45240,0.0,904,False,0.25782081484794617,0.0071025718934834,False,0.691164972634871,2603.603515625,5454.47900390625,5115.779296875,5115.779296875,219.9314727783203
236,images/0236_generated_direct.png,generated_direct,40139,0.0,802,False,0.27461230754852295,0.00020421405497472733,False,0.36512900703674744,2011.866455078125,5091.80859375,4708.94580078125,4708.94580078125,242.815185546875
237,images/0237_generated_direct.png,generated_direct,49094,0.0,981,False,0.23750783503055573,0.0003089378878939897,False,0.2924159499609069,1865.619384765625,4940.818359375,4626.0419921875,4626.0419921875,254.47311401367188
238,images/0238_generated_direct.png,generated_direct,27257,0.0,545,False,0.23949770629405975,0.0001701511355349794,False,0.23729476153244725,2357.75732421875,5286.490234375,4687.13525390625,4687.13525390625,230.24940490722656
239,images/0239_generated_direct.png,generated_direct,41559,0.0,831,False,0.2606772780418396,0.0002685779763851315,False,0.3612197028928851,2863.0830078125,5911.58984375,5329.533203125,5329.533203125,239.19410705566406
240,images/0240_generated_direct.png,generated_direct,43470,0.0,869,False,0.22172842919826508,0.00045073911314830184,False,0.2982799061767005,1799.858642578125,5049.9130859375,4625.59375,4625.59375,227.98211669921875
241,images/0241_generated_direct.png,generated_direct,38740,0.0,774,False,0.25548678636550903,0.0009447890915907919,False,0.5301016419077405,1949.326904296875,4905.099609375,4587.095703125,4587.095703125,248.77645874023438
242,images/0242_generated_direct.png,generated_direct,18229,0.0,364,False,0.23783203959465027,0.0007538047502748668,False,0.43666927286942925,1742.973876953125,4446.2021484375,4090.096435546875,4090.096435546875,229.60794067382812
243,images/0243_generated_direct.png,generated_direct,1074,0.0,21,False,0.2980472147464752,0.0027807275764644146,False,0.733776387802971,1725.4144287109375,5587.98828125,4565.71484375,4565.71484375,249.94737243652344
244,images/0244_generated_direct.png,generated_direct,38610,0.0,772,False,0.24060404300689697,0.0005275763687677681,False,0.40304925723221263,2913.59912109375,5523.974609375,4994.505859375,4994.505859375,300.72216796875
245,images/0245_generated_direct.png,generated_direct,37135,0.0,742,False,0.22233745455741882,0.00022295769304037094,False,0.18569194683346363,2303.64453125,5354.130859375,4752.958984375,4752.958984375,339.9600830078125
246,images/0246_generated_direct.png,generated_direct,48672,0.0,973,False,0.2502220869064331,0.0003168265102431178,False,0.34401876465989056,1621.5218505859375,4491.52685546875,4133.5029296875,4133.5029296875,250.2437286376953
247,images/0247_generated_direct.png,generated_direct,32843,0.0,656,False,0.21496149897575378,0.00025336630642414093,False,0.16849100860046912,2670.5537109375,5629.54052734375,5331.22119140625,5331.22119140625,241.7982940673828
248,images/0248_generated_direct.png,generated_direct,42527,0.0,850,False,0.2995200455188751,0.0004351887619122863,False,0.5312744331508992,2253.720947265625,5190.048828125,4855.43603515625,4855.43603515625,243.4427032470703
249,images/0249_generated_direct.png,generated_direct,34226,0.0,684,False,0.2701186239719391,0.00033052830258384347,False,0.41673182173573103,2786.882080078125,5634.2646484375,4872.1640625,4872.1640625,263.88470458984375
250,images/0250_generated_direct.png,generated_direct,35067,0.0,701,False,0.24351976811885834,0.0003939809976145625,False,0.3534010946051603,1784.2125244140625,5296.54931640625,4564.80078125,4564.80078125,300.13720703125
251,images/0251_generated_direct.png,generated_direct,37023,0.0,740,False,0.25205013155937195,0.0002811985614243895,False,0.3338545738858483,2996.25439453125,5733.34716796875,5165.8505859375,5165.8505859375,223.1771240234375
252,images/0252_generated_direct.png,generated_direct,22695,0.0,453,False,0.26588353514671326,0.00037070646067149937,False,0.42689601250977327,2214.20654296875,5080.62451171875,4637.298828125,4637.298828125,224.83485412597656
253,images/0253_generated_direct.png,generated_direct,4866,0.0,97,False,0.2618216574192047,0.002266829600557685,False,0.643862392494136,2399.08740234375,5350.7041015625,5149.94970703125,5149.94970703125,232.9581756591797
254,images/0254_generated_direct.png,generated_direct,16499,0.0,329,False,0.21704035997390747,0.00038775024586357176,False,0.24589523064894447,2001.92626953125,4796.8935546875,4535.12451171875,4535.12451171875,239.86892700195312
255,images/0255_generated_direct.png,generated_direct,6930,0.0,138,False,0.21714362502098083,0.0017341969069093466,False,0.4491790461297889,1668.980712890625,4883.2939453125,4448.39013671875,4448.39013671875,252.7228240966797
256,images/0256_real_corrupt_0.25.png,real_corrupt_0.25,17150,0.25,343,False,0.427243173122406,0.002465929137542844,False,0.8021892103205629,-2073.500732421875,884.697509765625,640.173095703125,640.173095703125,163.4319610595703
257,images/0257_real_corrupt_0.25.png,real_corrupt_0.25,11728,0.25,234,False,0.42923033237457275,0.2358471304178238,True,0.9437060203283816,-3200.462890625,-96.404541015625,-408.1075134277344,-408.1075134277344,207.58883666992188
258,images/0258_real_corrupt_0.25.png,real_corrupt_0.25,43251,0.25,865,False,0.3075418770313263,0.1951570361852646,True,0.8702111024237685,-2081.5634765625,532.646728515625,76.29620361328125,76.29620361328125,189.34786987304688
259,images/0259_real_corrupt_0.25.png,real_corrupt_0.25,16597,0.25,331,False,0.5263946056365967,0.22337816655635834,True,0.9581704456606723,-2767.154296875,269.802734375,-234.20834350585938,-234.20834350585938,188.7906494140625
260,images/0260_real_corrupt_0.25.png,real_corrupt_0.25,31060,0.25,621,False,0.3356734812259674,0.5257928967475891,True,0.9179046129788897,-2369.1328125,210.69482421875,-152.9909210205078,-152.9909210205078,203.84605407714844
261,images/0261_real_corrupt_0.25.png,real_corrupt_0.25,31374,0.25,627,False,0.258622944355011,0.004678236320614815,False,0.6759186864738076,-3338.029541015625,-425.305419921875,-789.3878173828125,-789.3878173828125,230.11691284179688
262,images/0262_real_corrupt_0.25.png,real_corrupt_0.25,28500,0.25,570,False,0.38049057126045227,0.004354680888354778,False,0.8166536356528538,-6227.93212890625,-3480.634521484375,-4180.87255859375,-4180.87255859375,298.4971008300781
263,images/0263_real_corrupt_0.25.png,real_corrupt_0.25,4138,0.25,82,False,0.25354811549186707,0.570662796497345,True,0.7783424550430024,-2134.330078125,852.03466796875,374.4136047363281,374.4136047363281,170.25648498535156
264,images/0264_real_corrupt_0.25.png,real_corrupt_0.25,1450,0.25,29,False,0.32125145196914673,0.3553066849708557,True,0.8975762314308053,-3989.470458984375,-721.522216796875,-1085.870361328125,-1085.870361328125,219.216552734375
265,images/0265_real_corrupt_0.25.png,real_corrupt_0.25,25737,0.25,514,False,0.2580995261669159,0.005848034750670195,False,0.6864738076622361,-1486.066162109375,1233.327880859375,837.546142578125,837.546142578125,174.19869995117188
266,images/0266_real_corrupt_0.25.png,real_corrupt_0.25,10291,0.25,205,False,0.32813864946365356,0.017103619873523712,False,0.8397185301016419,-2731.73974609375,326.39990234375,17.031536102294922,17.031536102294922,191.70729064941406
267,images/0267_real_corrupt_0.25.png,real_corrupt_0.25,48399,0.25,967,False,0.2977784276008606,0.004645152948796749,False,0.7603596559812353,-4477.4697265625,-1395.05126953125,-1807.8359375,-1807.8359375,255.0647430419922
268,images/0268_real_corrupt_0.25.png,real_corrupt_0.25,15865,0.25,317,False,0.40361350774765015,0.45610836148262024,True,0.9472243940578577,-4278.0673828125,-1134.02294921875,-1565.080810546875,-1565.080810546875,238.60009765625
269,images/0269_real_corrupt_0.25.png,real_corrupt_0.25,11390,0.25,227,False,0.26555323600769043,0.009939027950167656,False,0.7298670836591087,-3496.466552734375,-518.2880859375,-805.75927734375,-805.75927734375,225.56829833984375
270,images/0270_real_corrupt_0.25.png,real_corrupt_0.25,33665,0.25,673,False,0.2839087247848511,0.003950992599129677,False,0.7349491790461298,-4043.873046875,-1032.26806640625,-1782.73876953125,-1782.73876953125,258.7928771972656
271,images/0271_real_corrupt_0.25.png,real_corrupt_0.25,20012,0.25,400,False,0.37238553166389465,0.0010456567397341132,False,0.7021110242376858,-2470.140625,340.45361328125,-122.55186462402344,-122.55186462402344,211.49847412109375
272,images/0272_real_corrupt_0.25.png,real_corrupt_0.25,8050,0.25,161,False,0.4623662531375885,0.09327811747789383,False,0.9386239249413604,-3939.5537109375,-1004.45703125,-1333.318603515625,-1333.318603515625,238.01768493652344
273,images/0273_real_corrupt_0.25.png,real_corrupt_0.25,43881,0.25,877,False,0.25602269172668457,0.0019271608907729387,False,0.6102423768569195,-4036.783203125,-1696.81787109375,-2085.36083984375,-2085.36083984375,274.98260498046875
274,images/0274_real_corrupt_0.25.png,real_corrupt_0.25,4238,0.25,84,False,0.2803182601928711,0.00030734165920875967,False,0.4354964816262705,-2417.827880859375,186.501953125,-4.063747406005859,-4.063747406005859,211.68515014648438
275,images/0275_real_corrupt_0.25.png,real_corrupt_0.25,31122,0.25,622,False,0.33757081627845764,0.009676923044025898,False,0.8275996872556686,-5195.0888671875,-1711.16552734375,-2280.8916015625,-2280.8916015625,262.30413818359375
276,images/0276_real_corrupt_0.25.png,real_corrupt_0.25,13022,0.25,260,False,0.4158666133880615,0.5231373906135559,True,0.9605160281469898,-2741.116455078125,243.843505859375,-130.78558349609375,-130.78558349609375,194.51602172851562
277,images/0277_real_corrupt_0.25.png,real_corrupt_0.25,46286,0.25,925,False,0.3465968072414398,0.0017504520947113633,False,0.7435496481626271,-5228.8369140625,-1688.193359375,-2358.1669921875,-2358.1669921875,271.8422546386719
278,images/0278_real_corrupt_0.25.png,real_corrupt_0.25,29271,0.25,585,False,0.34722357988357544,0.014931656420230865,False,0.8487099296325253,-2664.9814453125,-15.497314453125,-640.6238403320312,-640.6238403320312,232.4074249267578
279,images/0279_real_corrupt_0.25.png,real_corrupt_0.25,10108,0.25,202,False,0.38269197940826416,0.2574957311153412,True,0.9257232212666144,-2461.70947265625,590.0576171875,280.9615478515625,280.9615478515625,186.54364013671875
280,images/0280_real_corrupt_0.25.png,real_corrupt_0.25,37964,0.25,759,False,0.29037365317344666,0.0005157751147635281,False,0.5441751368256451,-6226.42431640625,-2699.697265625,-3187.608154296875,-3187.608154296875,275.97882080078125
281,images/0281_real_corrupt_0.25.png,real_corrupt_0.25,45563,0.25,911,False,0.2607150673866272,0.005134812090545893,False,0.6899921813917123,-2848.12939453125,94.50732421875,-295.447509765625,-295.447509765625,205.720458984375
282,images/0282_real_corrupt_0.25.png,real_corrupt_0.25,35970,0.25,719,False,0.4113532602787018,0.0009281238890253007,False,0.7021110242376857,-6443.97509765625,-3331.96533203125,-4019.81103515625,-4019.81103515625,306.98626708984375
283,images/0283_real_corrupt_0.25.png,real_corrupt_0.25,48905,0.25,978,False,0.24949702620506287,0.01816551201045513,False,0.6896012509773259,-3070.400634765625,201.937255859375,-232.81642150878906,-232.81642150878906,201.9718780517578
284,images/0284_real_corrupt_0.25.png,real_corrupt_0.25,47333,0.25,946,False,0.22903992235660553,0.09192000329494476,False,0.646989835809226,-2385.967041015625,356.000244140625,-151.7906036376953,-151.7906036376953,189.7473907470703
285,images/0285_real_corrupt_0.25.png,real_corrupt_0.25,48411,0.25,968,False,0.20786277949810028,0.005399671848863363,False,0.4906176700547302,-1923.90869140625,938.452880859375,411.93902587890625,411.93902587890625,201.4114227294922
286,images/0286_real_corrupt_0.25.png,real_corrupt_0.25,45623,0.25,912,False,0.26840534806251526,0.002473418368026614,False,0.6669272869429241,-1421.8094482421875,1379.1251220703125,1122.55712890625,1122.55712890625,160.642578125
287,images/0287_real_corrupt_0.25.png,real_corrupt_0.25,48971,0.25,979,False,0.24921725690364838,0.17058174312114716,True,0.7372947615324472,-2060.538818359375,973.859375,532.0444946289062,532.0444946289062,164.50965881347656
288,images/0288_real_corrupt_0.25.png,real_corrupt_0.25,23779,0.25,475,False,0.6049033999443054,0.18941695988178253,True,0.9663799843627834,-5867.30078125,-2790.0791015625,-3234.0986328125,-3234.0986328125,284.3019104003906
289,images/0289_real_corrupt_0.25.png,real_corrupt_0.25,5963,0.25,119,False,0.21761032938957214,0.0008026567520573735,False,0.3639562157935887,-2113.447265625,656.18603515625,346.6976623535156,346.6976623535156,176.29251098632812
290,images/0290_real_corrupt_0.25.png,real_corrupt_0.25,48655,0.25,973,False,0.2924530804157257,0.5207662582397461,True,0.8745113369820172,-3889.27734375,-1019.2724609375,-1435.225341796875,-1435.225341796875,225.41195678710938
291,images/0291_real_corrupt_0.25.png,real_corrupt_0.25,18346,0.25,366,False,0.31693869829177856,0.26110219955444336,True,0.8924941360437842,-2377.28125,626.957275390625,348.33135986328125,348.33135986328125,181.5508270263672
292,images/0292_real_corrupt_0.25.png,real_corrupt_0.25,27925,0.25,558,False,0.30267003178596497,0.04582293704152107,True,0.8424550430023456,-4567.27099609375,-1817.9970703125,-2362.060791015625,-2362.060791015625,273.6181335449219
293,images/0293_real_corrupt_0.25.png,real_corrupt_0.25,33656,0.25,673,False,0.31202641129493713,0.0022135102190077305,False,0.7259577795152463,-7938.595703125,-4926.99072265625,-5801.169921875,-5801.169921875,357.6144714355469
294,images/0294_real_corrupt_0.25.png,real_corrupt_0.25,32154,0.25,643,False,0.3401803970336914,0.023806560784578323,False,0.8600469116497264,-3524.534423828125,-757.2861328125,-1244.228271484375,-1244.228271484375,238.7215576171875
295,images/0295_real_corrupt_0.25.png,real_corrupt_0.25,6316,0.25,126,False,0.31376439332962036,0.03491124510765076,False,0.8436278342455044,-1199.5611572265625,1316.5001220703125,773.2335205078125,773.2335205078125,157.62744140625
296,images/0296_real_corrupt_0.25.png,real_corrupt_0.25,32802,0.25,656,False,0.2963700294494629,0.25342321395874023,True,0.864347146207975,-2265.09521484375,693.8916015625,346.7605895996094,346.7605895996094,204.16148376464844
297,images/0297_real_corrupt_0.25.png,real_corrupt_0.25,30053,0.25,601,False,0.3894405961036682,0.018692130222916603,False,0.8729476153244722,-2190.68310546875,627.3486328125,138.24038696289062,138.24038696289062,192.88197326660156
298,images/0298_real_corrupt_0.25.png,real_corrupt_0.25,8924,0.25,178,False,0.3229829967021942,0.0010712638031691313,False,0.6770914777169663,-5309.9052734375,-2412.5693359375,-2713.06201171875,-2713.06201171875,284.3406982421875
299,images/0299_real_corrupt_0.25.png,real_corrupt_0.25,45240,0.25,904,False,0.38590261340141296,0.04276842251420021,False,0.8940578577013292,-4644.548828125,-1793.67333984375,-2198.86767578125,-2198.86767578125,277.3898010253906
300,images/0300_real_corrupt_0.25.png,real_corrupt_0.25,40139,0.25,802,False,0.2472442388534546,0.2651183009147644,True,0.7349491790461298,-1618.8115234375,1461.130859375,1064.05615234375,1064.05615234375,165.98976135253906
301,images/0301_real_corrupt_0.25.png,real_corrupt_0.25,49094,0.25,981,False,0.3320266008377075,0.16964513063430786,True,0.8960125097732603,-2428.83984375,646.359130859375,338.55810546875,338.55810546875,210.9500274658203
302,images/0302_real_corrupt_0.25.png,real_corrupt_0.25,27257,0.25,545,False,0.2606699764728546,0.13578109443187714,True,0.7771696637998436,-3472.3974609375,-543.66455078125,-1075.15234375,-1075.15234375,236.41050720214844
303,images/0303_real_corrupt_0.25.png,real_corrupt_0.25,41559,0.25,831,False,0.31344327330589294,0.004102034494280815,False,0.7673964034401877,-2912.60400390625,135.90283203125,-471.4789123535156,-471.4789123535156,227.44314575195312
304,images/0304_real_corrupt_0.25.png,real_corrupt_0.25,43470,0.25,869,False,0.3000718057155609,0.0042258501052856445,False,0.7611415168100077,-5211.67919921875,-1961.62451171875,-2400.944580078125,-2400.944580078125,267.8917541503906
305,images/0305_real_corrupt_0.25.png,real_corrupt_0.25,38740,0.25,774,False,0.25945740938186646,0.0009738986263982952,False,0.5476935105551212,-2130.6728515625,825.099853515625,466.4142761230469,466.4142761230469,196.87147521972656
306,images/0306_real_corrupt_0.25.png,real_corrupt_0.25,18229,0.25,364,False,0.35505104064941406,0.32240381836891174,True,0.9171227521501173,-2203.06689453125,500.16162109375,119.7529296875,119.7529296875,183.8848419189453
307,images/0307_real_corrupt_0.25.png,real_corrupt_0.25,1074,0.25,21,False,0.3868756890296936,0.014829013496637344,False,0.8655199374511338,-4436.63671875,-574.06298828125,-1605.9334716796875,-1605.9334716796875,235.63597106933594
308,images/0308_real_corrupt_0.25.png,real_corrupt_0.25,38610,0.25,772,False,0.36600154638290405,0.0037345322780311108,False,0.8029710711493354,-1802.488525390625,807.88720703125,227.9292755126953,227.9292755126953,203.48483276367188
309,images/0309_real_corrupt_0.25.png,real_corrupt_0.25,37135,0.25,742,False,0.24166426062583923,0.0004479686904232949,False,0.38193901485535575,-3266.91259765625,-216.42626953125,-856.6624145507812,-856.6624145507812,230.5384521484375
310,images/0310_real_corrupt_0.25.png,real_corrupt_0.25,48672,0.25,973,False,0.43388158082962036,0.5773301124572754,True,0.9644253322908523,-4420.173828125,-1550.1689453125,-2026.690185546875,-2026.690185546875,234.67010498046875
311,images/0311_real_corrupt_0.25.png,real_corrupt_0.25,32843,0.25,656,False,0.2865108847618103,0.03658342361450195,False,0.8150899139953088,-6731.48828125,-3772.50146484375,-4303.07958984375,-4303.07958984375,328.4876708984375
312,images/0312_real_corrupt_0.25.png,real_corrupt_0.25,42527,0.25,850,False,0.287302702665329,0.0041670710779726505,False,0.7415949960906959,-1978.00244140625,958.325439453125,582.2037963867188,582.2037963867188,191.84681701660156
313,images/0313_real_corrupt_0.25.png,real_corrupt_0.25,34226,0.25,684,False,0.40449297428131104,0.012853361666202545,False,0.8702111024237686,-1990.8575439453125,856.5247802734375,140.2239990234375,140.2239990234375,205.27015686035156
314,images/0314_real_corrupt_0.25.png,real_corrupt_0.25,35067,0.25,701,False,0.6082189083099365,0.5711115002632141,True,0.9894448788115715,-4553.11181640625,-1040.775146484375,-1837.89599609375,-1837.89599609375,243.78378295898438
315,images/0315_real_corrupt_0.25.png,real_corrupt_0.25,37023,0.25,740,False,0.32867732644081116,0.0014785827370360494,False,0.7126661454261141,-7148.76025390625,-4411.66748046875,-5007.666015625,-5007.666015625,330.9774475097656
316,images/0316_real_corrupt_0.25.png,real_corrupt_0.25,22695,0.25,453,False,0.4565768539905548,0.4676218628883362,True,0.9687255668491008,-2562.07373046875,304.34423828125,-217.27960205078125,-217.27960205078125,218.65475463867188
317,images/0317_real_corrupt_0.25.png,real_corrupt_0.25,4866,0.25,97,False,0.2697773575782776,0.10727521777153015,False,0.799061767005473,-3747.6484375,-796.031494140625,-979.2408447265625,-979.2408447265625,224.99598693847656
318,images/0318_real_corrupt_0.25.png,real_corrupt_0.25,16499,0.25,329,False,0.32756122946739197,0.6078625917434692,True,0.9159499609069586,-3189.37255859375,-394.405517578125,-740.1292724609375,-740.1292724609375,211.9207305908203
319,images/0319_real_corrupt_0.25.png,real_corrupt_0.25,6930,0.25,138,False,0.33760860562324524,0.40984731912612915,True,0.9108678655199374,-2775.52294921875,438.79052734375,-33.97611999511719,-33.97611999511719,188.53038024902344
320,images/0320_real_corrupt_0.75.png,real_corrupt_0.75,17150,0.75,343,False,0.1905243992805481,0.0005611907108686864,False,0.2232212666145426,3187.20458984375,6145.40283203125,5882.904296875,5882.904296875,232.10597229003906
321,images/0321_real_corrupt_0.75.png,real_corrupt_0.75,11728,0.75,234,False,0.2465924322605133,0.003390643047168851,False,0.6106333072713057,3310.931396484375,6414.98974609375,6076.46923828125,6076.46923828125,257.49676513671875
322,images/0322_real_corrupt_0.75.png,real_corrupt_0.75,43251,0.75,865,False,0.24512003362178802,0.00022028257080819458,False,0.2740422204847537,2668.353271484375,5282.5634765625,4928.4833984375,4928.4833984375,234.18067932128906
323,images/0323_real_corrupt_0.75.png,real_corrupt_0.75,16597,0.75,331,False,0.21493950486183167,0.003084941068664193,False,0.4824081313526193,3242.698974609375,6279.65625,5835.9072265625,5835.9072265625,244.85614013671875
324,images/0324_real_corrupt_0.75.png,real_corrupt_0.75,31060,0.75,621,False,0.22385066747665405,0.0009273489704355597,False,0.40695856137607506,3464.14599609375,6043.9736328125,5733.2490234375,5733.2490234375,237.58998107910156
325,images/0325_real_corrupt_0.75.png,real_corrupt_0.75,31374,0.75,627,False,0.21804948151111603,0.00010142294922843575,False,0.1415168100078186,3319.6689453125,6232.39306640625,5943.33203125,5943.33203125,249.15090942382812
326,images/0326_real_corrupt_0.75.png,real_corrupt_0.75,28500,0.75,570,False,0.19018542766571045,0.0007464303635060787,False,0.2587959343236904,3457.1337890625,6204.431640625,5664.9443359375,5664.9443359375,287.8891296386719
327,images/0327_real_corrupt_0.75.png,real_corrupt_0.75,4138,0.75,82,False,0.19069837033748627,0.0028466475196182728,False,0.3952306489444879,3076.8564453125,6063.22119140625,5665.376953125,5665.376953125,230.83749389648438
328,images/0328_real_corrupt_0.75.png,real_corrupt_0.75,1450,0.75,29,False,0.2538720369338989,0.005790794733911753,False,0.6696637998436279,3345.9287109375,6613.876953125,6275.1513671875,6275.1513671875,261.1151428222656
329,images/0329_real_corrupt_0.75.png,real_corrupt_0.75,25737,0.75,514,False,0.20650412142276764,0.0009354822104796767,False,0.34089132134480066,3814.386962890625,6533.78125,6186.009765625,6186.009765625,223.0119171142578
330,images/0330_real_corrupt_0.75.png,real_corrupt_0.75,10291,0.75,205,False,0.21626217663288116,0.0026523477863520384,False,0.47732603596559814,3142.66259765625,6200.80224609375,5966.68994140625,5966.68994140625,244.29421997070312
331,images/0331_real_corrupt_0.75.png,real_corrupt_0.75,48399,0.75,967,False,0.20810028910636902,0.0005174375837668777,False,0.2779515246286161,3859.9990234375,6942.41748046875,6537.8681640625,6537.8681640625,275.90203857421875
332,images/0332_real_corrupt_0.75.png,real_corrupt_0.75,15865,0.75,317,False,0.20238591730594635,0.000479699025163427,False,0.24120406567630964,3875.911376953125,7019.9560546875,6615.4931640625,6615.4931640625,264.993896484375
333,images/0333_real_corrupt_0.75.png,real_corrupt_0.75,11390,0.75,227,False,0.22634761035442352,0.002125690458342433,False,0.501563721657545,3194.156005859375,6172.33447265625,5937.794921875,5937.794921875,243.6304473876953
334,images/0334_real_corrupt_0.75.png,real_corrupt_0.75,33665,0.75,673,False,0.13250333070755005,0.00028683198615908623,False,0.060594214229867084,4779.9111328125,7791.51611328125,6985.1015625,6985.1015625,253.14093017578125
335,images/0335_real_corrupt_0.75.png,real_corrupt_0.75,20012,0.75,400,False,0.21291720867156982,0.00032023797393776476,False,0.2001563721657545,3868.36328125,6678.95751953125,6302.4853515625,6302.4853515625,228.0702362060547
336,images/0336_real_corrupt_0.75.png,real_corrupt_0.75,8050,0.75,161,False,0.1814349889755249,0.0023791606072336435,False,0.3596559812353401,3371.96533203125,6307.06201171875,6019.47265625,6019.47265625,261.33831787109375
337,images/0337_real_corrupt_0.75.png,real_corrupt_0.75,43881,0.75,877,False,0.24986320734024048,0.0002455434878356755,False,0.3029710711493354,3164.0556640625,5504.02099609375,5189.80029296875,5189.80029296875,271.76116943359375
338,images/0338_real_corrupt_0.75.png,real_corrupt_0.75,4238,0.75,84,False,0.20900589227676392,0.002638736041262746,False,0.45777951524628613,3362.748046875,5967.078125,5851.80419921875,5851.80419921875,226.2089080810547
339,images/0339_real_corrupt_0.75.png,real_corrupt_0.75,31122,0.75,622,False,0.20202375948429108,0.0007309104548767209,False,0.29476153244722436,3982.0947265625,7466.01806640625,6982.4375,6982.4375,279.3135986328125
340,images/0340_real_corrupt_0.75.png,real_corrupt_0.75,13022,0.75,260,False,0.25148823857307434,0.003910033963620663,False,0.6348709929632526,3592.042236328125,6577.001953125,6204.82275390625,6204.82275390625,231.14471435546875
341,images/0341_real_corrupt_0.75.png,real_corrupt_0.75,46286,0.75,925,False,0.17327189445495605,0.0003204887034371495,False,0.0906958561376075,3722.20458984375,7262.84814453125,6626.740234375,6626.740234375,269.26348876953125
342,images/0342_real_corrupt_0.75.png,real_corrupt_0.75,29271,0.75,585,False,0.23428308963775635,0.0002546398318372667,False,0.24354964816262706,4664.25830078125,7313.7421875,6751.9931640625,6751.9931640625,229.12738037109375
343,images/0343_real_corrupt_0.75.png,real_corrupt_0.75,10108,0.75,202,False,0.20626120269298553,0.006446033250540495,False,0.491790461297889,3363.142333984375,6414.9091796875,6116.4736328125,6116.4736328125,245.697509765625
344,images/0344_real_corrupt_0.75.png,real_corrupt_0.75,37964,0.75,759,False,0.22312422096729279,0.00018924455798696727,False,0.17709147771696637,2424.69189453125,5951.4189453125,5503.166015625,5503.166015625,295.5027160644531
345,images/0345_real_corrupt_0.75.png,real_corrupt_0.75,45563,0.75,911,False,0.24536637961864471,0.0003440701402723789,False,0.3424550430023455,3878.798583984375,6821.435546875,6498.2529296875,6498.2529296875,237.01181030273438
346,images/0346_real_corrupt_0.75.png,real_corrupt_0.75,35970,0.75,719,False,0.23277193307876587,0.0006441285950131714,False,0.39327599687255665,3279.58251953125,6391.59228515625,5729.7646484375,5729.7646484375,316.3998107910156
347,images/0347_real_corrupt_0.75.png,real_corrupt_0.75,48905,0.75,978,False,0.2376306653022766,0.00025531178107485175,False,0.26114151681000786,3729.675537109375,7002.013671875,6628.982421875,6628.982421875,259.5362243652344
348,images/0348_real_corrupt_0.75.png,real_corrupt_0.75,47333,0.75,946,False,0.15442392230033875,0.0009578890167176723,False,0.24628616106333073,3546.84423828125,6288.8115234375,5796.6845703125,5796.6845703125,238.08023071289062
349,images/0349_real_corrupt_0.75.png,real_corrupt_0.75,48411,0.75,968,False,0.2321406453847885,0.0004321163287386298,False,0.33189992181391714,4615.8291015625,7478.1904296875,6969.49951171875,6969.49951171875,226.69786071777344
350,images/0350_real_corrupt_0.75.png,real_corrupt_0.75,45623,0.75,912,False,0.23045651614665985,0.0011174108367413282,False,0.46129788897576235,3475.27392578125,6276.20849609375,6052.4814453125,6052.4814453125,226.49659729003906
351,images/0351_real_corrupt_0.75.png,real_corrupt_0.75,48971,0.75,979,False,0.2336605191230774,0.0010135448537766933,False,0.45387021110242376,3479.529296875,6513.927734375,6134.26904296875,6134.26904296875,228.1898956298828
352,images/0352_real_corrupt_0.75.png,real_corrupt_0.75,23779,0.75,475,False,0.1663735806941986,0.00042019481770694256,False,0.13721657544956997,3505.650390625,6582.8720703125,6192.77734375,6192.77734375,290.4807434082031
353,images/0353_real_corrupt_0.75.png,real_corrupt_0.75,5963,0.75,119,False,0.23002047836780548,0.0007620816468261182,False,0.4053948397185301,2851.85595703125,5621.4892578125,5343.76171875,5343.76171875,212.96478271484375
354,images/0354_real_corrupt_0.75.png,real_corrupt_0.75,48655,0.75,973,False,0.20567454397678375,0.00041828089160844684,False,0.22673964034401875,2442.39794921875,5312.40283203125,4959.30224609375,4959.30224609375,257.3357238769531
355,images/0355_real_corrupt_0.75.png,real_corrupt_0.75,18346,0.75,366,False,0.23075544834136963,0.0004984671832062304,False,0.3565285379202502,3452.72998046875,6456.96875,6193.73046875,6193.73046875,238.85565185546875
356,images/0356_real_corrupt_0.75.png,real_corrupt_0.75,27925,0.75,558,False,0.1643354445695877,0.0004524298128671944,False,0.1532447224394058,3657.98291015625,6407.2568359375,5826.197265625,5826.197265625,272.78155517578125
357,images/0357_real_corrupt_0.75.png,real_corrupt_0.75,33656,0.75,673,False,0.2544156312942505,0.0004598841769620776,False,0.43666927286942925,3358.73388671875,6370.3388671875,5586.076171875,5586.076171875,341.5514831542969
358,images/0358_real_corrupt_0.75.png,real_corrupt_0.75,32154,0.75,643,False,0.22160673141479492,0.00024673884036019444,False,0.18803752931978107,3813.9873046875,6581.2353515625,6119.03857421875,6119.03857421875,250.352783203125
359,images/0359_real_corrupt_0.75.png,real_corrupt_0.75,6316,0.75,126,False,0.26250186562538147,0.0010473141446709633,False,0.5762314308053167,4234.62109375,6750.6826171875,6217.890625,6217.890625,226.8028106689453
360,images/0360_real_corrupt_0.75.png,real_corrupt_0.75,32802,0.75,656,False,0.20923663675785065,0.00023338777828030288,False,0.14777169663799844,3406.34326171875,6365.330078125,6048.6279296875,6048.6279296875,229.10678100585938
361,images/0361_real_corrupt_0.75.png,real_corrupt_0.75,30053,0.75,601,False,0.24848265945911407,0.0004536453925538808,False,0.4104769351055512,4358.646484375,7176.67822265625,6684.64697265625,6684.64697265625,237.67413330078125
362,images/0362_real_corrupt_0.75.png,real_corrupt_0.75,8924,0.75,178,False,0.2530795633792877,0.0021511937957257032,False,0.6051602814698984,2801.30908203125,5698.64501953125,5391.55859375,5391.55859375,282.6942443847656
363,images/0363_real_corrupt_0.75.png,real_corrupt_0.75,45240,0.75,904,False,0.22561389207839966,0.0009391176281496882,False,0.4132134480062549,3299.20947265625,6150.0849609375,5811.1484375,5811.1484375,268.9113464355469
364,images/0364_real_corrupt_0.75.png,real_corrupt_0.75,40139,0.75,802,False,0.25581860542297363,0.00032848966657184064,False,0.37138389366692726,3521.740966796875,6601.68359375,6215.31982421875,6215.31982421875,229.672607421875
365,images/0365_real_corrupt_0.75.png,real_corrupt_0.75,49094,0.75,981,False,0.19657327234745026,0.0002774451859295368,False,0.12118842845973417,3574.670654296875,6649.86962890625,6329.7255859375,6329.7255859375,224.21591186523438
366,images/0366_real_corrupt_0.75.png,real_corrupt_0.75,27257,0.75,545,False,0.2308223992586136,0.00033066768082790077,False,0.2748240813135262,3488.317138671875,6417.0498046875,5822.4169921875,5822.4169921875,250.38975524902344
367,images/0367_real_corrupt_0.75.png,real_corrupt_0.75,41559,0.75,831,False,0.2320370078086853,0.00038765204953961074,False,0.30414386239249414,4335.5859375,7384.0927734375,6796.0458984375,6796.0458984375,233.76795959472656
368,images/0368_real_corrupt_0.75.png,real_corrupt_0.75,43470,0.75,869,False,0.21302223205566406,0.0008089541806839406,False,0.3502736512900704,3071.7138671875,6321.7685546875,5861.646484375,5861.646484375,269.413330078125
369,images/0369_real_corrupt_0.75.png,real_corrupt_0.75,38740,0.75,774,False,0.2342744618654251,0.0006725204293616116,False,0.40383111806098515,3937.89013671875,6893.6630859375,6578.3115234375,6578.3115234375,228.85293579101562
370,images/0370_real_corrupt_0.75.png,real_corrupt_0.75,18229,0.75,364,False,0.2303086817264557,0.0012851664796471596,False,0.4749804534792807,3148.45263671875,5851.68115234375,5494.53662109375,5494.53662109375,230.81442260742188
371,images/0371_real_corrupt_0.75.png,real_corrupt_0.75,1074,0.75,21,False,0.22015509009361267,0.001403989503160119,False,0.43471462079749806,3642.46923828125,7505.04296875,6485.7255859375,6485.7255859375,253.69097900390625
372,images/0372_real_corrupt_0.75.png,real_corrupt_0.75,38610,0.75,772,False,0.18133215606212616,0.000685298815369606,False,0.23103987490226738,4848.0400390625,7458.416015625,6909.5703125,6909.5703125,224.7200164794922
373,images/0373_real_corrupt_0.75.png,real_corrupt_0.75,37135,0.75,742,False,0.22667722404003143,0.0003432433004491031,False,0.2677873338545739,4133.44384765625,7183.93017578125,6590.962890625,6590.962890625,259.345458984375
374,images/0374_real_corrupt_0.75.png,real_corrupt_0.75,48672,0.75,973,False,0.24063530564308167,0.0005359408678486943,False,0.4065676309616888,2338.70458984375,5208.70947265625,4878.12548828125,4878.12548828125,280.48590087890625
375,images/0375_real_corrupt_0.75.png,real_corrupt_0.75,32843,0.75,656,False,0.19867074489593506,0.0002787463890854269,False,0.12783424550430023,2800.59423828125,5759.5810546875,5433.49853515625,5433.49853515625,314.6306457519531
376,images/0376_real_corrupt_0.75.png,real_corrupt_0.75,42527,0.75,850,False,0.22462274134159088,0.0003724668640643358,False,0.2732603596559813,3723.1220703125,6659.4501953125,6323.1826171875,6323.1826171875,230.0825958251953
377,images/0377_real_corrupt_0.75.png,real_corrupt_0.75,34226,0.75,684,False,0.22227124869823456,0.00018254228052683175,False,0.17161845191555902,4606.71435546875,7454.0966796875,6690.91064453125,6690.91064453125,244.7797393798828
378,images/0378_real_corrupt_0.75.png,real_corrupt_0.75,35067,0.75,701,False,0.21510358154773712,0.00045630658860318363,False,0.2814698983580923,3826.822265625,7339.1591796875,6614.390625,6614.390625,266.3096008300781
379,images/0379_real_corrupt_0.75.png,real_corrupt_0.75,37023,0.75,740,False,0.14966441690921783,0.00038941612001508474,False,0.10906958561376075,3376.251953125,6113.3447265625,5527.453125,5527.453125,317.7074890136719
380,images/0380_real_corrupt_0.75.png,real_corrupt_0.75,22695,0.75,453,False,0.19609113037586212,0.0002945539017673582,False,0.1293979671618452,3619.109130859375,6485.52734375,6032.2861328125,6032.2861328125,228.88043212890625
381,images/0381_real_corrupt_0.75.png,real_corrupt_0.75,4866,0.75,97,False,0.1947830617427826,0.000887382251676172,False,0.2951524628616106,3122.474609375,6074.091796875,5876.1591796875,5876.1591796875,265.0858459472656
382,images/0382_real_corrupt_0.75.png,real_corrupt_0.75,16499,0.75,329,False,0.2130703628063202,0.0031206971034407616,False,0.4796716184519156,3130.23291015625,5925.2001953125,5662.205078125,5662.205078125,251.95474243164062
383,images/0383_real_corrupt_0.75.png,real_corrupt_0.75,6930,0.75,138,False,0.18443726003170013,0.0012067545903846622,False,0.3096168881939015,2968.197998046875,6182.51171875,5755.50390625,5755.50390625,253.4847869873047
384,images/0384_generated_none_corrupt_0.25.png,generated_none_corrupt_0.25,17150,0.25,343,False,0.18138186633586884,0.0006966264336369932,False,0.2341673182173573,2954.06396484375,5912.26220703125,5656.0986328125,5656.0986328125,256.16607666015625
385,images/0385_generated_none_corrupt_0.25.png,generated_none_corrupt_0.25,11728,0.25,234,False,0.23894478380680084,0.0031517415773123503,False,0.5820953870211103,3659.89013671875,6763.9482421875,6418.9453125,6418.9453125,250.55911254882812
386,images/0386_generated_none_corrupt_0.25.png,generated_none_corrupt_0.25,43251,0.25,865,False,0.2588540017604828,0.00017817530897445977,False,0.3139171227521501,2723.24609375,5337.4560546875,4995.9033203125,4995.9033203125,233.42111206054688
387,images/0387_generated_none_corrupt_0.25.png,generated_none_corrupt_0.25,16597,0.25,331,False,0.21665456891059875,0.0028741941787302494,False,0.4847537138389367,3545.876708984375,6582.833984375,6136.7431640625,6136.7431640625,232.38662719726562
388,images/0388_generated_none_corrupt_0.25.png,generated_none_corrupt_0.25,31060,0.25,621,False,0.28116777539253235,0.0006836233660578728,False,0.5684128225175918,3667.250732421875,6247.078125,5938.7529296875,5938.7529296875,227.50503540039062
389,images/0389_generated_none_corrupt_0.25.png,generated_none_corrupt_0.25,31374,0.25,627,False,0.232085719704628,0.00015029711357783526,False,0.20132916340891321,3390.92236328125,6303.646484375,6011.33056640625,6011.33056640625,250.76828002929688
390,images/0390_generated_none_corrupt_0.25.png,generated_none_corrupt_0.25,28500,0.25,570,False,0.18342632055282593,0.000587827991694212,False,0.217357310398749,3920.7490234375,6668.046875,6133.16259765625,6133.16259765625,264.5565185546875
391,images/0391_generated_none_corrupt_0.25.png,generated_none_corrupt_0.25,4138,0.25,82,False,0.18221302330493927,0.004793936852365732,False,0.4053948397185301,3070.966064453125,6057.3310546875,5653.35595703125,5653.35595703125,245.7091827392578
392,images/0392_generated_none_corrupt_0.25.png,generated_none_corrupt_0.25,1450,0.25,29,False,0.26670318841934204,0.008385960943996906,False,0.7251759186864738,2804.2646484375,6072.212890625,5747.9482421875,5747.9482421875,299.04150390625
393,images/0393_generated_none_corrupt_0.25.png,generated_none_corrupt_0.25,25737,0.25,514,False,0.1787249743938446,0.0010000534821301699,False,0.26935105551211885,3457.5439453125,6176.93798828125,5837.455078125,5837.455078125,257.7611999511719
394,images/0394_generated_none_corrupt_0.25.png,generated_none_corrupt_0.25,10291,0.25,205,False,0.20789708197116852,0.002205724362283945,False,0.436278342455043,3066.460693359375,6124.6005859375,5876.716796875,5876.716796875,257.8558654785156
395,images/0395_generated_none_corrupt_0.25.png,generated_none_corrupt_0.25,48399,0.25,967,False,0.21599620580673218,0.0005638378788717091,False,0.3127443315089914,3420.32373046875,6502.7421875,6107.533203125,6107.533203125,308.9601135253906
396,images/0396_generated_none_corrupt_0.25.png,generated_none_corrupt_0.25,15865,0.25,317,False,0.21867389976978302,0.0005308795953169465,False,0.3123534010946052,4391.20703125,7535.25146484375,7123.8271484375,7123.8271484375,248.0496063232422
397,images/0397_generated_none_corrupt_0.25.png,generated_none_corrupt_0.25,11390,0.25,227,False,0.25097373127937317,0.0020441794767975807,False,0.5934323690383112,3228.63916015625,6206.8173828125,5959.0048828125,5959.0048828125,239.9407501220703
398,images/0398_generated_none_corrupt_0.25.png,generated_none_corrupt_0.25,33665,0.25,673,False,0.1291547566652298,0.0003067711368203163,False,0.06958561376075059,4630.6455078125,7642.25048828125,6835.6416015625,6835.6416015625,262.3382263183594
399,images/0399_generated_none_corrupt_0.25.png,generated_none_corrupt_0.25,20012,0.25,400,False,0.1828147917985916,0.00024547576322220266,False,0.06606724003127443,3464.551513671875,6275.1455078125,5894.02880859375,5894.02880859375,262.65789794921875
400,images/0400_generated_none_corrupt_0.25.png,generated_none_corrupt_0.25,8050,0.25,161,False,0.17679665982723236,0.003949477802962065,False,0.38193901485535575,3477.28369140625,6412.38037109375,6120.60888671875,6120.60888671875,257.1631774902344
401,images/0401_generated_none_corrupt_0.25.png,generated_none_corrupt_0.25,43881,0.25,877,False,0.22614848613739014,0.0002914900833275169,False,0.23924941360437843,3939.7666015625,6279.73193359375,5962.06787109375,5962.06787109375,236.81320190429688
402,images/0402_generated_none_corrupt_0.25.png,generated_none_corrupt_0.25,4238,0.25,84,False,0.20558176934719086,0.0024188123643398285,False,0.4323690383111806,3104.42578125,5708.755859375,5578.97900390625,5578.97900390625,242.61598205566406
403,images/0403_generated_none_corrupt_0.25.png,generated_none_corrupt_0.25,31122,0.25,622,False,0.19997647404670715,0.0007113011670298874,False,0.282642689601251,3526.25537109375,7010.1787109375,6523.4072265625,6523.4072265625,315.85931396484375
404,images/0404_generated_none_corrupt_0.25.png,generated_none_corrupt_0.25,13022,0.25,260,False,0.19222185015678406,0.004709692671895027,False,0.4229867083659109,3529.37841796875,6514.33837890625,6141.7861328125,6141.7861328125,238.31797790527344
405,images/0405_generated_none_corrupt_0.25.png,generated_none_corrupt_0.25,46286,0.25,925,False,0.1916789412498474,0.0003662952221930027,False,0.14816262705238467,4000.66650390625,7541.31005859375,6925.0419921875,6925.0419921875,267.87213134765625
406,images/0406_generated_none_corrupt_0.25.png,generated_none_corrupt_0.25,29271,0.25,585,False,0.23368948698043823,0.0003473445540294051,False,0.2951524628616107,4241.30078125,6890.78515625,6306.951171875,6306.951171875,265.53656005859375
407,images/0407_generated_none_corrupt_0.25.png,generated_none_corrupt_0.25,10108,0.25,202,False,0.20431625843048096,0.006874985061585903,False,0.48318999218139175,3437.5380859375,6489.30517578125,6181.458984375,6181.458984375,250.5411834716797
408,images/0408_generated_none_corrupt_0.25.png,generated_none_corrupt_0.25,37964,0.25,759,False,0.23701466619968414,0.00022116301988717169,False,0.2400312744331509,3603.005859375,7129.73291015625,6699.33837890625,6699.33837890625,233.2635955810547
409,images/0409_generated_none_corrupt_0.25.png,generated_none_corrupt_0.25,45563,0.25,911,False,0.2183307707309723,0.0007813196280039847,False,0.3639562157935887,3795.6943359375,6738.3310546875,6428.7392578125,6428.7392578125,254.00608825683594
410,images/0410_generated_none_corrupt_0.25.png,generated_none_corrupt_0.25,35970,0.25,719,False,0.25299713015556335,0.0006735502392984927,False,0.4800625488663018,4109.783203125,7221.79296875,6587.9072265625,6587.9072265625,273.3934020996094
411,images/0411_generated_none_corrupt_0.25.png,generated_none_corrupt_0.25,48905,0.25,978,False,0.23605288565158844,0.00034237871295772493,False,0.30101641907740423,3121.0166015625,6393.3544921875,6018.74658203125,6018.74658203125,303.6549377441406
412,images/0412_generated_none_corrupt_0.25.png,generated_none_corrupt_0.25,47333,0.25,946,False,0.19319936633110046,0.0010118462378159165,False,0.30453479280688034,3385.508056640625,6127.4755859375,5635.8037109375,5635.8037109375,248.03469848632812
413,images/0413_generated_none_corrupt_0.25.png,generated_none_corrupt_0.25,48411,0.25,968,False,0.21394440531730652,0.00034163898089900613,False,0.21462079749804536,4366.501953125,7228.86328125,6717.80078125,6717.80078125,256.4145812988281
414,images/0414_generated_none_corrupt_0.25.png,generated_none_corrupt_0.25,45623,0.25,912,False,0.2418258786201477,0.0009683861280791461,False,0.48240813135261923,3558.3203125,6359.2548828125,6130.10791015625,6130.10791015625,228.8199462890625
415,images/0415_generated_none_corrupt_0.25.png,generated_none_corrupt_0.25,48971,0.25,979,False,0.2312125563621521,0.0010736195836216211,False,0.4573885848318999,3315.67041015625,6350.068359375,5970.70361328125,5970.70361328125,250.4884796142578
416,images/0416_generated_none_corrupt_0.25.png,generated_none_corrupt_0.25,23779,0.25,475,False,0.1887662559747696,0.0004149526357650757,False,0.1653635652853792,3723.578857421875,6800.80078125,6432.34765625,6432.34765625,278.4722900390625
417,images/0417_generated_none_corrupt_0.25.png,generated_none_corrupt_0.25,5963,0.25,119,False,0.20098555088043213,0.001169709488749504,False,0.3514464425332291,2515.7216796875,5285.35498046875,5022.18896484375,5022.18896484375,241.87635803222656
418,images/0418_generated_none_corrupt_0.25.png,generated_none_corrupt_0.25,48655,0.25,973,False,0.21430988609790802,0.0003207279078196734,False,0.2060203283815481,3010.631591796875,5880.63671875,5525.2119140625,5525.2119140625,223.0076446533203
419,images/0419_generated_none_corrupt_0.25.png,generated_none_corrupt_0.25,18346,0.25,366,False,0.18107865750789642,0.000539680477231741,False,0.19663799843627833,3103.184814453125,6107.42333984375,5852.7216796875,5852.7216796875,275.2760925292969
420,images/0420_generated_none_corrupt_0.25.png,generated_none_corrupt_0.25,27925,0.25,558,False,0.16596081852912903,0.0006308857700787485,False,0.199374511336982,3618.083984375,6367.35791015625,5793.82275390625,5793.82275390625,267.00592041015625
421,images/0421_generated_none_corrupt_0.25.png,generated_none_corrupt_0.25,33656,0.25,673,False,0.23045538365840912,0.0004881066270172596,False,0.35222830336200156,5004.08544921875,8015.6904296875,7193.546875,7193.546875,253.5778045654297
422,images/0422_generated_none_corrupt_0.25.png,generated_none_corrupt_0.25,32154,0.25,643,False,0.18496447801589966,0.00021649274276569486,False,0.05824863174354965,4020.519775390625,6787.76806640625,6323.5380859375,6323.5380859375,242.55104064941406
423,images/0423_generated_none_corrupt_0.25.png,generated_none_corrupt_0.25,6316,0.25,126,False,0.22613202035427094,0.0021231265272945166,False,0.5,3351.7802734375,5867.841796875,5351.30810546875,5351.30810546875,301.0231628417969
424,images/0424_generated_none_corrupt_0.25.png,generated_none_corrupt_0.25,32802,0.25,656,False,0.1832527220249176,0.000282857334241271,False,0.0926505082095387,2747.47119140625,5706.4580078125,5391.10009765625,5391.10009765625,272.34552001953125
425,images/0425_generated_none_corrupt_0.25.png,generated_none_corrupt_0.25,30053,0.25,601,False,0.2295440286397934,0.00043174359598197043,False,0.32212666145426117,4381.41650390625,7199.4482421875,6720.61474609375,6720.61474609375,243.33392333984375
426,images/0426_generated_none_corrupt_0.25.png,generated_none_corrupt_0.25,8924,0.25,178,False,0.18951940536499023,0.00219222460873425,False,0.36903831118060987,2931.90234375,5829.23828125,5534.48974609375,5534.48974609375,291.0965576171875
427,images/0427_generated_none_corrupt_0.25.png,generated_none_corrupt_0.25,45240,0.25,904,False,0.22376446425914764,0.003992608282715082,False,0.5328381548084441,3831.55078125,6682.42626953125,6343.7490234375,6343.7490234375,239.64117431640625
428,images/0428_generated_none_corrupt_0.25.png,generated_none_corrupt_0.25,40139,0.25,802,False,0.23851177096366882,0.00027836201479658484,False,0.2814698983580923,3188.06103515625,6268.00341796875,5880.0859375,5880.0859375,262.3161926269531
429,images/0429_generated_none_corrupt_0.25.png,generated_none_corrupt_0.25,49094,0.25,981,False,0.19187550246715546,0.0003219916543457657,False,0.1266614542611415,3097.92919921875,6173.1279296875,5847.32275390625,5847.32275390625,266.2687072753906
430,images/0430_generated_none_corrupt_0.25.png,generated_none_corrupt_0.25,27257,0.25,545,False,0.18125037848949432,0.00031716155353933573,False,0.10007818608287725,3698.2265625,6626.95947265625,6025.2294921875,6025.2294921875,243.7957000732422
431,images/0431_generated_none_corrupt_0.25.png,generated_none_corrupt_0.25,41559,0.25,831,False,0.1976385861635208,0.000472671672469005,False,0.22283033620015638,4220.4091796875,7268.916015625,6678.337890625,6678.337890625,252.2679901123047
432,images/0432_generated_none_corrupt_0.25.png,generated_none_corrupt_0.25,43470,0.25,869,False,0.21880599856376648,0.00048791032168082893,False,0.30218921032056295,3432.21435546875,6682.26904296875,6245.3466796875,6245.3466796875,245.62210083007812
433,images/0433_generated_none_corrupt_0.25.png,generated_none_corrupt_0.25,38740,0.25,774,False,0.25344711542129517,0.0005632704123854637,False,0.4593432369038311,3527.8759765625,6483.6484375,6168.8310546875,6168.8310546875,258.8548583984375
434,images/0434_generated_none_corrupt_0.25.png,generated_none_corrupt_0.25,18229,0.25,364,False,0.18822899460792542,0.0011093480279669166,False,0.3060985144644253,2895.057373046875,5598.2861328125,5242.447265625,5242.447265625,250.45455932617188
435,images/0435_generated_none_corrupt_0.25.png,generated_none_corrupt_0.25,1074,0.25,21,False,0.21376647055149078,0.0011660197051241994,False,0.40070367474589524,3270.05859375,7132.63232421875,6089.58740234375,6089.58740234375,286.8075256347656
436,images/0436_generated_none_corrupt_0.25.png,generated_none_corrupt_0.25,38610,0.25,772,False,0.20629341900348663,0.0008552942308597267,False,0.3326817826426896,3845.478515625,6455.8544921875,5923.5087890625,5923.5087890625,304.8359069824219
437,images/0437_generated_none_corrupt_0.25.png,generated_none_corrupt_0.25,37135,0.25,742,False,0.21009784936904907,0.0002645843487698585,False,0.16653635652853793,3062.18798828125,6112.67431640625,5508.47509765625,5508.47509765625,329.68060302734375
438,images/0438_generated_none_corrupt_0.25.png,generated_none_corrupt_0.25,48672,0.25,973,False,0.2333444207906723,0.0002495857188478112,False,0.23651290070367476,2734.81640625,5604.8212890625,5249.064453125,5249.064453125,260.4427185058594
439,images/0439_generated_none_corrupt_0.25.png,generated_none_corrupt_0.25,32843,0.25,656,False,0.20114925503730774,0.00025599755463190377,False,0.12079749804534792,3752.279052734375,6711.265625,6406.068359375,6406.068359375,256.0320739746094
440,images/0440_generated_none_corrupt_0.25.png,generated_none_corrupt_0.25,42527,0.25,850,False,0.24742980301380157,0.00034134736051782966,False,0.34323690383111805,3508.36474609375,6444.6923828125,6116.0791015625,6116.0791015625,256.9175109863281
441,images/0441_generated_none_corrupt_0.25.png,generated_none_corrupt_0.25,34226,0.25,684,False,0.23310235142707825,0.00020019598014187068,False,0.21579358874120408,4238.53955078125,7085.921875,6322.5908203125,6322.5908203125,276.91412353515625
442,images/0442_generated_none_corrupt_0.25.png,generated_none_corrupt_0.25,35067,0.25,701,False,0.1889539659023285,0.000560964341275394,False,0.21931196247068024,2972.44580078125,6484.7822265625,5733.73876953125,5733.73876953125,305.0356140136719
443,images/0443_generated_none_corrupt_0.25.png,generated_none_corrupt_0.25,37023,0.25,740,False,0.18883158266544342,0.000350853253621608,False,0.13604378420641125,4656.51806640625,7393.61083984375,6818.6845703125,6818.6845703125,232.31845092773438
444,images/0444_generated_none_corrupt_0.25.png,generated_none_corrupt_0.25,22695,0.25,453,False,0.22307176887989044,0.00024760584346950054,False,0.19859265050820954,3385.273193359375,6251.69140625,5796.708984375,5796.708984375,256.9277038574219
445,images/0445_generated_none_corrupt_0.25.png,generated_none_corrupt_0.25,4866,0.25,97,False,0.20356440544128418,0.0011220284504815936,False,0.35691946833463645,3434.9970703125,6386.6142578125,6181.984375,6181.984375,250.87158203125
446,images/0446_generated_none_corrupt_0.25.png,generated_none_corrupt_0.25,16499,0.25,329,False,0.16822420060634613,0.0008196069393306971,False,0.23729476153244722,3165.072021484375,5960.0390625,5710.4638671875,5710.4638671875,254.6217041015625
447,images/0447_generated_none_corrupt_0.25.png,generated_none_corrupt_0.25,6930,0.25,138,False,0.1527290791273117,0.0014971649507060647,False,0.2982799061767006,2753.47119140625,5967.78466796875,5533.20263671875,5533.20263671875,270.19842529296875
448,images/0448_generated_none_corrupt_0.75.png,generated_none_corrupt_0.75,17150,0.75,343,False,0.22475317120552063,0.0004799559246748686,False,0.32720875684128226,5606.4697265625,8564.66796875,8319.17578125,8319.17578125,260.11590576171875
449,images/0449_generated_none_corrupt_0.75.png,generated_none_corrupt_0.75,11728,0.75,234,False,0.241632342338562,0.0012633635196834803,False,0.5199374511336983,6261.142578125,9365.201171875,9047.5,9047.5,258.8438720703125
450,images/0450_generated_none_corrupt_0.75.png,generated_none_corrupt_0.75,43251,0.75,865,False,0.28644657135009766,0.00017065722204279155,False,0.38193901485535575,5080.58837890625,7694.798828125,7361.99755859375,7361.99755859375,250.61830139160156
451,images/0451_generated_none_corrupt_0.75.png,generated_none_corrupt_0.75,16597,0.75,331,False,0.2570483088493347,0.002500385046005249,False,0.6344800625488662,6008.3193359375,9045.2763671875,8639.1796875,8639.1796875,251.32171630859375
452,images/0452_generated_none_corrupt_0.75.png,generated_none_corrupt_0.75,31060,0.75,621,False,0.2783168852329254,0.0004178258532192558,False,0.48084440969507425,6002.5439453125,8582.37109375,8288.990234375,8288.990234375,247.68434143066406
453,images/0453_generated_none_corrupt_0.75.png,generated_none_corrupt_0.75,31374,0.75,627,False,0.2384699136018753,0.00016985430556815118,False,0.23143080531665364,6005.80322265625,8918.52734375,8642.4853515625,8642.4853515625,264.92437744140625
454,images/0454_generated_none_corrupt_0.75.png,generated_none_corrupt_0.75,28500,0.75,570,False,0.19494034349918365,0.00040668179281055927,False,0.17552775605942142,6797.5517578125,9544.849609375,9028.6728515625,9028.6728515625,265.5250244140625
455,images/0455_generated_none_corrupt_0.75.png,generated_none_corrupt_0.75,4138,0.75,82,False,0.18178017437458038,0.0019043690990656614,False,0.3455824863174355,5718.51318359375,8704.8779296875,8335.296875,8335.296875,251.94564819335938
456,images/0456_generated_none_corrupt_0.75.png,generated_none_corrupt_0.75,1450,0.75,29,False,0.2526632249355316,0.00934344157576561,False,0.6802189210320563,6078.63671875,9346.5849609375,9026.2333984375,9026.2333984375,299.73822021484375
457,images/0457_generated_none_corrupt_0.75.png,generated_none_corrupt_0.75,25737,0.75,514,False,0.17778483033180237,0.0014684830093756318,False,0.31196247068021893,6172.91650390625,8892.310546875,8555.1943359375,8555.1943359375,269.9506530761719
458,images/0458_generated_none_corrupt_0.75.png,generated_none_corrupt_0.75,10291,0.75,205,False,0.24364235997200012,0.0014531380729749799,False,0.5351837372947615,5791.4482421875,8849.587890625,8633.0146484375,8633.0146484375,270.39306640625
459,images/0459_generated_none_corrupt_0.75.png,generated_none_corrupt_0.75,48399,0.75,967,False,0.1913352608680725,0.000448224222054705,False,0.19077404222048475,6693.24658203125,9775.6650390625,9339.109375,9339.109375,308.540771484375
460,images/0460_generated_none_corrupt_0.75.png,generated_none_corrupt_0.75,15865,0.75,317,False,0.223750039935112,0.0008990601636469364,False,0.40226739640344017,7233.732421875,10377.77734375,9949.1083984375,9949.1083984375,256.7502136230469
461,images/0461_generated_none_corrupt_0.75.png,generated_none_corrupt_0.75,11390,0.75,227,False,0.23566478490829468,0.005471576936542988,False,0.5903049257232212,5797.3486328125,8775.52734375,8560.166015625,8560.166015625,252.0480194091797
462,images/0462_generated_none_corrupt_0.75.png,generated_none_corrupt_0.75,33665,0.75,673,False,0.1687595695257187,0.00041332573164254427,False,0.13330727130570758,7652.82470703125,10664.4296875,9851.6123046875,9851.6123046875,270.01959228515625
463,images/0463_generated_none_corrupt_0.75.png,generated_none_corrupt_0.75,20012,0.75,400,False,0.18552859127521515,0.0005456669023260474,False,0.21032056293979673,6417.900390625,9228.494140625,8843.296875,8843.296875,263.297119140625
464,images/0464_generated_none_corrupt_0.75.png,generated_none_corrupt_0.75,8050,0.75,161,False,0.15237535536289215,0.0017059559468179941,False,0.31039874902267395,6149.9423828125,9085.0390625,8788.6171875,8788.6171875,258.49664306640625
465,images/0465_generated_none_corrupt_0.75.png,generated_none_corrupt_0.75,43881,0.75,877,False,0.27886903285980225,0.00023548449098598212,False,0.390539483971853,6401.49755859375,8741.462890625,8425.701171875,8425.701171875,249.41578674316406
466,images/0466_generated_none_corrupt_0.75.png,generated_none_corrupt_0.75,4238,0.75,84,False,0.20539136230945587,0.0012453196104615927,False,0.3764659890539484,5629.6767578125,8234.0068359375,8138.591796875,8138.591796875,257.6824951171875
467,images/0467_generated_none_corrupt_0.75.png,generated_none_corrupt_0.75,31122,0.75,622,False,0.20039008557796478,0.0005660848692059517,False,0.25371383893666927,6928.16796875,10412.091796875,9958.3916015625,9958.3916015625,314.76470947265625
468,images/0468_generated_none_corrupt_0.75.png,generated_none_corrupt_0.75,13022,0.75,260,False,0.2302314043045044,0.0017722395714372396,False,0.5035183737294762,6103.2783203125,9088.23828125,8717.8203125,8717.8203125,249.16734313964844
469,images/0469_generated_none_corrupt_0.75.png,generated_none_corrupt_0.75,46286,0.75,925,False,0.18961527943611145,0.0006166991661302745,False,0.2310398749022674,7038.44580078125,10579.08984375,9970.58203125,9970.58203125,271.6921081542969
470,images/0470_generated_none_corrupt_0.75.png,generated_none_corrupt_0.75,29271,0.75,585,False,0.3140887916088104,0.0004402591730467975,False,0.5453479280688037,7096.025390625,9745.509765625,9182.244140625,9182.244140625,274.87225341796875
471,images/0471_generated_none_corrupt_0.75.png,generated_none_corrupt_0.75,10108,0.75,202,False,0.2220333367586136,0.0037991690915077925,False,0.517982799061767,6018.53759765625,9070.3046875,8774.1328125,8774.1328125,256.17156982421875
472,images/0472_generated_none_corrupt_0.75.png,generated_none_corrupt_0.75,37964,0.75,759,False,0.2238614857196808,0.00025290524354204535,False,0.20719311962470682,6180.5673828125,9707.294921875,9295.7265625,9295.7265625,259.64739990234375
473,images/0473_generated_none_corrupt_0.75.png,generated_none_corrupt_0.75,45563,0.75,911,False,0.23564429581165314,0.0009001895668916404,False,0.4409695074276779,6486.451171875,9429.087890625,9088.111328125,9088.111328125,257.4114074707031
474,images/0474_generated_none_corrupt_0.75.png,generated_none_corrupt_0.75,35970,0.75,719,False,0.25501328706741333,0.0006534694693982601,False,0.4843627834245504,7123.638671875,10235.6484375,9630.7421875,9630.7421875,272.18896484375
475,images/0475_generated_none_corrupt_0.75.png,generated_none_corrupt_0.75,48905,0.75,978,False,0.20771172642707825,0.000374006835045293,False,0.21032056293979673,6397.51220703125,9669.849609375,9305.85546875,9305.85546875,295.44580078125
476,images/0476_generated_none_corrupt_0.75.png,generated_none_corrupt_0.75,47333,0.75,946,False,0.24345478415489197,0.0012633780715987086,False,0.524628616106333,6059.5908203125,8801.55859375,8310.7294921875,8310.7294921875,263.7262878417969
477,images/0477_generated_none_corrupt_0.75.png,generated_none_corrupt_0.75,48411,0.75,968,False,0.19324226677417755,0.00040547747630625963,False,0.16692728694292416,7182.67578125,10045.037109375,9554.3681640625,9554.3681640625,255.9115753173828
478,images/0478_generated_none_corrupt_0.75.png,generated_none_corrupt_0.75,45623,0.75,912,False,0.20221257209777832,0.0008044825517572463,False,0.3080531665363565,6013.86962890625,8814.8046875,8581.712890625,8581.712890625,248.30787658691406
479,images/0479_generated_none_corrupt_0.75.png,generated_none_corrupt_0.75,48971,0.75,979,False,0.27191150188446045,0.0010653528152033687,False,0.6024237685691947,6121.37646484375,9155.7744140625,8787.0380859375,8787.0380859375,266.6777648925781
480,images/0480_generated_none_corrupt_0.75.png,generated_none_corrupt_0.75,23779,0.75,475,False,0.22288525104522705,0.0002676533185876906,False,0.21305707584050038,6773.4658203125,9850.6875,9467.083984375,9467.083984375,282.18060302734375
481,images/0481_generated_none_corrupt_0.75.png,generated_none_corrupt_0.75,5963,0.75,119,False,0.20227201282978058,0.001097293570637703,False,0.3498827208756841,5049.4541015625,7819.08740234375,7537.162109375,7537.162109375,251.79556274414062
482,images/0482_generated_none_corrupt_0.75.png,generated_none_corrupt_0.75,48655,0.75,973,False,0.17143960297107697,0.0003464343899395317,False,0.1055512118842846,5397.541015625,8267.5458984375,7914.17626953125,7914.17626953125,245.9468994140625
483,images/0483_generated_none_corrupt_0.75.png,generated_none_corrupt_0.75,18346,0.75,366,False,0.19730612635612488,0.0004171835316810757,False,0.19351055512118842,6034.529296875,9038.767578125,8775.4609375,8775.4609375,272.9159851074219
484,images/0484_generated_none_corrupt_0.75.png,generated_none_corrupt_0.75,27925,0.75,558,False,0.2133893370628357,0.0007239808910526335,False,0.33815480844409695,6526.8173828125,9276.091796875,8701.8046875,8701.8046875,271.0184326171875
485,images/0485_generated_none_corrupt_0.75.png,generated_none_corrupt_0.75,33656,0.75,673,False,0.2696791887283325,0.00042782427044585347,False,0.46442533229085226,7837.0673828125,10848.671875,10020.6298828125,10020.6298828125,257.5240478515625
486,images/0486_generated_none_corrupt_0.75.png,generated_none_corrupt_0.75,32154,0.75,643,False,0.2065747082233429,0.00022862537298351526,False,0.12978889757623144,6701.7763671875,9469.0244140625,9007.7958984375,9007.7958984375,251.5117950439453
487,images/0487_generated_none_corrupt_0.75.png,generated_none_corrupt_0.75,6316,0.75,126,False,0.21641957759857178,0.0048217508010566235,False,0.5117279124315872,6469.09130859375,8985.15234375,8480.7744140625,8480.7744140625,326.70782470703125
488,images/0488_generated_none_corrupt_0.75.png,generated_none_corrupt_0.75,32802,0.75,656,False,0.2066211849451065,0.0002982835576403886,False,0.1712275215011728,5605.693359375,8564.6796875,8255.150390625,8255.150390625,265.0152893066406
489,images/0489_generated_none_corrupt_0.75.png,generated_none_corrupt_0.75,30053,0.75,601,False,0.27172422409057617,0.0005331000429578125,False,0.5113369820172009,7080.1123046875,9898.14453125,9432.7265625,9432.7265625,253.07278442382812
490,images/0490_generated_none_corrupt_0.75.png,generated_none_corrupt_0.75,8924,0.75,178,False,0.1943025439977646,0.0015098381554707885,False,0.35691946833463645,5956.82421875,8854.16015625,8558.03515625,8558.03515625,297.95037841796875
491,images/0491_generated_none_corrupt_0.75.png,generated_none_corrupt_0.75,45240,0.75,904,False,0.20879864692687988,0.0010794487316161394,False,0.3764659890539484,6336.8935546875,9187.76953125,8878.23046875,8878.23046875,251.5391387939453
492,images/0492_generated_none_corrupt_0.75.png,generated_none_corrupt_0.75,40139,0.75,802,False,0.17632867395877838,0.00022220447135623544,False,0.040265832681782646,5951.810546875,9031.7529296875,8615.296875,8615.296875,264.4778747558594
493,images/0493_generated_none_corrupt_0.75.png,generated_none_corrupt_0.75,49094,0.75,981,False,0.22304239869117737,0.0002576360711827874,False,0.2060203283815481,5928.111328125,9003.310546875,8696.544921875,8696.544921875,263.0655517578125
494,images/0494_generated_none_corrupt_0.75.png,generated_none_corrupt_0.75,27257,0.75,545,False,0.18700546026229858,0.00036854250356554985,False,0.13956215793588742,6317.98046875,9246.712890625,8661.34765625,8661.34765625,252.9130096435547
495,images/0495_generated_none_corrupt_0.75.png,generated_none_corrupt_0.75,41559,0.75,831,False,0.20260243117809296,0.00040135416202247143,False,0.19624706802189212,6989.6318359375,10038.138671875,9458.4013671875,9458.4013671875,268.28082275390625
496,images/0496_generated_none_corrupt_0.75.png,generated_none_corrupt_0.75,43470,0.75,869,False,0.23920591175556183,0.0007173955091275275,False,0.4401876465989054,6226.9287109375,9476.9833984375,9040.591796875,9040.591796875,258.3101501464844
497,images/0497_generated_none_corrupt_0.75.png,generated_none_corrupt_0.75,38740,0.75,774,False,0.23783710598945618,0.00048422327381558716,False,0.37881157154026585,6410.8505859375,9366.623046875,9084.92578125,9084.92578125,266.79632568359375
498,images/0498_generated_none_corrupt_0.75.png,generated_none_corrupt_0.75,18229,0.75,364,False,0.20007522404193878,0.0010148307774215937,False,0.3244722439405786,5511.7626953125,8214.9912109375,7869.1572265625,7869.1572265625,264.76092529296875
499,images/0499_generated_none_corrupt_0.75.png,generated_none_corrupt_0.75,1074,0.75,21,False,0.23843534290790558,0.0010414185235276818,False,0.48240813135261923,6436.90234375,10299.4765625,9287.455078125,9287.455078125,273.0999755859375
500,images/0500_generated_none_corrupt_0.75.png,generated_none_corrupt_0.75,38610,0.75,772,False,0.22824572026729584,0.0014167774934321642,False,0.47107114933541827,7193.41552734375,9803.791015625,9280.326171875,9280.326171875,340.22418212890625
501,images/0501_generated_none_corrupt_0.75.png,generated_none_corrupt_0.75,37135,0.75,742,False,0.234490767121315,0.00045724742813035846,False,0.35496481626270526,6539.9931640625,9590.4794921875,9012.2578125,9012.2578125,336.2022705078125
502,images/0502_generated_none_corrupt_0.75.png,generated_none_corrupt_0.75,48672,0.75,973,False,0.24417144060134888,0.0003453427052590996,False,0.3397185301016419,5517.2373046875,8387.2421875,8030.6123046875,8030.6123046875,273.2561950683594
503,images/0503_generated_none_corrupt_0.75.png,generated_none_corrupt_0.75,32843,0.75,656,False,0.2618933618068695,0.00029150457703508437,False,0.3780297107114933,6439.029296875,9398.015625,9090.24609375,9090.24609375,265.0000305175781
504,images/0504_generated_none_corrupt_0.75.png,generated_none_corrupt_0.75,42527,0.75,850,False,0.24675461649894714,0.0003321685653645545,False,0.3358092259577795,6192.71435546875,9129.0419921875,8815.23046875,8815.23046875,268.0541076660156
505,images/0505_generated_none_corrupt_0.75.png,generated_none_corrupt_0.75,34226,0.75,684,False,0.26988112926483154,0.00036068964982405305,False,0.43393275996872555,7228.73583984375,10076.1181640625,9315.4609375,9315.4609375,274.95654296875
506,images/0506_generated_none_corrupt_0.75.png,generated_none_corrupt_0.75,35067,0.75,701,False,0.1923750787973404,0.0005065164295956492,False,0.2161845191555903,6420.69677734375,9933.033203125,9194.986328125,9194.986328125,303.3564147949219
507,images/0507_generated_none_corrupt_0.75.png,generated_none_corrupt_0.75,37023,0.75,740,False,0.17658329010009766,0.00038579257670789957,False,0.1235340109460516,7258.0302734375,9995.123046875,9443.7216796875,9443.7216796875,248.30165100097656
508,images/0508_generated_none_corrupt_0.75.png,generated_none_corrupt_0.75,22695,0.75,453,False,0.2252199649810791,0.00027712734299711883,False,0.22830336200156373,6089.6171875,8956.03515625,8512.857421875,8512.857421875,262.6560363769531
509,images/0509_generated_none_corrupt_0.75.png,generated_none_corrupt_0.75,4866,0.75,97,False,0.20115013420581818,0.0006877220002934337,False,0.2857701329163409,5979.87451171875,8931.4912109375,8752.095703125,8752.095703125,252.53231811523438
510,images/0510_generated_none_corrupt_0.75.png,generated_none_corrupt_0.75,16499,0.75,329,False,0.19410328567028046,0.0024804063141345978,False,0.39523064894448784,5835.5771484375,8630.5439453125,8384.5166015625,8384.5166015625,264.0193176269531
511,images/0511_generated_none_corrupt_0.75.png,generated_none_corrupt_0.75,6930,0.75,138,False,0.15008486807346344,0.0006411109352484345,False,0.19507427677873337,5600.009765625,8814.3232421875,8392.974609375,8392.974609375,273.1368408203125
512,images/0512_generated_dot_corrupt_0.25.png,generated_dot_corrupt_0.25,17150,0.25,343,False,0.18182557821273804,0.0006975014111958444,False,0.2380766223612197,3034.140869140625,5992.3388671875,5733.7392578125,5733.7392578125,254.81954956054688
513,images/0513_generated_dot_corrupt_0.25.png,generated_dot_corrupt_0.25,11728,0.25,234,False,0.23943978548049927,0.003139902837574482,False,0.5836591086786551,3643.869384765625,6747.927734375,6400.24853515625,6400.24853515625,250.9047393798828
514,images/0514_generated_dot_corrupt_0.25.png,generated_dot_corrupt_0.25,43251,0.25,865,False,0.25970104336738586,0.00017726646910887212,False,0.31508991399530883,2787.314453125,5401.5244140625,5059.4541015625,5059.4541015625,232.92047119140625
515,images/0515_generated_dot_corrupt_0.25.png,generated_dot_corrupt_0.25,16597,0.25,331,False,0.2210085391998291,0.0028052781708538532,False,0.49804534792806876,3428.70361328125,6465.66064453125,6016.5908203125,6016.5908203125,231.1676483154297
516,images/0516_generated_dot_corrupt_0.25.png,generated_dot_corrupt_0.25,31060,0.25,621,False,0.2814280092716217,0.000679118325933814,False,0.5691946833463644,3661.83154296875,6241.6591796875,5931.283203125,5931.283203125,227.529052734375
517,images/0517_generated_dot_corrupt_0.25.png,generated_dot_corrupt_0.25,31374,0.25,627,False,0.23022803664207458,0.00015196400636341423,False,0.1942924159499609,3467.42333984375,6380.1474609375,6081.970703125,6081.970703125,251.2132568359375
518,images/0518_generated_dot_corrupt_0.25.png,generated_dot_corrupt_0.25,28500,0.25,570,False,0.19547033309936523,0.000616017438005656,False,0.24941360437842064,3775.88134765625,6523.1787109375,5980.7080078125,5980.7080078125,254.11398315429688
519,images/0519_generated_dot_corrupt_0.25.png,generated_dot_corrupt_0.25,4138,0.25,82,False,0.19059374928474426,0.004835758823901415,False,0.42298670836591085,2944.35791015625,5930.72265625,5523.232421875,5523.232421875,245.1525421142578
520,images/0520_generated_dot_corrupt_0.25.png,generated_dot_corrupt_0.25,1450,0.25,29,False,0.2706722021102905,0.008111737668514252,False,0.733776387802971,3010.9921875,6278.9404296875,5950.9169921875,5950.9169921875,291.88128662109375
521,images/0521_generated_dot_corrupt_0.25.png,generated_dot_corrupt_0.25,25737,0.25,514,False,0.17900732159614563,0.0009997610468417406,False,0.26935105551211885,3444.076171875,6163.47021484375,5823.05859375,5823.05859375,254.93406677246094
522,images/0522_generated_dot_corrupt_0.25.png,generated_dot_corrupt_0.25,10291,0.25,205,False,0.20767410099506378,0.0021508389618247747,False,0.4311962470680219,3035.8720703125,6094.01171875,5840.15185546875,5840.15185546875,256.4419250488281
523,images/0523_generated_dot_corrupt_0.25.png,generated_dot_corrupt_0.25,48399,0.25,967,False,0.20866282284259796,0.0005351736908778548,False,0.2842064112587959,3852.74560546875,6935.1640625,6529.6767578125,6529.6767578125,303.72515869140625
524,images/0524_generated_dot_corrupt_0.25.png,generated_dot_corrupt_0.25,15865,0.25,317,False,0.24430105090141296,0.000493863073643297,False,0.40969507427677876,4074.66064453125,7218.705078125,6803.822265625,6803.822265625,243.73843383789062
525,images/0525_generated_dot_corrupt_0.25.png,generated_dot_corrupt_0.25,11390,0.25,227,False,0.24347412586212158,0.0016733364900574088,False,0.5504300234558248,3063.93310546875,6042.111328125,5786.76904296875,5786.76904296875,239.26123046875
526,images/0526_generated_dot_corrupt_0.25.png,generated_dot_corrupt_0.25,33665,0.25,673,False,0.14362463355064392,0.0002840917732100934,False,0.0598123534010946,4365.90771484375,7377.5126953125,6560.6494140625,6560.6494140625,255.04356384277344
527,images/0527_generated_dot_corrupt_0.25.png,generated_dot_corrupt_0.25,20012,0.25,400,False,0.1860439032316208,0.00023155484814196825,False,0.06724003127443315,3232.2666015625,6042.86083984375,5649.91015625,5649.91015625,264.6614685058594
528,images/0528_generated_dot_corrupt_0.25.png,generated_dot_corrupt_0.25,8050,0.25,161,False,0.17677153646945953,0.003952736034989357,False,0.38232994526974196,3501.587890625,6436.6845703125,6141.6943359375,6141.6943359375,253.7148895263672
529,images/0529_generated_dot_corrupt_0.25.png,generated_dot_corrupt_0.25,43881,0.25,877,False,0.23180392384529114,0.0003027535567525774,False,0.26622361219702895,3898.10498046875,6238.0703125,5908.79931640625,5908.79931640625,232.29124450683594
530,images/0530_generated_dot_corrupt_0.25.png,generated_dot_corrupt_0.25,4238,0.25,84,False,0.20754247903823853,0.002419880824163556,False,0.4405785770132916,3073.829345703125,5678.1591796875,5548.1650390625,5548.1650390625,245.0780029296875
531,images/0531_generated_dot_corrupt_0.25.png,generated_dot_corrupt_0.25,31122,0.25,622,False,0.19979722797870636,0.0006933687254786491,False,0.27912431587177483,3607.3623046875,7091.28564453125,6599.892578125,6599.892578125,314.2361755371094
532,images/0532_generated_dot_corrupt_0.25.png,generated_dot_corrupt_0.25,13022,0.25,260,False,0.19906651973724365,0.0049036587588489056,False,0.44878811571540267,3337.0283203125,6321.98828125,5938.478515625,5938.478515625,239.19837951660156
533,images/0533_generated_dot_corrupt_0.25.png,generated_dot_corrupt_0.25,46286,0.25,925,False,0.20930273830890656,0.0003709660959430039,False,0.21970289288506645,3711.151123046875,7251.794921875,6629.90771484375,6629.90771484375,269.1838684082031
534,images/0534_generated_dot_corrupt_0.25.png,generated_dot_corrupt_0.25,29271,0.25,585,False,0.2320348471403122,0.00034150725696235895,False,0.28342455043002346,4253.17333984375,6902.6572265625,6317.37890625,6317.37890625,262.30938720703125
535,images/0535_generated_dot_corrupt_0.25.png,generated_dot_corrupt_0.25,10108,0.25,202,False,0.20442509651184082,0.0068204523995518684,False,0.4847537138389367,3457.4404296875,6509.20751953125,6198.630859375,6198.630859375,247.11021423339844
536,images/0536_generated_dot_corrupt_0.25.png,generated_dot_corrupt_0.25,37964,0.25,759,False,0.2379528284072876,0.0002135258837370202,False,0.2431587177482408,3432.820556640625,6959.5478515625,6526.0341796875,6526.0341796875,233.31173706054688
537,images/0537_generated_dot_corrupt_0.25.png,generated_dot_corrupt_0.25,45563,0.25,911,False,0.22028326988220215,0.000821457477286458,False,0.37607505863956214,3761.23974609375,6703.87646484375,6387.31201171875,6387.31201171875,250.43728637695312
538,images/0538_generated_dot_corrupt_0.25.png,generated_dot_corrupt_0.25,35970,0.25,719,False,0.2568604648113251,0.0007000896730460227,False,0.5050820953870211,4017.86865234375,7129.87841796875,6490.7265625,6490.7265625,273.1192626953125
539,images/0539_generated_dot_corrupt_0.25.png,generated_dot_corrupt_0.25,48905,0.25,978,False,0.22842532396316528,0.0003388174227438867,False,0.2701329163408913,3347.15185546875,6619.48974609375,6243.34619140625,6243.34619140625,297.13189697265625
540,images/0540_generated_dot_corrupt_0.25.png,generated_dot_corrupt_0.25,47333,0.25,946,False,0.19577160477638245,0.0010308260098099709,False,0.31899921813917126,3350.5595703125,6092.52685546875,5594.1015625,5594.1015625,248.72669982910156
541,images/0541_generated_dot_corrupt_0.25.png,generated_dot_corrupt_0.25,48411,0.25,968,False,0.2170097976922989,0.0003418881678953767,False,0.22556684910086006,4179.3349609375,7041.6962890625,6528.36865234375,6528.36865234375,249.11239624023438
542,images/0542_generated_dot_corrupt_0.25.png,generated_dot_corrupt_0.25,45623,0.25,912,False,0.24726930260658264,0.001037877518683672,False,0.5132916340891321,3428.611328125,6229.5458984375,5996.669921875,5996.669921875,228.3168182373047
543,images/0543_generated_dot_corrupt_0.25.png,generated_dot_corrupt_0.25,48971,0.25,979,False,0.2375548928976059,0.0010260113049298525,False,0.47458952306489444,3093.111083984375,6127.50927734375,5738.4638671875,5738.4638671875,242.897216796875
544,images/0544_generated_dot_corrupt_0.25.png,generated_dot_corrupt_0.25,23779,0.25,475,False,0.18557599186897278,0.00044136474025435746,False,0.17787333854573886,3642.974609375,6720.1962890625,6341.1591796875,6341.1591796875,273.9568786621094
545,images/0545_generated_dot_corrupt_0.25.png,generated_dot_corrupt_0.25,5963,0.25,119,False,0.20476078987121582,0.0011157841654494405,False,0.3623924941360438,2417.9287109375,5187.56201171875,4910.61083984375,4910.61083984375,232.37156677246094
546,images/0546_generated_dot_corrupt_0.25.png,generated_dot_corrupt_0.25,48655,0.25,973,False,0.2229762226343155,0.0003246883861720562,False,0.24081313526192338,2901.6142578125,5771.619140625,5413.85009765625,5413.85009765625,222.04522705078125
547,images/0547_generated_dot_corrupt_0.25.png,generated_dot_corrupt_0.25,18346,0.25,366,False,0.18449869751930237,0.0005367342964746058,False,0.20719311962470682,3182.08349609375,6186.322265625,5928.080078125,5928.080078125,273.1434020996094
548,images/0548_generated_dot_corrupt_0.25.png,generated_dot_corrupt_0.25,27925,0.25,558,False,0.17720378935337067,0.0006392765208147466,False,0.2122752150117279,3772.65283203125,6521.9267578125,5939.78369140625,5939.78369140625,263.54022216796875
549,images/0549_generated_dot_corrupt_0.25.png,generated_dot_corrupt_0.25,33656,0.25,673,False,0.229350745677948,0.0004950911388732493,False,0.3502736512900704,4739.095703125,7750.70068359375,6926.22509765625,6926.22509765625,251.78091430664062
550,images/0550_generated_dot_corrupt_0.25.png,generated_dot_corrupt_0.25,32154,0.25,643,False,0.1921525001525879,0.00024026597384363413,False,0.08248631743549648,3764.794677734375,6532.04296875,6068.533203125,6068.533203125,243.35142517089844
551,images/0551_generated_dot_corrupt_0.25.png,generated_dot_corrupt_0.25,6316,0.25,126,False,0.21752986311912537,0.0023005346301943064,False,0.47028928850664586,3752.20361328125,6268.2646484375,5751.05859375,5751.05859375,291.4528503417969
552,images/0552_generated_dot_corrupt_0.25.png,generated_dot_corrupt_0.25,32802,0.25,656,False,0.18154168128967285,0.0002748325059656054,False,0.08131352619233777,2828.996337890625,5787.9833984375,5464.64794921875,5464.64794921875,267.60650634765625
553,images/0553_generated_dot_corrupt_0.25.png,generated_dot_corrupt_0.25,30053,0.25,601,False,0.24361297488212585,0.0004444899968802929,False,0.3862392494136044,4192.4765625,7010.50830078125,6526.43994140625,6526.43994140625,240.75534057617188
554,images/0554_generated_dot_corrupt_0.25.png,generated_dot_corrupt_0.25,8924,0.25,178,False,0.19124840199947357,0.002184735843911767,False,0.3737294761532447,3167.2890625,6064.625,5756.5087890625,5756.5087890625,267.3232727050781
555,images/0555_generated_dot_corrupt_0.25.png,generated_dot_corrupt_0.25,45240,0.25,904,False,0.22507315874099731,0.004787744022905827,False,0.5465207193119624,3698.85595703125,6549.7314453125,6194.3671875,6194.3671875,243.0706024169922
556,images/0556_generated_dot_corrupt_0.25.png,generated_dot_corrupt_0.25,40139,0.25,802,False,0.23591992259025574,0.0002750685380306095,False,0.2623143080531665,3213.008544921875,6292.951171875,5901.822265625,5901.822265625,264.0918273925781
557,images/0557_generated_dot_corrupt_0.25.png,generated_dot_corrupt_0.25,49094,0.25,981,False,0.1932055503129959,0.00030863709980621934,False,0.12705238467552776,3133.865234375,6209.064453125,5880.0166015625,5880.0166015625,262.3224182128906
558,images/0558_generated_dot_corrupt_0.25.png,generated_dot_corrupt_0.25,27257,0.25,545,False,0.18580903112888336,0.000295134203042835,False,0.10437842064112587,3559.5751953125,6488.30810546875,5876.6279296875,5876.6279296875,241.9044647216797
559,images/0559_generated_dot_corrupt_0.25.png,generated_dot_corrupt_0.25,41559,0.25,831,False,0.1994730681180954,0.00046661985106766224,False,0.22283033620015638,4206.36767578125,7254.87451171875,6663.7119140625,6663.7119140625,250.0891571044922
560,images/0560_generated_dot_corrupt_0.25.png,generated_dot_corrupt_0.25,43470,0.25,869,False,0.21813131868839264,0.0005029910826124251,False,0.30453479280688034,3214.8095703125,6464.8642578125,6019.3203125,6019.3203125,240.8775634765625
561,images/0561_generated_dot_corrupt_0.25.png,generated_dot_corrupt_0.25,38740,0.25,774,False,0.26724115014076233,0.0005805361433885992,False,0.5117279124315872,3300.0029296875,6255.775390625,5935.31689453125,5935.31689453125,257.609375
562,images/0562_generated_dot_corrupt_0.25.png,generated_dot_corrupt_0.25,18229,0.25,364,False,0.19063037633895874,0.0011195376282557845,False,0.31508991399530883,2936.402587890625,5639.630859375,5280.4306640625,5280.4306640625,244.8494415283203
563,images/0563_generated_dot_corrupt_0.25.png,generated_dot_corrupt_0.25,1074,0.25,21,False,0.21578839421272278,0.0012498442083597183,False,0.4120406567630962,3093.5205078125,6956.09423828125,5881.8271484375,5881.8271484375,275.77825927734375
564,images/0564_generated_dot_corrupt_0.25.png,generated_dot_corrupt_0.25,38610,0.25,772,False,0.2075311839580536,0.0008805929683148861,False,0.33854573885848316,4374.904296875,6985.2802734375,6443.890625,6443.890625,300.44384765625
565,images/0565_generated_dot_corrupt_0.25.png,generated_dot_corrupt_0.25,37135,0.25,742,False,0.20865590870380402,0.000342436193022877,False,0.20132916340891321,3828.4091796875,6878.8955078125,6280.9921875,6280.9921875,329.5882568359375
566,images/0566_generated_dot_corrupt_0.25.png,generated_dot_corrupt_0.25,48672,0.25,973,False,0.2338518351316452,0.0002876754733733833,False,0.2650508209538702,2864.11181640625,5734.11669921875,5376.431640625,5376.431640625,263.1566467285156
567,images/0567_generated_dot_corrupt_0.25.png,generated_dot_corrupt_0.25,32843,0.25,656,False,0.20192648470401764,0.00025372992968186736,False,0.11884284597341674,3868.49609375,6827.48291015625,6519.8232421875,6519.8232421875,256.2489318847656
568,images/0568_generated_dot_corrupt_0.25.png,generated_dot_corrupt_0.25,42527,0.25,850,False,0.2505279779434204,0.00034463865449652076,False,0.36161063330727133,3507.20849609375,6443.5361328125,6112.33154296875,6112.33154296875,255.26661682128906
569,images/0569_generated_dot_corrupt_0.25.png,generated_dot_corrupt_0.25,34226,0.25,684,False,0.23180745542049408,0.00020879472140222788,False,0.21618451915559028,4211.6708984375,7059.05322265625,6294.541015625,6294.541015625,274.3492431640625
570,images/0570_generated_dot_corrupt_0.25.png,generated_dot_corrupt_0.25,35067,0.25,701,False,0.17943114042282104,0.0004778530856128782,False,0.17591868647380765,3265.61181640625,6777.9482421875,6020.412109375,6020.412109375,301.3855895996094
571,images/0571_generated_dot_corrupt_0.25.png,generated_dot_corrupt_0.25,37023,0.25,740,False,0.20768168568611145,0.00034203421091660857,False,0.19468334636434714,4340.05712890625,7077.14990234375,6500.48046875,6500.48046875,230.878662109375
572,images/0572_generated_dot_corrupt_0.25.png,generated_dot_corrupt_0.25,22695,0.25,453,False,0.22879083454608917,0.00025607270072214305,False,0.22869429241594996,3397.252197265625,6263.669921875,5805.69921875,5805.69921875,248.36204528808594
573,images/0573_generated_dot_corrupt_0.25.png,generated_dot_corrupt_0.25,4866,0.25,97,False,0.20377451181411743,0.0010952118318527937,False,0.3518373729476153,3474.512451171875,6426.12939453125,6216.748046875,6216.748046875,249.15505981445312
574,images/0574_generated_dot_corrupt_0.25.png,generated_dot_corrupt_0.25,16499,0.25,329,False,0.16803163290023804,0.000837551720906049,False,0.24003127443315092,3218.214599609375,6013.181640625,5763.3017578125,5763.3017578125,252.84127807617188
575,images/0575_generated_dot_corrupt_0.25.png,generated_dot_corrupt_0.25,6930,0.25,138,False,0.15160825848579407,0.0015175625449046493,False,0.30140734949179043,2891.700439453125,6106.013671875,5670.26416015625,5670.26416015625,266.96014404296875
576,images/0576_generated_dot_corrupt_0.75.png,generated_dot_corrupt_0.75,17150,0.75,343,False,0.2251604199409485,0.0004783578624483198,False,0.32759968725566846,5631.22412109375,8589.421875,8344.064453125,8344.064453125,259.48773193359375
577,images/0577_generated_dot_corrupt_0.75.png,generated_dot_corrupt_0.75,11728,0.75,234,False,0.24155929684638977,0.00126973248552531,False,0.5215011727912432,6256.712890625,9360.771484375,9042.9208984375,9042.9208984375,259.17474365234375
578,images/0578_generated_dot_corrupt_0.75.png,generated_dot_corrupt_0.75,43251,0.75,865,False,0.28735485672950745,0.00017140794079750776,False,0.3842845973416732,5100.7783203125,7714.98828125,7381.76318359375,7381.76318359375,250.57106018066406
579,images/0579_generated_dot_corrupt_0.75.png,generated_dot_corrupt_0.75,16597,0.75,331,False,0.2552667558193207,0.0025162603706121445,False,0.6282251759186865,5969.94873046875,9006.90625,8599.64453125,8599.64453125,251.1431427001953
580,images/0580_generated_dot_corrupt_0.75.png,generated_dot_corrupt_0.75,31060,0.75,621,False,0.27883222699165344,0.00041806494118645787,False,0.48514464425332293,6003.6513671875,8583.478515625,8290.0234375,8290.0234375,247.6075897216797
581,images/0581_generated_dot_corrupt_0.75.png,generated_dot_corrupt_0.75,31374,0.75,627,False,0.23834356665611267,0.00017062673578038812,False,0.23182173573103987,6030.7802734375,8943.50390625,8667.4736328125,8667.4736328125,264.0029602050781
582,images/0582_generated_dot_corrupt_0.75.png,generated_dot_corrupt_0.75,28500,0.75,570,False,0.1932571679353714,0.0004092187446076423,False,0.17200938232994528,6735.57421875,9482.8720703125,8963.787109375,8963.787109375,261.98175048828125
583,images/0583_generated_dot_corrupt_0.75.png,generated_dot_corrupt_0.75,4138,0.75,82,False,0.1815050095319748,0.001921516377478838,False,0.344800625488663,5676.84326171875,8663.2080078125,8292.189453125,8292.189453125,251.84970092773438
584,images/0584_generated_dot_corrupt_0.75.png,generated_dot_corrupt_0.75,1450,0.75,29,False,0.25298115611076355,0.009133882820606232,False,0.6802189210320563,6140.39501953125,9408.34375,9086.166015625,9086.166015625,294.49261474609375
585,images/0585_generated_dot_corrupt_0.75.png,generated_dot_corrupt_0.75,25737,0.75,514,False,0.17712217569351196,0.0014657772844657302,False,0.31039874902267395,6164.0244140625,8883.41796875,8545.970703125,8545.970703125,268.9800720214844
586,images/0586_generated_dot_corrupt_0.75.png,generated_dot_corrupt_0.75,10291,0.75,205,False,0.24377934634685516,0.0014614256797358394,False,0.5371383893666928,5782.2646484375,8840.404296875,8622.5791015625,8622.5791015625,270.0170593261719
587,images/0587_generated_dot_corrupt_0.75.png,generated_dot_corrupt_0.75,48399,0.75,967,False,0.19273146986961365,0.00045523649896495044,False,0.20093823299452696,6844.1396484375,9926.55859375,9487.541015625,9487.541015625,303.8197937011719
588,images/0588_generated_dot_corrupt_0.75.png,generated_dot_corrupt_0.75,15865,0.75,317,False,0.22108548879623413,0.0008848961442708969,False,0.3858483189992181,7133.8017578125,10277.845703125,9848.189453125,9848.189453125,255.52560424804688
589,images/0589_generated_dot_corrupt_0.75.png,generated_dot_corrupt_0.75,11390,0.75,227,False,0.23599378764629364,0.005410020239651203,False,0.5938232994526974,5749.1064453125,8727.28515625,8511.236328125,8511.236328125,251.45372009277344
590,images/0590_generated_dot_corrupt_0.75.png,generated_dot_corrupt_0.75,33665,0.75,673,False,0.16764649748802185,0.0004121718811802566,False,0.13017982799061767,7565.0732421875,10576.677734375,9757.189453125,9757.189453125,265.9032897949219
591,images/0591_generated_dot_corrupt_0.75.png,generated_dot_corrupt_0.75,20012,0.75,400,False,0.18311679363250732,0.0005305554950609803,False,0.20132916340891321,6357.681640625,9168.275390625,8781.0,8781.0,262.26690673828125
592,images/0592_generated_dot_corrupt_0.75.png,generated_dot_corrupt_0.75,8050,0.75,161,False,0.15226301550865173,0.001708959462121129,False,0.3107896794370602,6150.251953125,9085.3486328125,8789.2412109375,8789.2412109375,257.7611999511719
593,images/0593_generated_dot_corrupt_0.75.png,generated_dot_corrupt_0.75,43881,0.75,877,False,0.27919241786003113,0.00023692892864346504,False,0.3936669272869429,6381.98291015625,8721.9482421875,8404.25,8404.25,248.72280883789062
594,images/0594_generated_dot_corrupt_0.75.png,generated_dot_corrupt_0.75,4238,0.75,84,False,0.20538383722305298,0.0012488859938457608,False,0.37646598905394835,5620.81884765625,8225.1484375,8129.162109375,8129.162109375,258.1672668457031
595,images/0595_generated_dot_corrupt_0.75.png,generated_dot_corrupt_0.75,31122,0.75,622,False,0.20017550885677338,0.0005681953625753522,False,0.25371383893666927,6969.166015625,10453.08984375,9994.23046875,9994.23046875,311.5923156738281
596,images/0596_generated_dot_corrupt_0.75.png,generated_dot_corrupt_0.75,13022,0.75,260,False,0.22843508422374725,0.0017863522516563535,False,0.49921813917122754,6048.818359375,9033.7783203125,8662.001953125,8662.001953125,249.04702758789062
597,images/0597_generated_dot_corrupt_0.75.png,generated_dot_corrupt_0.75,46286,0.75,925,False,0.18954500555992126,0.0006216064211912453,False,0.23182173573103987,6937.009765625,10477.6533203125,9866.3232421875,9866.3232421875,275.7190246582031
598,images/0598_generated_dot_corrupt_0.75.png,generated_dot_corrupt_0.75,29271,0.75,585,False,0.3140069842338562,0.00043934269342571497,False,0.5445660672400313,7100.98046875,9750.46484375,9187.833984375,9187.833984375,272.4421081542969
599,images/0599_generated_dot_corrupt_0.75.png,generated_dot_corrupt_0.75,10108,0.75,202,False,0.2219197303056717,0.0037582877557724714,False,0.5152462861610634,6020.06884765625,9071.8359375,8775.2763671875,8775.2763671875,255.17367553710938
600,images/0600_generated_dot_corrupt_0.75.png,generated_dot_corrupt_0.75,37964,0.75,759,False,0.22310727834701538,0.0002521377173252404,False,0.2001563721657545,6124.1201171875,9650.84765625,9238.947265625,9238.947265625,260.36529541015625
601,images/0601_generated_dot_corrupt_0.75.png,generated_dot_corrupt_0.75,45563,0.75,911,False,0.23475685715675354,0.000916562566999346,False,0.44175136825645034,6466.12255859375,9408.759765625,9066.5771484375,9066.5771484375,257.1952209472656
602,images/0602_generated_dot_corrupt_0.75.png,generated_dot_corrupt_0.75,35970,0.75,719,False,0.2551569938659668,0.0006522629410028458,False,0.4839718530101642,7094.2734375,10206.283203125,9599.8330078125,9599.8330078125,272.17218017578125
603,images/0603_generated_dot_corrupt_0.75.png,generated_dot_corrupt_0.75,48905,0.75,978,False,0.2077702134847641,0.00037598138442263007,False,0.21149335418295545,6468.609375,9740.947265625,9376.166015625,9376.166015625,292.19085693359375
604,images/0604_generated_dot_corrupt_0.75.png,generated_dot_corrupt_0.75,47333,0.75,946,False,0.24372929334640503,0.0012502766912803054,False,0.5250195465207194,6049.1806640625,8791.1484375,8299.0380859375,8299.0380859375,263.7808532714844
605,images/0605_generated_dot_corrupt_0.75.png,generated_dot_corrupt_0.75,48411,0.75,968,False,0.19335190951824188,0.0004049055860377848,False,0.1673182173573104,7107.7431640625,9970.1044921875,9478.689453125,9478.689453125,254.79478454589844
606,images/0606_generated_dot_corrupt_0.75.png,generated_dot_corrupt_0.75,45623,0.75,912,False,0.2022506147623062,0.0008107726462185383,False,0.31000781860828774,5973.84326171875,8774.77734375,8541.033203125,8541.033203125,248.2897491455078
607,images/0607_generated_dot_corrupt_0.75.png,generated_dot_corrupt_0.75,48971,0.75,979,False,0.2698521018028259,0.001028902130201459,False,0.5910867865519938,6041.56982421875,9075.9677734375,8705.46484375,8705.46484375,263.67950439453125
608,images/0608_generated_dot_corrupt_0.75.png,generated_dot_corrupt_0.75,23779,0.75,475,False,0.22102338075637817,0.00026681728195399046,False,0.20250195465207194,6754.5263671875,9831.748046875,9447.3349609375,9447.3349609375,279.2023620605469
609,images/0609_generated_dot_corrupt_0.75.png,generated_dot_corrupt_0.75,5963,0.75,119,False,0.20103447139263153,0.0010959130013361573,False,0.34245504300234564,5000.60546875,7770.23876953125,7486.935546875,7486.935546875,250.26669311523438
610,images/0610_generated_dot_corrupt_0.75.png,generated_dot_corrupt_0.75,48655,0.75,973,False,0.17119991779327393,0.0003508777008391917,False,0.10828772478498827,5360.6025390625,8230.607421875,7876.87109375,7876.87109375,245.70233154296875
611,images/0611_generated_dot_corrupt_0.75.png,generated_dot_corrupt_0.75,18346,0.75,366,False,0.19793535768985748,0.00041812725248746574,False,0.1970289288506646,6059.3095703125,9063.5478515625,8798.802734375,8798.802734375,271.7106018066406
612,images/0612_generated_dot_corrupt_0.75.png,generated_dot_corrupt_0.75,27925,0.75,558,False,0.21361982822418213,0.0007246167515404522,False,0.3389366692728694,6564.3837890625,9313.658203125,8749.455078125,8749.455078125,269.1534729003906
613,images/0613_generated_dot_corrupt_0.75.png,generated_dot_corrupt_0.75,33656,0.75,673,False,0.2702261805534363,0.00042775971814990044,False,0.4671618451915559,7750.98388671875,10762.5888671875,9935.224609375,9935.224609375,257.53643798828125
614,images/0614_generated_dot_corrupt_0.75.png,generated_dot_corrupt_0.75,32154,0.75,643,False,0.20526234805583954,0.0002262178750243038,False,0.12236121970289288,6623.892578125,9391.140625,8930.052734375,8930.052734375,251.4844207763672
615,images/0615_generated_dot_corrupt_0.75.png,generated_dot_corrupt_0.75,6316,0.75,126,False,0.21558603644371033,0.004820576868951321,False,0.508209538702111,6611.4521484375,9127.513671875,8617.40625,8617.40625,318.80145263671875
616,images/0616_generated_dot_corrupt_0.75.png,generated_dot_corrupt_0.75,32802,0.75,656,False,0.20774316787719727,0.0002977378899231553,False,0.1751368256450352,5631.5595703125,8590.546875,8280.15234375,8280.15234375,264.08721923828125
617,images/0617_generated_dot_corrupt_0.75.png,generated_dot_corrupt_0.75,30053,0.75,601,False,0.2708013951778412,0.0005343279335647821,False,0.5105551211884285,7016.59326171875,9834.625,9368.537109375,9368.537109375,252.4739990234375
618,images/0618_generated_dot_corrupt_0.75.png,generated_dot_corrupt_0.75,8924,0.75,178,False,0.19728100299835205,0.0015057586133480072,False,0.364347146207975,6018.22216796875,8915.55859375,8620.169921875,8620.169921875,285.9784851074219
619,images/0619_generated_dot_corrupt_0.75.png,generated_dot_corrupt_0.75,45240,0.75,904,False,0.20845210552215576,0.0010748831555247307,False,0.3745113369820172,6301.67724609375,9152.552734375,8839.5126953125,8839.5126953125,251.8668670654297
620,images/0620_generated_dot_corrupt_0.75.png,generated_dot_corrupt_0.75,40139,0.75,802,False,0.1765986829996109,0.00022108732082415372,False,0.04104769351055512,5964.3125,9044.2548828125,8626.564453125,8626.564453125,264.7593078613281
621,images/0621_generated_dot_corrupt_0.75.png,generated_dot_corrupt_0.75,49094,0.75,981,False,0.22340983152389526,0.0002566510811448097,False,0.20797498045347929,5926.9892578125,9002.1884765625,8692.703125,8692.703125,261.66510009765625
622,images/0622_generated_dot_corrupt_0.75.png,generated_dot_corrupt_0.75,27257,0.75,545,False,0.1873810589313507,0.0003688387223519385,False,0.1403440187646599,6272.328125,9201.060546875,8613.90234375,8613.90234375,253.00137329101562
623,images/0623_generated_dot_corrupt_0.75.png,generated_dot_corrupt_0.75,41559,0.75,831,False,0.20196354389190674,0.0004028156981803477,False,0.19155590304925724,6983.29931640625,10031.806640625,9452.3828125,9452.3828125,267.521240234375
624,images/0624_generated_dot_corrupt_0.75.png,generated_dot_corrupt_0.75,43470,0.75,869,False,0.23786413669586182,0.0007103750249370933,False,0.43197810789679436,6149.66650390625,9399.720703125,8961.7138671875,8961.7138671875,257.8219299316406
625,images/0625_generated_dot_corrupt_0.75.png,generated_dot_corrupt_0.75,38740,0.75,774,False,0.2362823337316513,0.0004822320770472288,False,0.37099296325254105,6340.74951171875,9296.5224609375,9013.6962890625,9013.6962890625,266.9078063964844
626,images/0626_generated_dot_corrupt_0.75.png,generated_dot_corrupt_0.75,18229,0.75,364,False,0.20032012462615967,0.0010218375828117132,False,0.3279906176700547,5519.9150390625,8223.1435546875,7875.75,7875.75,261.8520812988281
627,images/0627_generated_dot_corrupt_0.75.png,generated_dot_corrupt_0.75,1074,0.75,21,False,0.2389230579137802,0.0009988145902752876,False,0.4749804534792807,6371.34765625,10233.921875,9211.48828125,9211.48828125,267.4688720703125
628,images/0628_generated_dot_corrupt_0.75.png,generated_dot_corrupt_0.75,38610,0.75,772,False,0.22812879085540771,0.0014357243198901415,False,0.47068021892103207,7356.80419921875,9967.1796875,9441.734375,9441.734375,332.0394287109375
629,images/0629_generated_dot_corrupt_0.75.png,generated_dot_corrupt_0.75,37135,0.75,742,False,0.23627713322639465,0.00045458783279173076,False,0.36317435496481626,6806.5654296875,9857.0517578125,9277.125,9277.125,330.4066162109375
630,images/0630_generated_dot_corrupt_0.75.png,generated_dot_corrupt_0.75,48672,0.75,973,False,0.24572983384132385,0.00034320674603804946,False,0.3420641125879593,5560.853515625,8430.8583984375,8073.142578125,8073.142578125,273.78668212890625
631,images/0631_generated_dot_corrupt_0.75.png,generated_dot_corrupt_0.75,32843,0.75,656,False,0.2616448402404785,0.0002921226841863245,False,0.37685691946833466,6478.59423828125,9437.5810546875,9129.275390625,9129.275390625,264.7049865722656
632,images/0632_generated_dot_corrupt_0.75.png,generated_dot_corrupt_0.75,42527,0.75,850,False,0.24636580049991608,0.00033294889726676047,False,0.33541829554339325,6192.8408203125,9129.1689453125,8815.095703125,8815.095703125,266.87176513671875
633,images/0633_generated_dot_corrupt_0.75.png,generated_dot_corrupt_0.75,34226,0.75,684,False,0.2695039212703705,0.0003591516870073974,False,0.43119624706802184,7215.1552734375,10062.537109375,9301.0185546875,9301.0185546875,275.16754150390625
634,images/0634_generated_dot_corrupt_0.75.png,generated_dot_corrupt_0.75,35067,0.75,701,False,0.1922355741262436,0.0005084165604785085,False,0.2169663799843628,6522.85791015625,10035.1943359375,9293.9384765625,9293.9384765625,300.9646911621094
635,images/0635_generated_dot_corrupt_0.75.png,generated_dot_corrupt_0.75,37023,0.75,740,False,0.17479965090751648,0.0003865117905661464,False,0.12079749804534794,7157.767578125,9894.8603515625,9341.513671875,9341.513671875,247.6621856689453
636,images/0636_generated_dot_corrupt_0.75.png,generated_dot_corrupt_0.75,22695,0.75,453,False,0.2248774766921997,0.00027853072970174253,False,0.22869429241594996,6078.310546875,8944.728515625,8502.359375,8502.359375,260.4913024902344
637,images/0637_generated_dot_corrupt_0.75.png,generated_dot_corrupt_0.75,4866,0.75,97,False,0.20098578929901123,0.0006812031497247517,False,0.281078967943706,5989.0390625,8940.65625,8761.6875,8761.6875,252.39877319335938
638,images/0638_generated_dot_corrupt_0.75.png,generated_dot_corrupt_0.75,16499,0.75,329,False,0.19440025091171265,0.0024837686214596033,False,0.3964034401876466,5853.4716796875,8648.4384765625,8401.78125,8401.78125,263.1971740722656
639,images/0639_generated_dot_corrupt_0.75.png,generated_dot_corrupt_0.75,6930,0.75,138,False,0.14950701594352722,0.0006330392207019031,False,0.19194683346364347,5641.9990234375,8856.3125,8435.54296875,8435.54296875,271.5532531738281
640,images/0640_generated_direct_corrupt_0.25.png,generated_direct_corrupt_0.25,17150,0.25,343,False,0.18167801201343536,0.0006748102023266256,False,0.22986708365910868,3052.91748046875,6011.11572265625,5759.5146484375,5759.5146484375,256.93634033203125
641,images/0641_generated_direct_corrupt_0.25.png,generated_direct_corrupt_0.25,11728,0.25,234,False,0.2387111932039261,0.0032008783891797066,False,0.5805316653635653,3673.074951171875,6777.13330078125,6437.7353515625,6437.7353515625,251.43252563476562
642,images/0642_generated_direct_corrupt_0.25.png,generated_direct_corrupt_0.25,43251,0.25,865,False,0.2580035328865051,0.00017646417836658657,False,0.30844409695074276,2789.42822265625,5403.638671875,5063.6962890625,5063.6962890625,234.4627685546875
643,images/0643_generated_direct_corrupt_0.25.png,generated_direct_corrupt_0.25,16597,0.25,331,False,0.21936658024787903,0.0027642259374260902,False,0.4886630179827991,3483.24951171875,6520.20654296875,6076.84423828125,6076.84423828125,232.47215270996094
644,images/0644_generated_direct_corrupt_0.25.png,generated_direct_corrupt_0.25,31060,0.25,621,False,0.2821202278137207,0.0006781701231375337,False,0.5711493354182955,3682.96240234375,6262.7900390625,5957.13671875,5957.13671875,228.0960235595703
645,images/0645_generated_direct_corrupt_0.25.png,generated_direct_corrupt_0.25,31374,0.25,627,False,0.23057131469249725,0.00014604011084884405,False,0.19585613760750586,3483.347900390625,6396.072265625,6112.29296875,6112.29296875,246.73248291015625
646,images/0646_generated_direct_corrupt_0.25.png,generated_direct_corrupt_0.25,28500,0.25,570,False,0.19120243191719055,0.0006106358487159014,False,0.23377638780297105,3757.65087890625,6504.9482421875,5977.32177734375,5977.32177734375,259.0311584472656
647,images/0647_generated_direct_corrupt_0.25.png,generated_direct_corrupt_0.25,4138,0.25,82,False,0.18581916391849518,0.004837685264647007,False,0.41594996090695857,3008.659912109375,5995.0244140625,5594.52099609375,5594.52099609375,243.69349670410156
648,images/0648_generated_direct_corrupt_0.25.png,generated_direct_corrupt_0.25,1450,0.25,29,False,0.2654551863670349,0.008131567388772964,False,0.7208756841282251,2988.97216796875,6256.92041015625,5937.75,5937.75,296.21429443359375
649,images/0649_generated_direct_corrupt_0.25.png,generated_direct_corrupt_0.25,25737,0.25,514,False,0.18049509823322296,0.0010032951831817627,False,0.2736512900703675,3449.349365234375,6168.7431640625,5833.57861328125,5833.57861328125,255.656005859375
650,images/0650_generated_direct_corrupt_0.25.png,generated_direct_corrupt_0.25,10291,0.25,205,False,0.20734436810016632,0.002226981334388256,False,0.4327599687255669,3128.7861328125,6186.92578125,5943.9111328125,5943.9111328125,252.13050842285156
651,images/0651_generated_direct_corrupt_0.25.png,generated_direct_corrupt_0.25,48399,0.25,967,False,0.20941075682640076,0.0005599859287030995,False,0.2955433932759969,3867.1552734375,6949.57373046875,6561.4228515625,6561.4228515625,298.38690185546875
652,images/0652_generated_direct_corrupt_0.25.png,generated_direct_corrupt_0.25,15865,0.25,317,False,0.24639075994491577,0.0005049945903010666,False,0.4190774042220485,4118.41943359375,7262.4638671875,6856.8564453125,6856.8564453125,239.93463134765625
653,images/0653_generated_direct_corrupt_0.25.png,generated_direct_corrupt_0.25,11390,0.25,227,False,0.24625642597675323,0.0018109697848558426,False,0.5672400312744332,3101.4560546875,6079.634765625,5833.47119140625,5833.47119140625,239.17359924316406
654,images/0654_generated_direct_corrupt_0.25.png,generated_direct_corrupt_0.25,33665,0.25,673,False,0.14611244201660156,0.00027002516435459256,False,0.0527756059421423,4327.60546875,7339.21044921875,6545.87646484375,6545.87646484375,256.1056213378906
655,images/0655_generated_direct_corrupt_0.25.png,generated_direct_corrupt_0.25,20012,0.25,400,False,0.19067224860191345,0.00023235069238580763,False,0.07544956997654417,3385.94091796875,6196.53515625,5825.19921875,5825.19921875,255.76580810546875
656,images/0656_generated_direct_corrupt_0.25.png,generated_direct_corrupt_0.25,8050,0.25,161,False,0.17611604928970337,0.003901246702298522,False,0.37685691946833466,3515.87548828125,6450.97216796875,6162.0146484375,6162.0146484375,253.05841064453125
657,images/0657_generated_direct_corrupt_0.25.png,generated_direct_corrupt_0.25,43881,0.25,877,False,0.22839251160621643,0.00028630648739635944,False,0.24628616106333073,3877.289306640625,6217.2548828125,5909.23046875,5909.23046875,235.57632446289062
658,images/0658_generated_direct_corrupt_0.25.png,generated_direct_corrupt_0.25,4238,0.25,84,False,0.20382823050022125,0.002419175812974572,False,0.42259577795152464,3095.2763671875,5699.6064453125,5576.3056640625,5576.3056640625,245.8224334716797
659,images/0659_generated_direct_corrupt_0.25.png,generated_direct_corrupt_0.25,31122,0.25,622,False,0.19472083449363708,0.0007111152517609298,False,0.2705238467552776,3678.29833984375,7162.2216796875,6682.947265625,6682.947265625,312.7316589355469
660,images/0660_generated_direct_corrupt_0.25.png,generated_direct_corrupt_0.25,13022,0.25,260,False,0.19381041824817657,0.004960177931934595,False,0.4358874120406568,3354.5830078125,6339.54296875,5974.85302734375,5974.85302734375,235.30955505371094
661,images/0661_generated_direct_corrupt_0.25.png,generated_direct_corrupt_0.25,46286,0.25,925,False,0.20874954760074615,0.00035514854243956506,False,0.21071149335418293,3721.886474609375,7262.5302734375,6662.2119140625,6662.2119140625,268.8748779296875
662,images/0662_generated_direct_corrupt_0.25.png,generated_direct_corrupt_0.25,29271,0.25,585,False,0.23646974563598633,0.00033427844755351543,False,0.2978889757623143,4291.1875,6940.671875,6363.9560546875,6363.9560546875,259.2989196777344
663,images/0663_generated_direct_corrupt_0.25.png,generated_direct_corrupt_0.25,10108,0.25,202,False,0.20401319861412048,0.006436070892959833,False,0.4792806880375293,3473.427978515625,6525.1953125,6221.2666015625,6221.2666015625,246.93948364257812
664,images/0664_generated_direct_corrupt_0.25.png,generated_direct_corrupt_0.25,37964,0.25,759,False,0.2375299632549286,0.00021404614381026477,False,0.24003127443315092,3485.94970703125,7012.6767578125,6584.57568359375,6584.57568359375,230.7700958251953
665,images/0665_generated_direct_corrupt_0.25.png,generated_direct_corrupt_0.25,45563,0.25,911,False,0.22093231976032257,0.0008296158048324287,False,0.3784206411258796,3718.7373046875,6661.3740234375,6360.94482421875,6360.94482421875,251.4386444091797
666,images/0666_generated_direct_corrupt_0.25.png,generated_direct_corrupt_0.25,35970,0.25,719,False,0.25467637181282043,0.0006627230904996395,False,0.4859265050820954,4062.594970703125,7174.6044921875,6546.2294921875,6546.2294921875,273.9814453125
667,images/0667_generated_direct_corrupt_0.25.png,generated_direct_corrupt_0.25,48905,0.25,978,False,0.21848124265670776,0.0003069302183575928,False,0.21344800625488664,3391.3212890625,6663.6591796875,6294.2060546875,6294.2060546875,295.814208984375
668,images/0668_generated_direct_corrupt_0.25.png,generated_direct_corrupt_0.25,47333,0.25,946,False,0.19473645091056824,0.000983549514785409,False,0.3060985144644253,3372.9267578125,6114.89404296875,5625.5732421875,5625.5732421875,246.85458374023438
669,images/0669_generated_direct_corrupt_0.25.png,generated_direct_corrupt_0.25,48411,0.25,968,False,0.21605344116687775,0.00032772280974313617,False,0.2130570758405004,4196.38623046875,7058.748046875,6566.1220703125,6566.1220703125,249.93780517578125
670,images/0670_generated_direct_corrupt_0.25.png,generated_direct_corrupt_0.25,45623,0.25,912,False,0.24779565632343292,0.0010268338955938816,False,0.5132916340891321,3444.63427734375,6245.56884765625,6018.8203125,6018.8203125,227.4689483642578
671,images/0671_generated_direct_corrupt_0.25.png,generated_direct_corrupt_0.25,48971,0.25,979,False,0.23646174371242523,0.0010279581183567643,False,0.4702892885066458,3151.743896484375,6186.14208984375,5806.80810546875,5806.80810546875,239.94728088378906
672,images/0672_generated_direct_corrupt_0.25.png,generated_direct_corrupt_0.25,23779,0.25,475,False,0.1848926991224289,0.0004483212542254478,False,0.17865519937451135,3629.23779296875,6706.45947265625,6344.1455078125,6344.1455078125,275.4334411621094
673,images/0673_generated_direct_corrupt_0.25.png,generated_direct_corrupt_0.25,5963,0.25,119,False,0.2092505693435669,0.001086135394871235,False,0.38076622361219703,2366.02783203125,5135.6611328125,4877.05419921875,4877.05419921875,240.6531982421875
674,images/0674_generated_direct_corrupt_0.25.png,generated_direct_corrupt_0.25,48655,0.25,973,False,0.2180885225534439,0.0003031473606824875,False,0.2111024237685692,2913.63818359375,5783.64306640625,5429.94970703125,5429.94970703125,221.6586151123047
675,images/0675_generated_direct_corrupt_0.25.png,generated_direct_corrupt_0.25,18346,0.25,366,False,0.18337741494178772,0.0005455167265608907,False,0.20641125879593433,3139.680419921875,6143.9189453125,5900.443359375,5900.443359375,278.9163513183594
676,images/0676_generated_direct_corrupt_0.25.png,generated_direct_corrupt_0.25,27925,0.25,558,False,0.19039849936962128,0.0006745827849954367,False,0.2458952306489445,3848.42138671875,6597.6953125,6033.7353515625,6033.7353515625,244.21493530273438
677,images/0677_generated_direct_corrupt_0.25.png,generated_direct_corrupt_0.25,33656,0.25,673,False,0.22932976484298706,0.00048809824511408806,False,0.34753713838936673,4778.7216796875,7790.32666015625,6973.7978515625,6973.7978515625,249.15516662597656
678,images/0678_generated_direct_corrupt_0.25.png,generated_direct_corrupt_0.25,32154,0.25,643,False,0.19324924051761627,0.00024169973039533943,False,0.08795934323690383,3742.62353515625,6509.8720703125,6054.58935546875,6054.58935546875,245.7763671875
679,images/0679_generated_direct_corrupt_0.25.png,generated_direct_corrupt_0.25,6316,0.25,126,False,0.21157847344875336,0.0023586847819387913,False,0.4534792806880375,3732.28955078125,6248.3505859375,5751.5751953125,5751.5751953125,299.3906555175781
680,images/0680_generated_direct_corrupt_0.25.png,generated_direct_corrupt_0.25,32802,0.25,656,False,0.18433643877506256,0.0002808943681884557,False,0.09304143862392494,2852.783203125,5811.77001953125,5506.35400390625,5506.35400390625,265.6316223144531
681,images/0681_generated_direct_corrupt_0.25.png,generated_direct_corrupt_0.25,30053,0.25,601,False,0.24100320041179657,0.00044465839164331555,False,0.3784206411258796,4192.1376953125,7010.16943359375,6533.1552734375,6533.1552734375,242.4027099609375
682,images/0682_generated_direct_corrupt_0.25.png,generated_direct_corrupt_0.25,8924,0.25,178,False,0.18753044307231903,0.0021950271911919117,False,0.36708365910867863,3168.20654296875,6065.54248046875,5769.92578125,5769.92578125,275.0379943847656
683,images/0683_generated_direct_corrupt_0.25.png,generated_direct_corrupt_0.25,45240,0.25,904,False,0.2306874543428421,0.00439890893176198,False,0.5629397967161844,3787.3837890625,6638.25927734375,6306.41015625,6306.41015625,234.57986450195312
684,images/0684_generated_direct_corrupt_0.25.png,generated_direct_corrupt_0.25,40139,0.25,802,False,0.23607943952083588,0.0002801668888423592,False,0.27130570758405004,3255.99267578125,6335.93505859375,5950.470703125,5950.470703125,258.940185546875
685,images/0685_generated_direct_corrupt_0.25.png,generated_direct_corrupt_0.25,49094,0.25,981,False,0.19319309294223785,0.0003201250801794231,False,0.12861610633307272,3104.05029296875,6179.2490234375,5870.5712890625,5870.5712890625,265.2972106933594
686,images/0686_generated_direct_corrupt_0.25.png,generated_direct_corrupt_0.25,27257,0.25,545,False,0.18532080948352814,0.0002937868994195014,False,0.10125097732603597,3582.1923828125,6510.92529296875,5915.552734375,5915.552734375,242.39195251464844
687,images/0687_generated_direct_corrupt_0.25.png,generated_direct_corrupt_0.25,41559,0.25,831,False,0.19601747393608093,0.0004684463201556355,False,0.2161845191555903,4201.599609375,7250.1064453125,6672.0634765625,6672.0634765625,252.58079528808594
688,images/0688_generated_direct_corrupt_0.25.png,generated_direct_corrupt_0.25,43470,0.25,869,False,0.21594077348709106,0.000504787138197571,False,0.2978889757623143,3173.574951171875,6423.6298828125,5993.4580078125,5993.4580078125,244.16323852539062
689,images/0689_generated_direct_corrupt_0.25.png,generated_direct_corrupt_0.25,38740,0.25,774,False,0.2617286741733551,0.0006041271844878793,False,0.498436278342455,3329.075439453125,6284.84814453125,5980.4521484375,5980.4521484375,259.33599853515625
690,images/0690_generated_direct_corrupt_0.25.png,generated_direct_corrupt_0.25,18229,0.25,364,False,0.18927952647209167,0.001134296995587647,False,0.31352619233776385,2933.12060546875,5636.34912109375,5283.912109375,5283.912109375,248.15321350097656
691,images/0691_generated_direct_corrupt_0.25.png,generated_direct_corrupt_0.25,1074,0.25,21,False,0.23308201134204865,0.001337225898168981,False,0.4843627834245504,3201.797607421875,7064.37109375,6029.087890625,6029.087890625,268.3829650878906
692,images/0692_generated_direct_corrupt_0.25.png,generated_direct_corrupt_0.25,38610,0.25,772,False,0.21650086343288422,0.0009565285872668028,False,0.37685691946833466,4356.3291015625,6966.705078125,6442.0869140625,6442.0869140625,313.61749267578125
693,images/0693_generated_direct_corrupt_0.25.png,generated_direct_corrupt_0.25,37135,0.25,742,False,0.20628796517848969,0.000347939261700958,False,0.19468334636434714,3771.611328125,6822.09765625,6237.02392578125,6237.02392578125,346.05792236328125
694,images/0694_generated_direct_corrupt_0.25.png,generated_direct_corrupt_0.25,48672,0.25,973,False,0.23004582524299622,0.00028136291075497866,False,0.24902267396403438,2869.44091796875,5739.44580078125,5386.4052734375,5386.4052734375,263.17242431640625
695,images/0695_generated_direct_corrupt_0.25.png,generated_direct_corrupt_0.25,32843,0.25,656,False,0.20212456583976746,0.00025333144003525376,False,0.12118842845973415,3872.41650390625,6831.4033203125,6528.6669921875,6528.6669921875,255.80833435058594
696,images/0696_generated_direct_corrupt_0.25.png,generated_direct_corrupt_0.25,42527,0.25,850,False,0.24739539623260498,0.0003430639626458287,False,0.3459734167318217,3517.565185546875,6453.89306640625,6127.12548828125,6127.12548828125,256.82305908203125
697,images/0697_generated_direct_corrupt_0.25.png,generated_direct_corrupt_0.25,34226,0.25,684,False,0.23228023946285248,0.00021124699560459703,False,0.21853010164190775,4209.10205078125,7056.484375,6296.83935546875,6296.83935546875,275.84454345703125
698,images/0698_generated_direct_corrupt_0.25.png,generated_direct_corrupt_0.25,35067,0.25,701,False,0.180088073015213,0.00048562814481556416,False,0.18021892103205628,3316.148681640625,6828.4853515625,6096.0185546875,6096.0185546875,304.4028625488281
699,images/0699_generated_direct_corrupt_0.25.png,generated_direct_corrupt_0.25,37023,0.25,740,False,0.20430216193199158,0.0003637386253103614,False,0.18999218139171226,4326.529296875,7063.6220703125,6497.38037109375,6497.38037109375,238.60293579101562
700,images/0700_generated_direct_corrupt_0.25.png,generated_direct_corrupt_0.25,22695,0.25,453,False,0.2272430956363678,0.00026164762675762177,False,0.2259577795152463,3424.68408203125,6291.10205078125,5845.28125,5845.28125,244.9181365966797
701,images/0701_generated_direct_corrupt_0.25.png,generated_direct_corrupt_0.25,4866,0.25,97,False,0.2022574543952942,0.0011002887040376663,False,0.34988272087568417,3549.44873046875,6501.0654296875,6299.0927734375,6299.0927734375,244.62266540527344
702,images/0702_generated_direct_corrupt_0.25.png,generated_direct_corrupt_0.25,16499,0.25,329,False,0.16649241745471954,0.0008342108340002596,False,0.2380766223612197,3229.61279296875,6024.580078125,5778.0400390625,5778.0400390625,253.4925537109375
703,images/0703_generated_direct_corrupt_0.25.png,generated_direct_corrupt_0.25,6930,0.25,138,False,0.1527402549982071,0.0014949847245588899,False,0.2982799061767005,2929.93798828125,6144.25146484375,5716.025390625,5716.025390625,265.160400390625
704,images/0704_generated_direct_corrupt_0.75.png,generated_direct_corrupt_0.75,17150,0.75,343,False,0.22522136569023132,0.0004782093456014991,False,0.3279906176700547,5637.8046875,8596.0029296875,8352.35546875,8352.35546875,260.1173400878906
705,images/0705_generated_direct_corrupt_0.75.png,generated_direct_corrupt_0.75,11728,0.75,234,False,0.2412344366312027,0.0012730021262541413,False,0.5215011727912431,6267.02783203125,9371.0859375,9054.9365234375,9054.9365234375,259.0380859375
706,images/0706_generated_direct_corrupt_0.75.png,generated_direct_corrupt_0.75,43251,0.75,865,False,0.2873653173446655,0.00017054009367711842,False,0.3831118060985145,5105.14453125,7719.3544921875,7387.1376953125,7387.1376953125,250.67520141601562
707,images/0707_generated_direct_corrupt_0.75.png,generated_direct_corrupt_0.75,16597,0.75,331,False,0.25620442628860474,0.002502799965441227,False,0.6309616888193901,5988.35791015625,9025.314453125,8619.677734375,8619.677734375,251.4078826904297
708,images/0708_generated_direct_corrupt_0.75.png,generated_direct_corrupt_0.75,31060,0.75,621,False,0.2786933481693268,0.0004178101080469787,False,0.4839718530101642,6011.4716796875,8591.298828125,8298.86328125,8298.86328125,247.63258361816406
709,images/0709_generated_direct_corrupt_0.75.png,generated_direct_corrupt_0.75,31374,0.75,627,False,0.23735937476158142,0.00017074863717425615,False,0.22634870992963255,6035.986328125,8948.7109375,8676.15625,8676.15625,263.19775390625
710,images/0710_generated_direct_corrupt_0.75.png,generated_direct_corrupt_0.75,28500,0.75,570,False,0.19294112920761108,0.0004076683253515512,False,0.16653635652853793,6736.85546875,9484.1533203125,8968.611328125,8968.611328125,264.4591064453125
711,images/0711_generated_direct_corrupt_0.75.png,generated_direct_corrupt_0.75,4138,0.75,82,False,0.1825970709323883,0.0019111904548481107,False,0.34831899921813914,5695.251953125,8681.6171875,8312.3828125,8312.3828125,251.7340545654297
712,images/0712_generated_direct_corrupt_0.75.png,generated_direct_corrupt_0.75,1450,0.75,29,False,0.2531225085258484,0.009284703060984612,False,0.6817826426896012,6138.259765625,9406.2080078125,9087.376953125,9087.376953125,296.1923522949219
713,images/0713_generated_direct_corrupt_0.75.png,generated_direct_corrupt_0.75,25737,0.75,514,False,0.17725759744644165,0.0014700391329824924,False,0.3123534010946052,6167.880859375,8887.275390625,8552.1708984375,8552.1708984375,269.0155944824219
714,images/0714_generated_direct_corrupt_0.75.png,generated_direct_corrupt_0.75,10291,0.75,205,False,0.24408872425556183,0.0014530160697177052,False,0.537529319781079,5807.35888671875,8865.498046875,8651.515625,8651.515625,266.7426452636719
715,images/0715_generated_direct_corrupt_0.75.png,generated_direct_corrupt_0.75,48399,0.75,967,False,0.19254985451698303,0.0004545469128061086,False,0.19976544175136826,6846.279296875,9928.697265625,9496.29296875,9496.29296875,300.9538879394531
716,images/0716_generated_direct_corrupt_0.75.png,generated_direct_corrupt_0.75,15865,0.75,317,False,0.2210383117198944,0.0008898934465833008,False,0.3862392494136044,7141.00927734375,10285.0537109375,9858.466796875,9858.466796875,253.9369354248047
717,images/0717_generated_direct_corrupt_0.75.png,generated_direct_corrupt_0.75,11390,0.75,227,False,0.23586022853851318,0.005443644244223833,False,0.5906958561376074,5756.3017578125,8734.48046875,8519.9296875,8519.9296875,251.78573608398438
718,images/0718_generated_direct_corrupt_0.75.png,generated_direct_corrupt_0.75,33665,0.75,673,False,0.16777342557907104,0.0004175967478659004,False,0.13604378420641125,7548.7060546875,10560.310546875,9752.6806640625,9752.6806640625,269.6865234375
719,images/0719_generated_direct_corrupt_0.75.png,generated_direct_corrupt_0.75,20012,0.75,400,False,0.1855616420507431,0.0005349458660930395,False,0.20797498045347929,6370.484375,9181.078125,8800.90234375,8800.90234375,262.0181884765625
720,images/0720_generated_direct_corrupt_0.75.png,generated_direct_corrupt_0.75,8050,0.75,161,False,0.1524805724620819,0.001708927215076983,False,0.31118060985144647,6153.6220703125,9088.71875,8793.3212890625,8793.3212890625,257.7846374511719
721,images/0721_generated_direct_corrupt_0.75.png,generated_direct_corrupt_0.75,43881,0.75,877,False,0.2785312235355377,0.00023373709700535983,False,0.3862392494136043,6382.99365234375,8722.958984375,8408.052734375,8408.052734375,249.14144897460938
722,images/0722_generated_direct_corrupt_0.75.png,generated_direct_corrupt_0.75,4238,0.75,84,False,0.20534925162792206,0.0012542770709842443,False,0.37724784988272086,5630.37841796875,8234.7080078125,8141.001953125,8141.001953125,258.1247253417969
723,images/0723_generated_direct_corrupt_0.75.png,generated_direct_corrupt_0.75,31122,0.75,622,False,0.2001670002937317,0.0005695726722478867,False,0.25371383893666927,6986.740234375,10470.6640625,10018.41796875,10018.41796875,311.5328063964844
724,images/0724_generated_direct_corrupt_0.75.png,generated_direct_corrupt_0.75,13022,0.75,260,False,0.22789299488067627,0.001786832232028246,False,0.4949179046129789,6047.458984375,9032.4189453125,8663.67578125,8663.67578125,248.68011474609375
725,images/0725_generated_direct_corrupt_0.75.png,generated_direct_corrupt_0.75,46286,0.75,925,False,0.1898253709077835,0.000617575307842344,False,0.23182173573103987,6946.921875,10487.5654296875,9883.0205078125,9883.0205078125,273.0263977050781
726,images/0726_generated_direct_corrupt_0.75.png,generated_direct_corrupt_0.75,29271,0.75,585,False,0.31437933444976807,0.00043391878716647625,False,0.5426114151681001,7115.373046875,9764.857421875,9205.791015625,9205.791015625,268.8765869140625
727,images/0727_generated_direct_corrupt_0.75.png,generated_direct_corrupt_0.75,10108,0.75,202,False,0.22194382548332214,0.0037635555490851402,False,0.5160281469898358,6021.48046875,9073.248046875,8777.6591796875,8777.6591796875,255.7970428466797
728,images/0728_generated_direct_corrupt_0.75.png,generated_direct_corrupt_0.75,37964,0.75,759,False,0.2222178876399994,0.0002516026725061238,False,0.19390148553557468,6140.947265625,9667.673828125,9258.326171875,9258.326171875,258.168212890625
729,images/0729_generated_direct_corrupt_0.75.png,generated_direct_corrupt_0.75,45563,0.75,911,False,0.2355422079563141,0.0009261888335458934,False,0.44292415949960906,6462.09814453125,9404.734375,9066.66015625,9066.66015625,256.7573547363281
730,images/0730_generated_direct_corrupt_0.75.png,generated_direct_corrupt_0.75,35970,0.75,719,False,0.25423896312713623,0.0006554662249982357,False,0.48240813135261923,7104.69873046875,10216.708984375,9613.3701171875,9613.3701171875,272.9891357421875
731,images/0731_generated_direct_corrupt_0.75.png,generated_direct_corrupt_0.75,48905,0.75,978,False,0.2081286907196045,0.00036978587741032243,False,0.21188428459734168,6484.142578125,9756.48046875,9395.66015625,9395.66015625,290.753662109375
732,images/0732_generated_direct_corrupt_0.75.png,generated_direct_corrupt_0.75,47333,0.75,946,False,0.24382926523685455,0.0012567730154842138,False,0.5269741985926505,6057.92578125,8799.892578125,8310.0576171875,8310.0576171875,263.2530822753906
733,images/0733_generated_direct_corrupt_0.75.png,generated_direct_corrupt_0.75,48411,0.75,968,False,0.19311276078224182,0.0004084434767719358,False,0.16810007818608286,7115.25830078125,9977.6201171875,9488.0810546875,9488.0810546875,254.26849365234375
734,images/0734_generated_direct_corrupt_0.75.png,generated_direct_corrupt_0.75,45623,0.75,912,False,0.20225033164024353,0.0008155138930305839,False,0.31000781860828774,5976.8466796875,8777.78125,8545.2705078125,8545.2705078125,248.15731811523438
735,images/0735_generated_direct_corrupt_0.75.png,generated_direct_corrupt_0.75,48971,0.75,979,False,0.27000361680984497,0.0010550221195444465,False,0.5957779515246286,6055.3408203125,9089.7392578125,8724.6455078125,8724.6455078125,262.3596496582031
736,images/0736_generated_direct_corrupt_0.75.png,generated_direct_corrupt_0.75,23779,0.75,475,False,0.2217293083667755,0.0002655688440427184,False,0.20445660672400312,6750.9375,9828.1591796875,9449.1748046875,9449.1748046875,279.2814636230469
737,images/0737_generated_direct_corrupt_0.75.png,generated_direct_corrupt_0.75,5963,0.75,119,False,0.20070494711399078,0.0011164301540702581,False,0.3451915559030493,4999.5,7769.13330078125,7489.45703125,7489.45703125,251.29234313964844
738,images/0738_generated_direct_corrupt_0.75.png,generated_direct_corrupt_0.75,48655,0.75,973,False,0.17055489122867584,0.00034991870052181184,False,0.10711493354182955,5364.6953125,8234.7001953125,7882.044921875,7882.044921875,245.65721130371094
739,images/0739_generated_direct_corrupt_0.75.png,generated_direct_corrupt_0.75,18346,0.75,366,False,0.19725193083286285,0.00042241139453835785,False,0.19585613760750586,6052.6806640625,9056.9189453125,8799.1796875,8799.1796875,273.5094909667969
740,images/0740_generated_direct_corrupt_0.75.png,generated_direct_corrupt_0.75,27925,0.75,558,False,0.2154788076877594,0.0007265068124979734,False,0.34440969507427677,6567.4375,9316.7109375,8763.6083984375,8763.6083984375,257.2546691894531
741,images/0741_generated_direct_corrupt_0.75.png,generated_direct_corrupt_0.75,33656,0.75,673,False,0.26991572976112366,0.0004286355688236654,False,0.4667709147771697,7755.083984375,10766.689453125,9943.3759765625,9943.3759765625,256.86676025390625
742,images/0742_generated_direct_corrupt_0.75.png,generated_direct_corrupt_0.75,32154,0.75,643,False,0.20513464510440826,0.00022608920698985457,False,0.12118842845973417,6622.4072265625,9389.6552734375,8930.056640625,8930.056640625,251.99363708496094
743,images/0743_generated_direct_corrupt_0.75.png,generated_direct_corrupt_0.75,6316,0.75,126,False,0.21498996019363403,0.004768732935190201,False,0.5050820953870211,6612.9326171875,9128.994140625,8624.4140625,8624.4140625,321.9888000488281
744,images/0744_generated_direct_corrupt_0.75.png,generated_direct_corrupt_0.75,32802,0.75,656,False,0.20778818428516388,0.0002974866656586528,False,0.17552775605942142,5636.00341796875,8594.990234375,8288.4853515625,8288.4853515625,263.3638916015625
745,images/0745_generated_direct_corrupt_0.75.png,generated_direct_corrupt_0.75,30053,0.75,601,False,0.2707972526550293,0.0005344311357475817,False,0.5105551211884285,7022.251953125,9840.283203125,9376.470703125,9376.470703125,252.51356506347656
746,images/0746_generated_direct_corrupt_0.75.png,generated_direct_corrupt_0.75,8924,0.75,178,False,0.19648809731006622,0.0015332482289522886,False,0.36473807662236124,6013.45068359375,8910.787109375,8616.826171875,8616.826171875,290.03826904296875
747,images/0747_generated_direct_corrupt_0.75.png,generated_direct_corrupt_0.75,45240,0.75,904,False,0.20914478600025177,0.0010833253618329763,False,0.3795934323690383,6309.95556640625,9160.8310546875,8853.7265625,8853.7265625,250.9318084716797
748,images/0748_generated_direct_corrupt_0.75.png,generated_direct_corrupt_0.75,40139,0.75,802,False,0.17592085897922516,0.0002215816784882918,False,0.038702111024237686,5968.240234375,9048.1826171875,8633.3359375,8633.3359375,262.9711608886719
749,images/0749_generated_direct_corrupt_0.75.png,generated_direct_corrupt_0.75,49094,0.75,981,False,0.22346177697181702,0.0002609678194858134,False,0.21149335418295545,5925.8408203125,9001.0400390625,8697.083984375,8697.083984375,262.6767272949219
750,images/0750_generated_direct_corrupt_0.75.png,generated_direct_corrupt_0.75,27257,0.75,545,False,0.1866041123867035,0.0003699766530189663,False,0.1403440187646599,6277.869140625,9206.6015625,8622.046875,8622.046875,252.6891326904297
751,images/0751_generated_direct_corrupt_0.75.png,generated_direct_corrupt_0.75,41559,0.75,831,False,0.20131206512451172,0.0004016039601992816,False,0.18999218139171226,6983.31005859375,10031.81640625,9455.599609375,9455.599609375,270.733642578125
752,images/0752_generated_direct_corrupt_0.75.png,generated_direct_corrupt_0.75,43470,0.75,869,False,0.23710301518440247,0.0007125935517251492,False,0.428068803752932,6136.07568359375,9386.130859375,8952.66796875,8952.66796875,258.7879943847656
753,images/0753_generated_direct_corrupt_0.75.png,generated_direct_corrupt_0.75,38740,0.75,774,False,0.23571836948394775,0.0004806958604604006,False,0.36317435496481626,6350.9091796875,9306.681640625,9027.1220703125,9027.1220703125,268.1493225097656
754,images/0754_generated_direct_corrupt_0.75.png,generated_direct_corrupt_0.75,18229,0.75,364,False,0.20041686296463013,0.0010171284666284919,False,0.32720875684128226,5524.421875,8227.650390625,7881.9482421875,7881.9482421875,262.9962463378906
755,images/0755_generated_direct_corrupt_0.75.png,generated_direct_corrupt_0.75,1074,0.75,21,False,0.23960329592227936,0.0009935693815350533,False,0.4773260359655981,6370.9775390625,10233.55078125,9221.451171875,9221.451171875,266.647705078125
756,images/0756_generated_direct_corrupt_0.75.png,generated_direct_corrupt_0.75,38610,0.75,772,False,0.2309935837984085,0.0014481465332210064,False,0.4831899921813917,7340.341796875,9950.7177734375,9430.314453125,9430.314453125,341.947265625
757,images/0757_generated_direct_corrupt_0.75.png,generated_direct_corrupt_0.75,37135,0.75,742,False,0.2374708354473114,0.00045433349441736937,False,0.3666927286942924,6794.20166015625,9844.6875,9270.107421875,9270.107421875,335.6358947753906
758,images/0758_generated_direct_corrupt_0.75.png,generated_direct_corrupt_0.75,48672,0.75,973,False,0.2450457662343979,0.00034421071177348495,False,0.3416731821735731,5563.1943359375,8433.19921875,8077.30224609375,8077.30224609375,274.0101013183594
759,images/0759_generated_direct_corrupt_0.75.png,generated_direct_corrupt_0.75,32843,0.75,656,False,0.26175248622894287,0.00029246314079500735,False,0.3784206411258796,6478.6865234375,9437.673828125,9131.017578125,9131.017578125,264.7129821777344
760,images/0760_generated_direct_corrupt_0.75.png,generated_direct_corrupt_0.75,42527,0.75,850,False,0.24731917679309845,0.00033241804339922965,False,0.33815480844409695,6199.45166015625,9135.779296875,8823.556640625,8823.556640625,267.1568603515625
761,images/0761_generated_direct_corrupt_0.75.png,generated_direct_corrupt_0.75,34226,0.75,684,False,0.269752562046051,0.0003627141413744539,False,0.4331508991399531,7218.07470703125,10065.45703125,9305.6455078125,9305.6455078125,274.7889404296875
762,images/0762_generated_direct_corrupt_0.75.png,generated_direct_corrupt_0.75,35067,0.75,701,False,0.19446489214897156,0.0005087675526738167,False,0.22713057075840498,6531.853515625,10044.1904296875,9308.90234375,9308.90234375,302.35015869140625
763,images/0763_generated_direct_corrupt_0.75.png,generated_direct_corrupt_0.75,37023,0.75,740,False,0.17631228268146515,0.0003876575210597366,False,0.12275215011727914,7168.0830078125,9905.17578125,9356.0048828125,9356.0048828125,248.93968200683594
764,images/0764_generated_direct_corrupt_0.75.png,generated_direct_corrupt_0.75,22695,0.75,453,False,0.22377167642116547,0.0002778002235572785,False,0.22478498827208757,6083.3466796875,8949.7646484375,8510.0869140625,8510.0869140625,259.2389831542969
765,images/0765_generated_direct_corrupt_0.75.png,generated_direct_corrupt_0.75,4866,0.75,97,False,0.20060129463672638,0.0006795458029955626,False,0.2795152462861611,6000.25048828125,8951.8671875,8775.2138671875,8775.2138671875,252.1322784423828
766,images/0766_generated_direct_corrupt_0.75.png,generated_direct_corrupt_0.75,16499,0.75,329,False,0.1947326362133026,0.002473848406225443,False,0.3967943706020328,5859.41455078125,8654.3818359375,8408.537109375,8408.537109375,263.2891845703125
767,images/0767_generated_direct_corrupt_0.75.png,generated_direct_corrupt_0.75,6930,0.75,138,False,0.14943404495716095,0.000635532895103097,False,0.1923377638780297,5653.3857421875,8867.69921875,8449.580078125,8449.580078125,270.7525634765625
768,images/0768_wrong_label_0.png,wrong_label_0,17150,0.0,342,True,0.4560575485229492,0.15334278345108032,True,0.9472243940578577,-3260.77001953125,-265.59765625,-549.358642578125,-549.358642578125,9.884028434753418
769,images/0769_wrong_label_0.png,wrong_label_0,11728,0.0,676,True,0.6366731524467468,0.008916521444916725,False,0.8956215793588742,-4651.12890625,-1990.15625,-2571.9775390625,-2571.9775390625,12.504925727844238
770,images/0770_wrong_label_0.png,wrong_label_0,43251,0.0,723,True,0.3794712722301483,0.08465602993965149,False,0.9042220484753714,-3863.196533203125,-1310.648681640625,-1774.501708984375,-1774.501708984375,26.539775848388672
771,images/0771_wrong_label_0.png,wrong_label_0,16597,0.0,330,True,0.6506664156913757,0.10527051985263824,False,0.9612978889757623,-4169.474609375,-1255.414794921875,-1609.02001953125,-1609.02001953125,10.33625602722168
772,images/0772_wrong_label_0.png,wrong_label_0,31060,0.0,219,True,0.3524158000946045,0.006897278595715761,False,0.8272087568412823,-4566.7275390625,-1580.029052734375,-1928.76806640625,-1928.76806640625,15.46575927734375
773,images/0773_wrong_label_0.png,wrong_label_0,31374,0.0,498,True,0.2908780872821808,0.13819172978401184,True,0.846364347146208,-5844.66259765625,-2954.812744140625,-3295.728271484375,-3295.728271484375,11.320541381835938
774,images/0774_wrong_label_0.png,wrong_label_0,28500,0.0,691,True,0.27899524569511414,0.04135879501700401,False,0.8037529319781078,-9433.509765625,-6679.51123046875,-7456.6328125,-7456.6328125,8.477363586425781
775,images/0775_wrong_label_0.png,wrong_label_0,4138,0.0,80,True,0.20049640536308289,0.04836031422019005,False,0.5238467552775606,-4016.11279296875,-875.55224609375,-1235.945556640625,-1235.945556640625,20.06239128112793
776,images/0776_wrong_label_0.png,wrong_label_0,1450,0.0,1,True,0.33117780089378357,0.0018814133945852518,False,0.7372947615324472,-5692.60888671875,-2828.2998046875,-3323.821044921875,-3323.821044921875,15.98265266418457
777,images/0777_wrong_label_0.png,wrong_label_0,25737,0.0,843,True,0.2480221837759018,0.15128818154335022,True,0.7294761532447225,-3311.050537109375,-680.259033203125,-980.4932250976562,-980.4932250976562,14.467158317565918
778,images/0778_wrong_label_0.png,wrong_label_0,10291,0.0,219,True,0.43969717621803284,0.06116238981485367,False,0.9218139171227522,-4124.12890625,-1137.430419921875,-1507.84619140625,-1507.84619140625,15.028268814086914
779,images/0779_wrong_label_0.png,wrong_label_0,48399,0.0,968,True,0.15949563682079315,0.017328720539808273,False,0.42767787333854573,-6480.9755859375,-3618.614013671875,-4083.649658203125,-4083.649658203125,15.369059562683105
780,images/0780_wrong_label_0.png,wrong_label_0,15865,0.0,316,True,0.3385642468929291,0.005215945653617382,False,0.8080531665363566,-5989.2626953125,-3062.56298828125,-3478.6328125,-3478.6328125,22.470001220703125
781,images/0781_wrong_label_0.png,wrong_label_0,11390,0.0,273,True,0.3463243842124939,0.039213284850120544,False,0.872556684910086,-4552.1787109375,-1660.380859375,-2024.24658203125,-2024.24658203125,12.088390350341797
782,images/0782_wrong_label_0.png,wrong_label_0,33665,0.0,527,True,0.31286096572875977,0.12164951860904694,True,0.8651290070367474,-6200.4375,-3356.12646484375,-4146.32861328125,-4146.32861328125,11.903962135314941
783,images/0783_wrong_label_0.png,wrong_label_0,20012,0.0,667,True,0.4056311547756195,0.15309497714042664,True,0.9292415949960907,-4393.11865234375,-1637.4453125,-2098.73583984375,-2098.73583984375,11.441381454467773
784,images/0784_wrong_label_0.png,wrong_label_0,8050,0.0,162,True,0.3962230086326599,0.2553907334804535,True,0.9292415949960907,-5897.185546875,-2935.64892578125,-3287.11328125,-3287.11328125,13.743139266967773
785,images/0785_wrong_label_0.png,wrong_label_0,43881,0.0,905,True,0.4472506046295166,0.03469172865152359,False,0.9108678655199374,-7980.10205078125,-4842.4580078125,-5543.1630859375,-5543.1630859375,19.2764892578125
786,images/0786_wrong_label_0.png,wrong_label_0,4238,0.0,545,True,0.407071590423584,0.014761143364012241,False,0.8768569194683347,-4120.302734375,-1191.56982421875,-1822.164306640625,-1822.164306640625,19.292423248291016
787,images/0787_wrong_label_0.png,wrong_label_0,31122,0.0,759,True,0.5709311366081238,0.23513482511043549,True,0.9671618451915559,-8393.6650390625,-4866.93798828125,-5328.703125,-5328.703125,8.061613082885742
788,images/0788_wrong_label_0.png,wrong_label_0,13022,0.0,544,True,0.5448580384254456,0.003392845392227173,False,0.8420641125879593,-3637.328125,-1156.66552734375,-1501.759033203125,-1501.759033203125,11.45057201385498
789,images/0789_wrong_label_0.png,wrong_label_0,46286,0.0,937,True,0.2606429159641266,0.005135502200573683,False,0.6880375293197811,-6403.83056640625,-3579.126220703125,-4201.951171875,-4201.951171875,16.97223663330078
790,images/0790_wrong_label_0.png,wrong_label_0,29271,0.0,711,True,0.27863115072250366,0.0702294185757637,False,0.8115715402658327,-4663.8984375,-1914.419921875,-2653.17138671875,-2653.17138671875,5.421759128570557
791,images/0791_wrong_label_0.png,wrong_label_0,10108,0.0,184,True,0.2651284635066986,0.1284095048904419,False,0.7900703674745895,-4483.748046875,-1340.64697265625,-1754.148681640625,-1754.148681640625,20.88450050354004
792,images/0792_wrong_label_0.png,wrong_label_0,37964,0.0,622,True,0.5360620617866516,0.09741266071796417,False,0.9448788115715403,-9840.884765625,-6356.96142578125,-7078.3125,-7078.3125,13.959432601928711
793,images/0793_wrong_label_0.png,wrong_label_0,45563,0.0,452,True,0.2707041800022125,0.1606854647397995,True,0.810398749022674,-4821.60400390625,-1818.74462890625,-2210.43212890625,-2210.43212890625,13.350850105285645
794,images/0794_wrong_label_0.png,wrong_label_0,35970,0.0,773,True,0.3982091546058655,0.016568899154663086,False,0.8749022673964034,-8637.841796875,-5639.79248046875,-6270.6015625,-6270.6015625,11.05587387084961
795,images/0795_wrong_label_0.png,wrong_label_0,48905,0.0,976,True,0.31102150678634644,0.1613469421863556,False,0.8690383111806099,-5195.53759765625,-1693.941650390625,-2223.27685546875,-2223.27685546875,8.498146057128906
796,images/0796_wrong_label_0.png,wrong_label_0,47333,0.0,309,True,0.2359875738620758,0.04203667491674423,False,0.6544175136825645,-4796.3544921875,-1969.96875,-2367.33740234375,-2367.33740234375,14.024863243103027
797,images/0797_wrong_label_0.png,wrong_label_0,48411,0.0,518,True,0.3157538175582886,0.09503030776977539,True,0.8733385457388585,-4280.98681640625,-1498.9658203125,-1924.70703125,-1924.70703125,7.476903915405273
798,images/0798_wrong_label_0.png,wrong_label_0,45623,0.0,86,True,0.20204943418502808,0.14460209012031555,True,0.5512118842845973,-2894.441162109375,156.034423828125,-346.4642333984375,-346.4642333984375,24.785734176635742
799,images/0799_wrong_label_0.png,wrong_label_0,48971,0.0,972,True,0.28135955333709717,0.09986580163240433,False,0.8275996872556685,-3397.522216796875,-383.912841796875,-808.288330078125,-808.288330078125,10.783193588256836
800,images/0800_wrong_label_0.png,wrong_label_0,23779,0.0,859,True,0.6360913515090942,0.0026959360111504793,False,0.8373729476153244,-7313.3916015625,-4391.75341796875,-5018.4755859375,-5018.4755859375,10.272603034973145
801,images/0801_wrong_label_0.png,wrong_label_0,5963,0.0,120,True,0.2557609975337982,0.5201890468597412,True,0.7838154808444097,-3075.930419921875,-476.989990234375,-794.4527587890625,-794.4527587890625,12.98900032043457
802,images/0802_wrong_label_0.png,wrong_label_0,48655,0.0,392,True,0.29921841621398926,0.01724010519683361,False,0.8123534010946052,-5991.1015625,-3572.394775390625,-4156.29638671875,-4156.29638671875,14.813865661621094
803,images/0803_wrong_label_0.png,wrong_label_0,18346,0.0,367,True,0.33058249950408936,0.019034922122955322,False,0.8436278342455044,-4067.75732421875,-1141.1279296875,-1402.8045654296875,-1402.8045654296875,13.586438179016113
804,images/0804_wrong_label_0.png,wrong_label_0,27925,0.0,881,True,0.31302937865257263,0.2721668481826782,True,0.880766223612197,-7402.63232421875,-4352.45703125,-4890.5322265625,-4890.5322265625,21.48357582092285
805,images/0805_wrong_label_0.png,wrong_label_0,33656,0.0,527,True,0.4116162657737732,0.02100345864892006,False,0.892103205629398,-10241.0703125,-7396.75927734375,-8515.564453125,-8515.564453125,8.65034294128418
806,images/0806_wrong_label_0.png,wrong_label_0,32154,0.0,518,True,0.28194665908813477,0.3607569634914398,True,0.8514464425332291,-5554.2724609375,-2772.25146484375,-3304.267578125,-3304.267578125,20.62416648864746
807,images/0807_wrong_label_0.png,wrong_label_0,6316,0.0,116,True,0.32327520847320557,0.0019581529777497053,False,0.7353401094605161,-2787.16357421875,-319.05419921875,-674.9390869140625,-674.9390869140625,18.214582443237305
808,images/0808_wrong_label_0.png,wrong_label_0,32802,0.0,675,True,0.35555434226989746,0.19816985726356506,False,0.9120406567630961,-4392.7294921875,-1553.88232421875,-2003.5294189453125,-2003.5294189453125,13.883533477783203
809,images/0809_wrong_label_0.png,wrong_label_0,30053,0.0,775,True,0.47406113147735596,0.060154158622026443,False,0.931587177482408,-4291.9638671875,-1477.52197265625,-1936.9556884765625,-1936.9556884765625,32.32501220703125
810,images/0810_wrong_label_0.png,wrong_label_0,8924,0.0,211,True,0.45427829027175903,0.006206992547959089,False,0.8623924941360438,-7240.0419921875,-4381.4384765625,-4758.7568359375,-4758.7568359375,20.05558204650879
811,images/0811_wrong_label_0.png,wrong_label_0,45240,0.0,828,True,0.4075346887111664,0.157052680850029,True,0.9339327599687255,-6413.9482421875,-3723.793701171875,-4428.0087890625,-4428.0087890625,8.681133270263672
812,images/0812_wrong_label_0.png,wrong_label_0,40139,0.0,450,True,0.35048574209213257,0.002768179401755333,False,0.7767787333854574,-3246.75,-279.969482421875,-604.2860107421875,-604.2860107421875,10.164691925048828
813,images/0813_wrong_label_0.png,wrong_label_0,49094,0.0,429,True,0.3791748285293579,0.3787096440792084,True,0.9292415949960907,-3903.93359375,-1121.829833984375,-1626.2882080078125,-1626.2882080078125,16.97001838684082
814,images/0814_wrong_label_0.png,wrong_label_0,27257,0.0,619,True,0.2612721621990204,0.008210863918066025,False,0.7083659108678655,-6455.162109375,-3209.56787109375,-3960.5302734375,-3960.5302734375,21.55152702331543
815,images/0815_wrong_label_0.png,wrong_label_0,41559,0.0,905,True,0.3376663029193878,0.04293679818511009,False,0.870992963252541,-5125.912109375,-1988.268310546875,-2562.03857421875,-2562.03857421875,12.210086822509766
816,images/0816_wrong_label_0.png,wrong_label_0,43470,0.0,487,True,0.31571194529533386,0.06151589751243591,True,0.8639562157935887,-7090.1513671875,-4114.3447265625,-4815.2646484375,-4815.2646484375,11.808923721313477
817,images/0817_wrong_label_0.png,wrong_label_0,38740,0.0,615,True,0.3145337402820587,0.1575738787651062,True,0.8784206411258796,-3482.978515625,-805.483642578125,-1746.47216796875,-1746.47216796875,13.361090660095215
818,images/0818_wrong_label_0.png,wrong_label_0,18229,0.0,297,True,0.5228608250617981,0.004919549450278282,False,0.8592650508209538,-3954.491943359375,-1122.552734375,-1532.6002197265625,-1532.6002197265625,9.21442699432373
819,images/0819_wrong_label_0.png,wrong_label_0,1074,0.0,89,True,0.35601815581321716,0.0075234537944197655,False,0.8338545738858483,-6496.154296875,-3147.63818359375,-4068.469482421875,-4068.469482421875,6.604416370391846
820,images/0820_wrong_label_0.png,wrong_label_0,38610,0.0,473,True,0.24029743671417236,0.002930658869445324,False,0.5832681782642689,-3632.8974609375,-840.619384765625,-1670.736328125,-1670.736328125,16.479270935058594
821,images/0821_wrong_label_0.png,wrong_label_0,37135,0.0,713,True,0.22224308550357819,0.11837142705917358,True,0.6239249413604379,-5726.724609375,-2798.6259765625,-3372.765625,-3372.765625,9.618864059448242
822,images/0822_wrong_label_0.png,wrong_label_0,48672,0.0,983,True,0.39021313190460205,0.036787889897823334,False,0.8917122752150117,-8141.3779296875,-4653.923828125,-5472.21044921875,-5472.21044921875,13.63354778289795
823,images/0823_wrong_label_0.png,wrong_label_0,32843,0.0,654,True,0.3135867118835449,0.4012810289859772,True,0.8893666927286943,-10424.1982421875,-7521.009765625,-7831.76513671875,-7831.76513671875,7.489899635314941
824,images/0824_wrong_label_0.png,wrong_label_0,42527,0.0,865,True,0.4000995457172394,0.08699477463960648,False,0.9147771696637998,-3093.12744140625,-478.917236328125,-1009.8836059570312,-1009.8836059570312,22.058631896972656
825,images/0825_wrong_label_0.png,wrong_label_0,34226,0.0,773,True,0.5491495728492737,0.023251105099916458,False,0.9163408913213449,-4719.4931640625,-1721.44384765625,-2265.36181640625,-2265.36181640625,13.176825523376465
826,images/0826_wrong_label_0.png,wrong_label_0,35067,0.0,417,True,0.5658718347549438,0.0011991631472483277,False,0.7634870992963252,-6914.466796875,-3618.362060546875,-4246.9677734375,-4246.9677734375,16.520524978637695
827,images/0827_wrong_label_0.png,wrong_label_0,37023,0.0,691,True,0.2765730619430542,0.022463230416178703,False,0.7787333854573886,-10993.2529296875,-8239.25390625,-8686.98046875,-8686.98046875,9.997342109680176
828,images/0828_wrong_label_0.png,wrong_label_0,22695,0.0,624,True,0.44591188430786133,0.0383421815931797,False,0.9128225175918687,-4048.995361328125,-1248.252197265625,-1571.5819091796875,-1571.5819091796875,12.884390830993652
829,images/0829_wrong_label_0.png,wrong_label_0,4866,0.0,99,True,0.21963663399219513,0.25869444012641907,True,0.6239249413604379,-5705.8203125,-2822.10693359375,-3119.19384765625,-3119.19384765625,29.53130340576172
830,images/0830_wrong_label_0.png,wrong_label_0,16499,0.0,65,True,0.258188933134079,0.002827252261340618,False,0.6481626270523846,-4333.5478515625,-1688.696044921875,-2235.99365234375,-2235.99365234375,15.142475128173828
831,images/0831_wrong_label_0.png,wrong_label_0,6930,0.0,799,True,0.3631550371646881,0.002003130502998829,False,0.7611415168100077,-4069.08740234375,-863.703125,-1337.166259765625,-1337.166259765625,17.490262985229492
832,images/0832_wrong_label_1.png,wrong_label_1,17150,0.0,360,True,0.4560575485229492,0.07083042711019516,False,0.9327599687255668,-3221.54150390625,-272.552734375,-570.0991821289062,-570.0991821289062,9.488243103027344
833,images/0833_wrong_label_1.png,wrong_label_1,11728,0.0,236,True,0.6366731524467468,0.005743994377553463,False,0.8811571540265832,-5073.6376953125,-2034.513427734375,-2441.20703125,-2441.20703125,11.279278755187988
834,images/0834_wrong_label_1.png,wrong_label_1,43251,0.0,406,True,0.3794712722301483,0.032968033105134964,False,0.883893666927287,-4146.6015625,-1207.39013671875,-1566.5782470703125,-1566.5782470703125,26.33819007873535
835,images/0835_wrong_label_1.png,wrong_label_1,16597,0.0,335,True,0.6506664156913757,0.0035134090576320887,False,0.8565285379202502,-4288.197265625,-1434.3203125,-1774.7806396484375,-1774.7806396484375,11.53774642944336
836,images/0836_wrong_label_1.png,wrong_label_1,31060,0.0,217,True,0.3524158000946045,0.0029141134582459927,False,0.7857701329163409,-4497.41845703125,-1498.085693359375,-1827.84326171875,-1827.84326171875,14.751688957214355
837,images/0837_wrong_label_1.png,wrong_label_1,31374,0.0,468,True,0.2908780872821808,0.04764062166213989,False,0.8264268960125097,-5536.3837890625,-2847.5732421875,-3263.43603515625,-3263.43603515625,11.516061782836914
838,images/0838_wrong_label_1.png,wrong_label_1,28500,0.0,818,True,0.27899524569511414,0.030698996037244797,False,0.7951524628616107,-10396.1845703125,-7252.90869140625,-8341.326171875,-8341.326171875,9.046756744384766
839,images/0839_wrong_label_1.png,wrong_label_1,4138,0.0,83,True,0.20049640536308289,0.020135929808020592,False,0.5019546520719311,-3838.827392578125,-707.04052734375,-1091.025146484375,-1091.025146484375,21.63532066345215
840,images/0840_wrong_label_1.png,wrong_label_1,1450,0.0,26,True,0.33117780089378357,0.0017055056523531675,False,0.7290852228303362,-5497.3017578125,-2626.66162109375,-3069.900390625,-3069.900390625,17.339067459106445
841,images/0841_wrong_label_1.png,wrong_label_1,25737,0.0,171,True,0.2480221837759018,0.1054830476641655,False,0.7236121970289289,-3423.513427734375,-530.93896484375,-883.0323486328125,-883.0323486328125,16.022815704345703
842,images/0842_wrong_label_1.png,wrong_label_1,10291,0.0,267,True,0.43969717621803284,0.05692160129547119,False,0.9202501954652071,-4304.15869140625,-1203.328125,-1621.72607421875,-1621.72607421875,14.955582618713379
843,images/0843_wrong_label_1.png,wrong_label_1,48399,0.0,504,True,0.15949563682079315,0.011935047805309296,False,0.41673182173573103,-6469.2724609375,-3536.31591796875,-4013.255126953125,-4013.255126953125,15.985723495483398
844,images/0844_wrong_label_1.png,wrong_label_1,15865,0.0,311,True,0.3385642468929291,0.001571670058183372,False,0.72869429241595,-6202.7041015625,-3196.012939453125,-3643.07080078125,-3643.07080078125,23.690217971801758
845,images/0845_wrong_label_1.png,wrong_label_1,11390,0.0,264,True,0.3463243842124939,0.03254890814423561,False,0.8666927286942925,-4618.8037109375,-1790.759033203125,-2153.91064453125,-2153.91064453125,12.747925758361816
846,images/0846_wrong_label_1.png,wrong_label_1,33665,0.0,782,True,0.31286096572875977,0.0916946604847908,False,0.8588741204065676,-6479.81982421875,-3488.087890625,-4316.8896484375,-4316.8896484375,12.243278503417969
847,images/0847_wrong_label_1.png,wrong_label_1,20012,0.0,862,True,0.4056311547756195,0.039352551102638245,False,0.9022673964034402,-4225.5341796875,-1448.7333984375,-2049.703857421875,-2049.703857421875,11.306293487548828
848,images/0848_wrong_label_1.png,wrong_label_1,8050,0.0,166,True,0.3962230086326599,0.12667764723300934,False,0.9194683346364347,-5962.45166015625,-2991.458984375,-3281.541015625,-3281.541015625,14.294951438903809
849,images/0849_wrong_label_1.png,wrong_label_1,43881,0.0,743,True,0.4472506046295166,0.016442667692899704,False,0.8932759968725568,-7397.91064453125,-4551.8173828125,-5003.03564453125,-5003.03564453125,19.480409622192383
850,images/0850_wrong_label_1.png,wrong_label_1,4238,0.0,753,True,0.407071590423584,0.009782873094081879,False,0.8651290070367474,-4334.59375,-1288.20654296875,-1926.20849609375,-1926.20849609375,18.269956588745117
851,images/0851_wrong_label_1.png,wrong_label_1,31122,0.0,732,True,0.5709311366081238,0.011993872933089733,False,0.9030492572322126,-8153.4560546875,-4755.9560546875,-5298.818359375,-5298.818359375,7.519955635070801
852,images/0852_wrong_label_1.png,wrong_label_1,13022,0.0,200,True,0.5448580384254456,0.0026031218003481627,False,0.8272087568412823,-4295.0,-1243.04248046875,-1545.320068359375,-1545.320068359375,13.36088752746582
853,images/0853_wrong_label_1.png,wrong_label_1,46286,0.0,809,True,0.2606429159641266,0.004181277938187122,False,0.6751368256450352,-7087.69482421875,-4003.74462890625,-4544.1552734375,-4544.1552734375,17.5570125579834
854,images/0854_wrong_label_1.png,wrong_label_1,29271,0.0,845,True,0.27863115072250366,0.03637881577014923,False,0.7971071149335418,-4621.9931640625,-2028.14208984375,-2688.197998046875,-2688.197998046875,5.39956521987915
855,images/0855_wrong_label_1.png,wrong_label_1,10108,0.0,189,True,0.2651284635066986,0.014114374294877052,False,0.7380766223612196,-4268.1611328125,-1288.03759765625,-1711.2332763671875,-1711.2332763671875,19.31383514404297
856,images/0856_wrong_label_1.png,wrong_label_1,37964,0.0,732,True,0.5360620617866516,0.06545764207839966,False,0.9382329945269743,-9178.06640625,-5780.56640625,-6235.572265625,-6235.572265625,13.252509117126465
857,images/0857_wrong_label_1.png,wrong_label_1,45563,0.0,474,True,0.2707041800022125,0.08493442088365555,False,0.7971071149335418,-4876.021484375,-1687.35693359375,-2038.96044921875,-2038.96044921875,13.321070671081543
858,images/0858_wrong_label_1.png,wrong_label_1,35970,0.0,710,True,0.3982091546058655,0.015017389319837093,False,0.8721657544956998,-9016.7041015625,-5876.5224609375,-6706.67578125,-6706.67578125,11.672277450561523
859,images/0859_wrong_label_1.png,wrong_label_1,48905,0.0,975,True,0.31102150678634644,0.022033970803022385,False,0.825254104769351,-5017.017578125,-1783.27685546875,-2231.7119140625,-2231.7119140625,9.521571159362793
860,images/0860_wrong_label_1.png,wrong_label_1,47333,0.0,944,True,0.2359875738620758,0.01716041751205921,False,0.6321344800625489,-4104.26904296875,-1397.25439453125,-2005.4361572265625,-2005.4361572265625,13.63841438293457
861,images/0861_wrong_label_1.png,wrong_label_1,48411,0.0,572,True,0.3157538175582886,0.030708318576216698,False,0.8479280688037529,-4142.91357421875,-1176.40625,-1819.363525390625,-1819.363525390625,7.210928916931152
862,images/0862_wrong_label_1.png,wrong_label_1,45623,0.0,82,True,0.20204943418502808,0.12188410758972168,False,0.5488663017982799,-2870.798583984375,115.566162109375,-352.4590759277344,-352.4590759277344,20.92874526977539
863,images/0863_wrong_label_1.png,wrong_label_1,48971,0.0,970,True,0.28135955333709717,0.0797496810555458,False,0.8232994526974199,-3568.810791015625,-464.480712890625,-936.0277709960938,-936.0277709960938,12.782363891601562
864,images/0864_wrong_label_1.png,wrong_label_1,23779,0.0,785,True,0.6360913515090942,0.0016105086542665958,False,0.7971071149335418,-7876.3955078125,-4776.9912109375,-5220.60595703125,-5220.60595703125,10.145228385925293
865,images/0865_wrong_label_1.png,wrong_label_1,5963,0.0,124,True,0.2557609975337982,0.030750993639230728,False,0.7267396403440187,-3345.772705078125,-529.4365234375,-848.90771484375,-848.90771484375,11.612500190734863
866,images/0866_wrong_label_1.png,wrong_label_1,48655,0.0,109,True,0.29921841621398926,0.015829671174287796,False,0.810398749022674,-5861.5927734375,-3057.368408203125,-3381.02880859375,-3381.02880859375,14.490228652954102
867,images/0867_wrong_label_1.png,wrong_label_1,18346,0.0,371,True,0.33058249950408936,0.003431446384638548,False,0.7771696637998435,-3767.14599609375,-929.994140625,-1277.7342529296875,-1277.7342529296875,14.41235065460205
868,images/0868_wrong_label_1.png,wrong_label_1,27925,0.0,579,True,0.31302937865257263,0.10300613194704056,False,0.864347146207975,-7233.96826171875,-4127.92578125,-4723.9091796875,-4723.9091796875,19.53591537475586
869,images/0869_wrong_label_1.png,wrong_label_1,33656,0.0,674,True,0.4116162657737732,0.019158082082867622,False,0.8901485535574668,-10875.7890625,-8004.8349609375,-8589.70703125,-8589.70703125,8.698280334472656
870,images/0870_wrong_label_1.png,wrong_label_1,32154,0.0,570,True,0.28194665908813477,0.05556551739573479,False,0.8182173573103988,-5547.2705078125,-2799.972900390625,-3450.595947265625,-3450.595947265625,19.452919006347656
871,images/0871_wrong_label_1.png,wrong_label_1,6316,0.0,114,True,0.32327520847320557,0.0018596393056213856,False,0.7322126661454261,-2866.25244140625,-344.53125,-702.6397705078125,-702.6397705078125,17.05327606201172
872,images/0872_wrong_label_1.png,wrong_label_1,32802,0.0,436,True,0.35555434226989746,0.12837348878383636,False,0.9050039093041439,-4568.71044921875,-1520.1650390625,-1851.521728515625,-1851.521728515625,13.626708030700684
873,images/0873_wrong_label_1.png,wrong_label_1,30053,0.0,452,True,0.47406113147735596,0.04461758956313133,False,0.9257232212666145,-4566.30859375,-1563.44921875,-1935.007080078125,-1935.007080078125,32.30448913574219
874,images/0874_wrong_label_1.png,wrong_label_1,8924,0.0,173,True,0.45427829027175903,0.0036114680115133524,False,0.8338545738858483,-7239.240234375,-4425.88037109375,-4743.56201171875,-4743.56201171875,20.779767990112305
875,images/0875_wrong_label_1.png,wrong_label_1,45240,0.0,556,True,0.4075346887111664,0.10759775340557098,False,0.9276778733385458,-6740.7353515625,-3663.07861328125,-4509.62890625,-4509.62890625,8.832501411437988
876,images/0876_wrong_label_1.png,wrong_label_1,40139,0.0,537,True,0.35048574209213257,0.002389603527262807,False,0.7658326817826426,-3295.3134765625,-234.521240234375,-600.087158203125,-600.087158203125,10.345799446105957
877,images/0877_wrong_label_1.png,wrong_label_1,49094,0.0,752,True,0.3791748285293579,0.010263384319841862,False,0.8498827208756842,-4337.453125,-1307.116943359375,-1771.462158203125,-1771.462158203125,17.21717643737793
878,images/0878_wrong_label_1.png,wrong_label_1,27257,0.0,818,True,0.2612721621990204,0.005800778977572918,False,0.697810789679437,-6451.5888671875,-3308.31298828125,-4262.24853515625,-4262.24853515625,20.10322380065918
879,images/0879_wrong_label_1.png,wrong_label_1,41559,0.0,598,True,0.3376663029193878,0.03827634081244469,False,0.8674745895230649,-5377.044921875,-2064.12451171875,-2641.61767578125,-2641.61767578125,12.367630004882812
880,images/0880_wrong_label_1.png,wrong_label_1,43470,0.0,399,True,0.31571194529533386,0.031628578901290894,False,0.8467552775605942,-8062.46435546875,-4760.58056640625,-5543.46533203125,-5543.46533203125,12.152581214904785
881,images/0881_wrong_label_1.png,wrong_label_1,38740,0.0,770,True,0.3145337402820587,0.04640992358326912,False,0.8549648162627053,-3975.60595703125,-1182.03564453125,-1506.860595703125,-1506.860595703125,12.4967041015625
882,images/0882_wrong_label_1.png,wrong_label_1,18229,0.0,388,True,0.5228608250617981,0.003907456062734127,False,0.843236903831118,-3917.36376953125,-1223.05517578125,-1538.837158203125,-1538.837158203125,8.804360389709473
883,images/0883_wrong_label_1.png,wrong_label_1,1074,0.0,708,True,0.35601815581321716,0.0023565564770251513,False,0.77130570758405,-5992.9169921875,-3389.17138671875,-4015.42138671875,-4015.42138671875,6.156027793884277
884,images/0884_wrong_label_1.png,wrong_label_1,38610,0.0,600,True,0.24029743671417236,0.0027968420181423426,False,0.5789679437060203,-3383.1572265625,-733.39208984375,-1447.8299560546875,-1447.8299560546875,15.469719886779785
885,images/0885_wrong_label_1.png,wrong_label_1,37135,0.0,526,True,0.22224308550357819,0.07774616032838821,False,0.6157154026583268,-5704.1533203125,-2726.14306640625,-3295.03369140625,-3295.03369140625,10.195388793945312
886,images/0886_wrong_label_1.png,wrong_label_1,48672,0.0,109,True,0.39021313190460205,0.023256829008460045,False,0.8799843627834245,-6200.8056640625,-3396.581298828125,-3793.46337890625,-3793.46337890625,15.09181022644043
887,images/0887_wrong_label_1.png,wrong_label_1,32843,0.0,675,True,0.3135867118835449,0.0567263662815094,False,0.854573885848319,-10710.5849609375,-7871.73779296875,-8584.23046875,-8584.23046875,7.913643836975098
888,images/0888_wrong_label_1.png,wrong_label_1,42527,0.0,496,True,0.4000995457172394,0.010598670691251755,False,0.864347146207975,-3956.7890625,-802.03125,-1273.927490234375,-1273.927490234375,21.18132209777832
889,images/0889_wrong_label_1.png,wrong_label_1,34226,0.0,719,True,0.5491495728492737,0.0042657447047531605,False,0.856137607505864,-4791.6162109375,-1679.6064453125,-2360.43408203125,-2360.43408203125,13.060148239135742
890,images/0890_wrong_label_1.png,wrong_label_1,35067,0.0,978,True,0.5658718347549438,0.000969264714512974,False,0.7322126661454261,-6244.04638671875,-2971.70849609375,-3589.1845703125,-3589.1845703125,17.863656997680664
891,images/0891_wrong_label_1.png,wrong_label_1,37023,0.0,650,True,0.2765730619430542,0.014277082867920399,False,0.766223612197029,-11573.01953125,-8477.9765625,-9000.7041015625,-9000.7041015625,9.678484916687012
892,images/0892_wrong_label_1.png,wrong_label_1,22695,0.0,548,True,0.44591188430786133,0.03516693413257599,False,0.910086004691165,-4663.67138671875,-1552.56103515625,-1952.87744140625,-1952.87744140625,13.609623908996582
893,images/0893_wrong_label_1.png,wrong_label_1,4866,0.0,8,True,0.21963663399219513,0.02781749702990055,False,0.5797498045347929,-5537.31103515625,-2726.849609375,-2998.54638671875,-2998.54638671875,27.233243942260742
894,images/0894_wrong_label_1.png,wrong_label_1,16499,0.0,896,True,0.258188933134079,0.0020545651204884052,False,0.6231430805316653,-4883.2392578125,-2034.597900390625,-2524.746826171875,-2524.746826171875,12.650430679321289
895,images/0895_wrong_label_1.png,wrong_label_1,6930,0.0,141,True,0.3631550371646881,0.0010333702666684985,False,0.6982017200938233,-3943.43212890625,-791.087890625,-1187.0301513671875,-1187.0301513671875,18.053558349609375
896,images/0896_wrong_label_2.png,wrong_label_2,17150,0.0,298,True,0.4560575485229492,0.06853124499320984,False,0.9323690383111807,-3120.15478515625,-223.496826171875,-541.5780029296875,-541.5780029296875,10.355241775512695
897,images/0897_wrong_label_2.png,wrong_label_2,11728,0.0,240,True,0.6366731524467468,0.005022453609853983,False,0.8756841282251759,-5021.89013671875,-2029.17431640625,-2433.41748046875,-2433.41748046875,11.87753963470459
898,images/0898_wrong_label_2.png,wrong_label_2,43251,0.0,417,True,0.3794712722301483,0.011025686748325825,False,0.856137607505864,-4586.1162109375,-1290.011474609375,-1920.947265625,-1920.947265625,27.3588924407959
899,images/0899_wrong_label_2.png,wrong_label_2,16597,0.0,332,True,0.6506664156913757,0.0023558989632874727,False,0.8299452697419859,-4582.0546875,-1450.62890625,-1893.8099365234375,-1893.8099365234375,9.595616340637207
900,images/0900_wrong_label_2.png,wrong_label_2,31060,0.0,595,True,0.3524158000946045,0.0028419087175279856,False,0.7834245504300235,-4292.64111328125,-1321.380859375,-1851.77099609375,-1851.77099609375,21.063913345336914
901,images/0901_wrong_label_2.png,wrong_label_2,31374,0.0,762,True,0.2908780872821808,0.02408531866967678,False,0.8100078186082877,-5187.67333984375,-2304.32421875,-2786.334228515625,-2786.334228515625,10.724018096923828
902,images/0902_wrong_label_2.png,wrong_label_2,28500,0.0,412,True,0.27899524569511414,0.02792413905262947,False,0.794370602032838,-9545.009765625,-7065.0703125,-7581.34130859375,-7581.34130859375,8.131124496459961
903,images/0903_wrong_label_2.png,wrong_label_2,4138,0.0,86,True,0.20049640536308289,0.016347093507647514,False,0.49609069585613763,-3527.02880859375,-476.55322265625,-1031.7269287109375,-1031.7269287109375,17.9062557220459
904,images/0904_wrong_label_2.png,wrong_label_2,1450,0.0,987,True,0.33117780089378357,0.001390680205076933,False,0.7079749804534793,-5440.732421875,-2604.73095703125,-3164.97314453125,-3164.97314453125,14.682382583618164
905,images/0905_wrong_label_2.png,wrong_label_2,25737,0.0,172,True,0.2480221837759018,0.06271294504404068,False,0.7142298670836591,-3545.505859375,-472.6533203125,-927.6163330078125,-927.6163330078125,15.19494342803955
906,images/0906_wrong_label_2.png,wrong_label_2,10291,0.0,256,True,0.43969717621803284,0.056269045919179916,False,0.9198592650508209,-4458.66796875,-1320.93359375,-1665.823974609375,-1665.823974609375,14.82544994354248
907,images/0907_wrong_label_2.png,wrong_label_2,48399,0.0,969,True,0.15949563682079315,0.009566917084157467,False,0.4089132134480063,-6704.72412109375,-3630.93212890625,-4244.87109375,-4244.87109375,15.031705856323242
908,images/0908_wrong_label_2.png,wrong_label_2,15865,0.0,314,True,0.3385642468929291,0.0008613097597844899,False,0.6591086786551994,-6108.55517578125,-3049.61669921875,-3724.280517578125,-3724.280517578125,22.90618133544922
909,images/0909_wrong_label_2.png,wrong_label_2,11390,0.0,225,True,0.3463243842124939,0.0252621378749609,False,0.8631743549648163,-4617.4794921875,-1760.10009765625,-2131.26904296875,-2131.26904296875,12.77231216430664
910,images/0910_wrong_label_2.png,wrong_label_2,33665,0.0,526,True,0.31286096572875977,0.04464065656065941,False,0.846364347146208,-6034.841796875,-3056.83154296875,-3638.93701171875,-3638.93701171875,12.098136901855469
911,images/0911_wrong_label_2.png,wrong_label_2,20012,0.0,834,True,0.4056311547756195,0.012912904843688011,False,0.8721657544956998,-4853.0595703125,-1604.341064453125,-2136.383056640625,-2136.383056640625,10.994956016540527
912,images/0912_wrong_label_2.png,wrong_label_2,8050,0.0,785,True,0.3962230086326599,0.030324017629027367,False,0.8874120406567632,-6340.2734375,-3240.868896484375,-3681.3662109375,-3681.3662109375,13.87724781036377
913,images/0913_wrong_label_2.png,wrong_label_2,43881,0.0,799,True,0.4472506046295166,0.009314264170825481,False,0.8749022673964035,-7414.9658203125,-4209.58154296875,-4816.38525390625,-4816.38525390625,19.484712600708008
914,images/0914_wrong_label_2.png,wrong_label_2,4238,0.0,754,True,0.407071590423584,0.0036451988853514194,False,0.8209538702111023,-4160.5947265625,-1341.3076171875,-2158.36181640625,-2158.36181640625,18.440052032470703
915,images/0915_wrong_label_2.png,wrong_label_2,31122,0.0,872,True,0.5709311366081238,0.007592877838760614,False,0.8870211102423768,-7407.9423828125,-4581.978515625,-5353.80712890625,-5353.80712890625,7.592946529388428
916,images/0916_wrong_label_2.png,wrong_label_2,13022,0.0,244,True,0.5448580384254456,0.0025194641202688217,False,0.8260359655981235,-4382.47021484375,-1344.58544921875,-1608.431884765625,-1608.431884765625,12.148743629455566
917,images/0917_wrong_label_2.png,wrong_label_2,46286,0.0,923,True,0.2606429159641266,0.002270045690238476,False,0.6379984362783424,-6993.0595703125,-3831.061279296875,-4404.9580078125,-4404.9580078125,18.074430465698242
918,images/0918_wrong_label_2.png,wrong_label_2,29271,0.0,720,True,0.27863115072250366,0.023706022650003433,False,0.7869429241594996,-5138.8740234375,-2188.26806640625,-2873.73046875,-2873.73046875,6.071059703826904
919,images/0919_wrong_label_2.png,wrong_label_2,10108,0.0,188,True,0.2651284635066986,0.0025599112268537283,False,0.6637998436278343,-4199.78662109375,-1374.142578125,-1821.235107421875,-1821.235107421875,22.344436645507812
920,images/0920_wrong_label_2.png,wrong_label_2,37964,0.0,872,True,0.5360620617866516,0.01570243388414383,False,0.903440187646599,-8832.130859375,-6006.1669921875,-6374.01708984375,-6374.01708984375,13.6023530960083
921,images/0921_wrong_label_2.png,wrong_label_2,45563,0.0,824,True,0.2707041800022125,0.0749371349811554,False,0.7955433932759969,-4690.841796875,-1687.276123046875,-2092.3720703125,-2092.3720703125,13.614383697509766
922,images/0922_wrong_label_2.png,wrong_label_2,35970,0.0,390,True,0.3982091546058655,0.009052786976099014,False,0.8553557466770915,-8053.228515625,-5367.7236328125,-5790.0966796875,-5790.0966796875,12.341506004333496
923,images/0923_wrong_label_2.png,wrong_label_2,48905,0.0,460,True,0.31102150678634644,0.00850845780223608,False,0.7955433932759969,-4956.1201171875,-1621.780029296875,-2074.24072265625,-2074.24072265625,8.76733684539795
924,images/0924_wrong_label_2.png,wrong_label_2,47333,0.0,324,True,0.2359875738620758,0.014979824423789978,False,0.6282251759186864,-4690.61474609375,-1774.3310546875,-2236.283447265625,-2236.283447265625,14.310224533081055
925,images/0925_wrong_label_2.png,wrong_label_2,48411,0.0,855,True,0.3157538175582886,0.02522970549762249,False,0.8451915559030493,-4476.4990234375,-1315.833740234375,-1781.47900390625,-1781.47900390625,7.622482776641846
926,images/0926_wrong_label_2.png,wrong_label_2,45623,0.0,21,True,0.20204943418502808,0.09984983503818512,False,0.5445660672400313,-2967.082763671875,895.490966796875,-242.1171417236328,-242.1171417236328,19.726375579833984
927,images/0927_wrong_label_2.png,wrong_label_2,48971,0.0,976,True,0.28135955333709717,0.012826895341277122,False,0.777951524628616,-3854.273193359375,-352.67724609375,-944.228515625,-944.228515625,10.95766544342041
928,images/0928_wrong_label_2.png,wrong_label_2,23779,0.0,836,True,0.6360913515090942,0.001470885588787496,False,0.787724784988272,-7619.14990234375,-4806.546875,-5447.390625,-5447.390625,9.978212356567383
929,images/0929_wrong_label_2.png,wrong_label_2,5963,0.0,994,True,0.2557609975337982,0.01933266781270504,False,0.7169663799843629,-2952.548583984375,-339.1669921875,-854.465087890625,-854.465087890625,11.811017990112305
930,images/0930_wrong_label_2.png,wrong_label_2,48655,0.0,983,True,0.29921841621398926,0.00544515298679471,False,0.77443315089914,-7626.12890625,-4138.6748046875,-4917.142578125,-4917.142578125,13.873879432678223
931,images/0931_wrong_label_2.png,wrong_label_2,18346,0.0,369,True,0.33058249950408936,0.0022709935437887907,False,0.7505863956215794,-3993.277099609375,-1130.943603515625,-1498.57080078125,-1498.57080078125,13.15483570098877
932,images/0932_wrong_label_2.png,wrong_label_2,27925,0.0,732,True,0.31302937865257263,0.04274282976984978,False,0.8467552775605942,-7590.9892578125,-4193.4892578125,-4671.47705078125,-4671.47705078125,19.826988220214844
933,images/0933_wrong_label_2.png,wrong_label_2,33656,0.0,916,True,0.4116162657737732,0.007982504554092884,False,0.8616106333072713,-11337.73828125,-7992.18310546875,-8845.580078125,-8845.580078125,7.998114109039307
934,images/0934_wrong_label_2.png,wrong_label_2,32154,0.0,560,True,0.28194665908813477,0.04013253003358841,False,0.8119624706802189,-5489.1240234375,-2620.959228515625,-3039.2119140625,-3039.2119140625,20.551267623901367
935,images/0935_wrong_label_2.png,wrong_label_2,6316,0.0,69,True,0.32327520847320557,0.0014725717483088374,False,0.7107114933541829,-3458.09423828125,-678.3251953125,-839.4144287109375,-839.4144287109375,19.870634078979492
936,images/0936_wrong_label_2.png,wrong_label_2,32802,0.0,654,True,0.35555434226989746,0.05289145186543465,False,0.8878029710711494,-4409.3369140625,-1506.1484375,-1886.682861328125,-1886.682861328125,13.602670669555664
937,images/0937_wrong_label_2.png,wrong_label_2,30053,0.0,578,True,0.47406113147735596,0.03550669923424721,False,0.9194683346364347,-4882.021484375,-1656.970458984375,-2126.971435546875,-2126.971435546875,31.768959045410156
938,images/0938_wrong_label_2.png,wrong_label_2,8924,0.0,434,True,0.45427829027175903,0.003503277199342847,False,0.8330727130570759,-7515.5703125,-4428.3076171875,-5027.97607421875,-5027.97607421875,21.0825252532959
939,images/0939_wrong_label_2.png,wrong_label_2,45240,0.0,811,True,0.4075346887111664,0.008894620463252068,False,0.86278342455043,-6837.45703125,-3920.89794921875,-4759.86474609375,-4759.86474609375,8.801121711730957
940,images/0940_wrong_label_2.png,wrong_label_2,40139,0.0,972,True,0.35048574209213257,0.0019530608551576734,False,0.7517591868647381,-3114.7802734375,-101.1708984375,-514.2880859375,-514.2880859375,9.337450981140137
941,images/0941_wrong_label_2.png,wrong_label_2,49094,0.0,489,True,0.3791748285293579,0.009811637923121452,False,0.8494917904612979,-3641.480712890625,-1029.063720703125,-1398.154541015625,-1398.154541015625,16.127817153930664
942,images/0942_wrong_label_2.png,wrong_label_2,27257,0.0,798,True,0.2612721621990204,0.004577327519655228,False,0.6821735731039875,-6035.7412109375,-2762.77392578125,-3370.637451171875,-3370.637451171875,21.886014938354492
943,images/0943_wrong_label_2.png,wrong_label_2,41559,0.0,706,True,0.3376663029193878,0.011300741694867611,False,0.8362001563721657,-4306.5205078125,-1488.35546875,-1804.7457275390625,-1804.7457275390625,10.566169738769531
944,images/0944_wrong_label_2.png,wrong_label_2,43470,0.0,834,True,0.31571194529533386,0.02834041230380535,False,0.8451915559030492,-7727.7509765625,-4479.0322265625,-4985.7099609375,-4985.7099609375,12.713484764099121
945,images/0945_wrong_label_2.png,wrong_label_2,38740,0.0,670,True,0.3145337402820587,0.011287586763501167,False,0.8174354964816263,-3545.367919921875,-951.03173828125,-1315.4461669921875,-1315.4461669921875,12.32802677154541
946,images/0946_wrong_label_2.png,wrong_label_2,18229,0.0,295,True,0.5228608250617981,0.0032258685678243637,False,0.8369820172009382,-4065.935302734375,-1170.398193359375,-1494.45947265625,-1494.45947265625,10.878816604614258
947,images/0947_wrong_label_2.png,wrong_label_2,1074,0.0,2,True,0.35601815581321716,0.0019801680464297533,False,0.7591868647380766,-6827.017578125,-3547.838623046875,-4325.73828125,-4325.73828125,7.312528133392334
948,images/0948_wrong_label_2.png,wrong_label_2,38610,0.0,792,True,0.24029743671417236,0.002681533107534051,False,0.5762314308053167,-3012.13525390625,-671.74658203125,-1223.6749267578125,-1223.6749267578125,15.28632640838623
949,images/0949_wrong_label_2.png,wrong_label_2,37135,0.0,760,True,0.22224308550357819,0.0674041137099266,False,0.6141516810007819,-5282.267578125,-2515.82275390625,-3038.140625,-3038.140625,10.114449501037598
950,images/0950_wrong_label_2.png,wrong_label_2,48672,0.0,65,True,0.39021313190460205,0.014104056172072887,False,0.86591086786552,-6222.576171875,-3577.724365234375,-4252.833984375,-4252.833984375,15.905238151550293
951,images/0951_wrong_label_2.png,wrong_label_2,32843,0.0,757,True,0.3135867118835449,0.03631952404975891,False,0.8444096950742768,-10228.9765625,-7249.76708984375,-7527.103515625,-7527.103515625,7.8565897941589355
952,images/0952_wrong_label_2.png,wrong_label_2,42527,0.0,495,True,0.4000995457172394,0.007354842033237219,False,0.8506645817044567,-3883.595947265625,-773.706787109375,-1218.26171875,-1218.26171875,20.73271369934082
953,images/0953_wrong_label_2.png,wrong_label_2,34226,0.0,804,True,0.5491495728492737,0.002508890815079212,False,0.8264268960125098,-4504.798828125,-1664.38037109375,-2410.0107421875,-2410.0107421875,13.724380493164062
954,images/0954_wrong_label_2.png,wrong_label_2,35067,0.0,557,True,0.5658718347549438,0.0009548357338644564,False,0.7310398749022674,-6871.17431640625,-3534.790771484375,-4252.0107421875,-4252.0107421875,16.89907455444336
955,images/0955_wrong_label_2.png,wrong_label_2,37023,0.0,589,True,0.2765730619430542,0.011591213755309582,False,0.7615324472243941,-11157.275390625,-8303.3056640625,-8899.328125,-8899.328125,9.652806282043457
956,images/0956_wrong_label_2.png,wrong_label_2,22695,0.0,454,True,0.44591188430786133,0.008232851512730122,False,0.8686473807662236,-3903.2841796875,-1202.89306640625,-1537.00732421875,-1537.00732421875,12.751559257507324
957,images/0957_wrong_label_2.png,wrong_label_2,4866,0.0,137,True,0.21963663399219513,0.00578233040869236,False,0.5320562939796716,-5829.87451171875,-2697.676513671875,-3035.7578125,-3035.7578125,29.0728759765625
958,images/0958_wrong_label_2.png,wrong_label_2,16499,0.0,435,True,0.258188933134079,0.0019809200894087553,False,0.6211884284597342,-5020.7880859375,-1876.274169921875,-2511.09130859375,-2511.09130859375,12.387396812438965
959,images/0959_wrong_label_2.png,wrong_label_2,6930,0.0,80,True,0.3631550371646881,0.0009985034121200442,False,0.6892103205629398,-4113.30615234375,-972.74560546875,-1237.245361328125,-1237.245361328125,17.120302200317383
960,images/0960_wrong_label_3.png,wrong_label_3,17150,0.0,337,True,0.4560575485229492,0.019221656024456024,False,0.9026583268178264,-3126.538818359375,-216.543212890625,-604.9998168945312,-604.9998168945312,10.159570693969727
961,images/0961_wrong_label_3.png,wrong_label_3,11728,0.0,238,True,0.6366731524467468,0.0022244753781706095,False,0.8252541047693511,-4934.2744140625,-1949.830810546875,-2338.562744140625,-2338.562744140625,10.846660614013672
962,images/0962_wrong_label_3.png,wrong_label_3,43251,0.0,509,True,0.3794712722301483,0.007371550425887108,False,0.8416731821735731,-3738.29736328125,-1093.04345703125,-1503.6866455078125,-1503.6866455078125,24.850238800048828
963,images/0963_wrong_label_3.png,wrong_label_3,16597,0.0,104,True,0.6506664156913757,0.002086489461362362,False,0.8221266614542612,-4224.60107421875,-1345.9404296875,-1657.133056640625,-1657.133056640625,10.819263458251953
964,images/0964_wrong_label_3.png,wrong_label_3,31060,0.0,216,True,0.3524158000946045,0.002824502531439066,False,0.7830336200156373,-4408.330078125,-1529.44287109375,-2058.72216796875,-2058.72216796875,16.485225677490234
965,images/0965_wrong_label_3.png,wrong_label_3,31374,0.0,646,True,0.2908780872821808,0.02192610315978527,False,0.8064894448788116,-5419.0009765625,-2595.2744140625,-2924.609130859375,-2924.609130859375,11.049261093139648
966,images/0966_wrong_label_3.png,wrong_label_3,28500,0.0,482,True,0.27899524569511414,0.013250619173049927,False,0.7748240813135262,-10292.84765625,-7348.46240234375,-7961.783203125,-7961.783203125,8.587502479553223
967,images/0967_wrong_label_3.png,wrong_label_3,4138,0.0,81,True,0.20049640536308289,0.004148596897721291,False,0.44292415949960906,-3564.994873046875,-504.713623046875,-952.130615234375,-952.130615234375,16.382673263549805
968,images/0968_wrong_label_3.png,wrong_label_3,1450,0.0,998,True,0.33117780089378357,0.0012783219572156668,False,0.706020328381548,-5286.7138671875,-2581.82763671875,-3146.47900390625,-3146.47900390625,15.63926887512207
969,images/0969_wrong_label_3.png,wrong_label_3,25737,0.0,515,True,0.2480221837759018,0.049979597330093384,False,0.7099296325254105,-3244.08251953125,-506.007080078125,-951.465576171875,-951.465576171875,13.873573303222656
970,images/0970_wrong_label_3.png,wrong_label_3,10291,0.0,266,True,0.43969717621803284,0.045122794806957245,False,0.916731821735731,-4463.04736328125,-1229.06982421875,-1587.171875,-1587.171875,14.969614028930664
971,images/0971_wrong_label_3.png,wrong_label_3,48399,0.0,964,True,0.15949563682079315,0.004642299842089415,False,0.3784206411258796,-6214.1708984375,-2867.76318359375,-3422.03369140625,-3422.03369140625,15.65785026550293
972,images/0972_wrong_label_3.png,wrong_label_3,15865,0.0,304,True,0.3385642468929291,0.0008426286512985826,False,0.6579358874120407,-6508.41796875,-3277.671142578125,-3925.97509765625,-3925.97509765625,25.445165634155273
973,images/0973_wrong_label_3.png,wrong_label_3,11390,0.0,208,True,0.3463243842124939,0.024146301671862602,False,0.86278342455043,-4874.4638671875,-1855.64013671875,-2253.282958984375,-2253.282958984375,12.510908126831055
974,images/0974_wrong_label_3.png,wrong_label_3,33665,0.0,664,True,0.31286096572875977,0.042300447821617126,False,0.844800625488663,-6491.64697265625,-3475.635986328125,-4141.48876953125,-4141.48876953125,12.120427131652832
975,images/0975_wrong_label_3.png,wrong_label_3,20012,0.0,439,True,0.4056311547756195,0.01052706129848957,False,0.8674745895230649,-4218.115234375,-1642.96044921875,-1954.876953125,-1954.876953125,10.7565279006958
976,images/0976_wrong_label_3.png,wrong_label_3,8050,0.0,164,True,0.3962230086326599,0.015264270827174187,False,0.8713838936669274,-5597.5205078125,-2714.7421875,-3060.77001953125,-3060.77001953125,14.592529296875
977,images/0977_wrong_label_3.png,wrong_label_3,43881,0.0,466,True,0.4472506046295166,0.00904297549277544,False,0.8737294761532447,-6696.28125,-3781.93310546875,-4166.51904296875,-4166.51904296875,22.249656677246094
978,images/0978_wrong_label_3.png,wrong_label_3,4238,0.0,870,True,0.407071590423584,0.0035963240079581738,False,0.8205629397967162,-3845.90185546875,-1121.294677734375,-1509.92138671875,-1509.92138671875,18.99306297302246
979,images/0979_wrong_label_3.png,wrong_label_3,31122,0.0,754,True,0.5709311366081238,0.004129685461521149,False,0.8577013291634089,-8426.779296875,-5607.4921875,-6139.818359375,-6139.818359375,7.588956832885742
980,images/0980_wrong_label_3.png,wrong_label_3,13022,0.0,676,True,0.5448580384254456,0.001813114038668573,False,0.8010164190774042,-3947.39208984375,-1286.41943359375,-1836.352294921875,-1836.352294921875,13.544772148132324
981,images/0981_wrong_label_3.png,wrong_label_3,46286,0.0,968,True,0.2606429159641266,0.001547312131151557,False,0.609460516028147,-7424.10546875,-4561.744140625,-5182.56396484375,-5182.56396484375,17.01498031616211
982,images/0982_wrong_label_3.png,wrong_label_3,29271,0.0,631,True,0.27863115072250366,0.01565643958747387,False,0.7759968725566849,-5084.96875,-2055.00927734375,-2886.541015625,-2886.541015625,5.679037094116211
983,images/0983_wrong_label_3.png,wrong_label_3,10108,0.0,200,True,0.2651284635066986,0.002495177322998643,False,0.6606724003127443,-4462.7685546875,-1410.81103515625,-1713.851806640625,-1713.851806640625,20.94906234741211
984,images/0984_wrong_label_3.png,wrong_label_3,37964,0.0,552,True,0.5360620617866516,0.009641568176448345,False,0.8878029710711492,-8897.1865234375,-5911.82568359375,-6474.701171875,-6474.701171875,12.277484893798828
985,images/0985_wrong_label_3.png,wrong_label_3,45563,0.0,533,True,0.2707041800022125,0.06070709601044655,False,0.7924159499609069,-4743.2841796875,-1654.8212890625,-2052.3017578125,-2052.3017578125,13.357946395874023
986,images/0986_wrong_label_3.png,wrong_label_3,35970,0.0,587,True,0.3982091546058655,0.007237552665174007,False,0.8487099296325253,-8208.6875,-5599.97607421875,-6242.0390625,-6242.0390625,11.485468864440918
987,images/0987_wrong_label_3.png,wrong_label_3,48905,0.0,977,True,0.31102150678634644,0.005599552299827337,False,0.7818608287724785,-5121.43310546875,-1864.0400390625,-2341.2578125,-2341.2578125,9.086304664611816
988,images/0988_wrong_label_3.png,wrong_label_3,47333,0.0,325,True,0.2359875738620758,0.013931735418736935,False,0.6258795934323691,-4940.328125,-1815.250244140625,-2345.6806640625,-2345.6806640625,14.906694412231445
989,images/0989_wrong_label_3.png,wrong_label_3,48411,0.0,504,True,0.3157538175582886,0.01915368251502514,False,0.8377638780297108,-4514.494140625,-1581.53759765625,-2042.8468017578125,-2042.8468017578125,7.935357570648193
990,images/0990_wrong_label_3.png,wrong_label_3,45623,0.0,489,True,0.20204943418502808,0.0199604369699955,False,0.5089913995308836,-2654.138671875,-41.7216796875,-351.1409606933594,-351.1409606933594,24.038490295410156
991,images/0991_wrong_label_3.png,wrong_label_3,48971,0.0,888,True,0.28135955333709717,0.005411598831415176,False,0.7490226739640344,-3474.89794921875,-406.919921875,-849.2113037109375,-849.2113037109375,11.499114990234375
992,images/0992_wrong_label_3.png,wrong_label_3,23779,0.0,487,True,0.6360913515090942,0.001115623046644032,False,0.7615324472243941,-7706.3525390625,-4730.5458984375,-5305.783203125,-5305.783203125,10.33155632019043
993,images/0993_wrong_label_3.png,wrong_label_3,5963,0.0,992,True,0.2557609975337982,0.011216931976377964,False,0.7013291634089132,-3341.065673828125,-415.2294921875,-893.297119140625,-893.297119140625,12.189538955688477
994,images/0994_wrong_label_3.png,wrong_label_3,48655,0.0,112,True,0.29921841621398926,0.004264572635293007,False,0.7595777951524628,-5774.94384765625,-3318.93798828125,-3666.023193359375,-3666.023193359375,13.589804649353027
995,images/0995_wrong_label_3.png,wrong_label_3,18346,0.0,379,True,0.33058249950408936,0.0018938776338472962,False,0.7369038311180609,-3686.5048828125,-947.15087890625,-1345.2020263671875,-1345.2020263671875,13.76294231414795
996,images/0996_wrong_label_3.png,wrong_label_3,27925,0.0,563,True,0.31302937865257263,0.01374733354896307,False,0.8162627052384676,-7732.0712890625,-4446.8251953125,-5038.10986328125,-5038.10986328125,20.164058685302734
997,images/0997_wrong_label_3.png,wrong_label_3,33656,0.0,883,True,0.4116162657737732,0.005382606294006109,False,0.8475371383893666,-10882.33984375,-7775.80615234375,-8575.17578125,-8575.17578125,8.730338096618652
998,images/0998_wrong_label_3.png,wrong_label_3,32154,0.0,691,True,0.28194665908813477,0.03551861271262169,False,0.808835027365129,-5605.7978515625,-2851.79931640625,-3501.80859375,-3501.80859375,20.808080673217773
999,images/0999_wrong_label_3.png,wrong_label_3,6316,0.0,79,True,0.32327520847320557,0.0012278390349820256,False,0.6939014855355746,-3037.8291015625,-186.123046875,-648.9539794921875,-648.9539794921875,17.62417221069336
1000,images/1000_wrong_label_3.png,wrong_label_3,32802,0.0,407,True,0.35555434226989746,0.01095170434564352,False,0.8471462079749804,-4450.0908203125,-1476.66943359375,-1814.3109130859375,-1814.3109130859375,13.877423286437988
1001,images/1001_wrong_label_3.png,wrong_label_3,30053,0.0,903,True,0.47406113147735596,0.020936287939548492,False,0.9069585613760751,-4611.599609375,-1568.029541015625,-2070.95654296875,-2070.95654296875,31.961864471435547
1002,images/1002_wrong_label_3.png,wrong_label_3,8924,0.0,171,True,0.45427829027175903,0.003468808252364397,False,0.8330727130570759,-7291.9833984375,-4399.4091796875,-4905.20068359375,-4905.20068359375,21.418134689331055
1003,images/1003_wrong_label_3.png,wrong_label_3,45240,0.0,980,True,0.4075346887111664,0.0029884185642004013,False,0.815480844409695,-7528.2060546875,-4309.37255859375,-5087.9345703125,-5087.9345703125,8.501232147216797
1004,images/1004_wrong_label_3.png,wrong_label_3,40139,0.0,792,True,0.35048574209213257,0.0017447485588490963,False,0.745113369820172,-2525.1220703125,-184.7333984375,-630.153076171875,-630.153076171875,10.519254684448242
1005,images/1005_wrong_label_3.png,wrong_label_3,49094,0.0,781,True,0.3791748285293579,0.002596041886135936,False,0.7865519937451133,-4212.4541015625,-1227.520751953125,-1693.5277099609375,-1693.5277099609375,17.677387237548828
1006,images/1006_wrong_label_3.png,wrong_label_3,27257,0.0,754,True,0.2612721621990204,0.0032783704809844494,False,0.6681000781860829,-5417.31591796875,-2598.02880859375,-3313.59228515625,-3313.59228515625,21.140544891357422
1007,images/1007_wrong_label_3.png,wrong_label_3,41559,0.0,799,True,0.3376663029193878,0.009379316121339798,False,0.8287724784988272,-5015.4677734375,-1810.08349609375,-2271.58251953125,-2271.58251953125,11.826251983642578
1008,images/1008_wrong_label_3.png,wrong_label_3,43470,0.0,903,True,0.31571194529533386,0.023676181212067604,False,0.8412822517591869,-7126.79443359375,-4083.224365234375,-4616.6748046875,-4616.6748046875,11.205122947692871
1009,images/1009_wrong_label_3.png,wrong_label_3,38740,0.0,502,True,0.3145337402820587,0.00867229513823986,False,0.8068803752931978,-3805.93115234375,-1209.974609375,-1639.6016845703125,-1639.6016845703125,11.960675239562988
1010,images/1010_wrong_label_3.png,wrong_label_3,18229,0.0,294,True,0.5228608250617981,0.0028660360258072615,False,0.8307271305707584,-4145.3955078125,-1198.375,-1415.45166015625,-1415.45166015625,10.548255920410156
1011,images/1011_wrong_label_3.png,wrong_label_3,1074,0.0,461,True,0.35601815581321716,0.0015410559717565775,False,0.7404222048475372,-5900.40283203125,-2974.29541015625,-3533.242919921875,-3533.242919921875,6.438389301300049
1012,images/1012_wrong_label_3.png,wrong_label_3,38610,0.0,584,True,0.24029743671417236,0.002003141213208437,False,0.553948397185301,-3837.26904296875,-880.802001953125,-1546.389404296875,-1546.389404296875,15.907750129699707
1013,images/1013_wrong_label_3.png,wrong_label_3,37135,0.0,917,True,0.22224308550357819,0.013090462423861027,False,0.5731039874902267,-5024.8935546875,-2399.345458984375,-2853.4599609375,-2853.4599609375,9.416863441467285
1014,images/1014_wrong_label_3.png,wrong_label_3,48672,0.0,913,True,0.39021313190460205,0.010316598229110241,False,0.8569194683346364,-6837.5419921875,-3789.232421875,-4347.3623046875,-4347.3623046875,14.006367683410645
1015,images/1015_wrong_label_3.png,wrong_label_3,32843,0.0,407,True,0.3135867118835449,0.01549797598272562,False,0.8229085222830336,-9970.0009765625,-6996.57958984375,-7533.5546875,-7533.5546875,7.578341960906982
1016,images/1016_wrong_label_3.png,wrong_label_3,42527,0.0,509,True,0.4000995457172394,0.0067898365668952465,False,0.8483189992181391,-3248.980224609375,-603.726318359375,-1009.3577880859375,-1009.3577880859375,22.0443115234375
1017,images/1017_wrong_label_3.png,wrong_label_3,34226,0.0,865,True,0.5491495728492737,0.0025101234205067158,False,0.8272087568412823,-3650.2373046875,-1036.027099609375,-1578.096923828125,-1578.096923828125,12.964302062988281
1018,images/1018_wrong_label_3.png,wrong_label_3,35067,0.0,405,True,0.5658718347549438,0.0009261753875762224,False,0.727130570758405,-7083.2294921875,-3561.80078125,-4135.548828125,-4135.548828125,17.993663787841797
1019,images/1019_wrong_label_3.png,wrong_label_3,37023,0.0,981,True,0.2765730619430542,0.008620621636509895,False,0.7498045347928068,-10071.7734375,-6996.57421875,-7461.8623046875,-7461.8623046875,9.44308090209961
1020,images/1020_wrong_label_3.png,wrong_label_3,22695,0.0,495,True,0.44591188430786133,0.003106491407379508,False,0.8248631743549648,-4486.5322265625,-1376.64306640625,-1865.3480224609375,-1865.3480224609375,13.345463752746582
1021,images/1021_wrong_label_3.png,wrong_label_3,4866,0.0,100,True,0.21963663399219513,0.005679362919181585,False,0.5316653635652854,-6009.248046875,-2959.65234375,-3176.73974609375,-3176.73974609375,29.058250427246094
1022,images/1022_wrong_label_3.png,wrong_label_3,16499,0.0,48,True,0.258188933134079,0.001947827753610909,False,0.6200156372165755,-4539.64892578125,-1727.335205078125,-1972.0577392578125,-1972.0577392578125,14.962547302246094
1023,images/1023_wrong_label_3.png,wrong_label_3,6930,0.0,172,True,0.3631550371646881,0.0009857714176177979,False,0.6876465989053948,-3915.750732421875,-842.898193359375,-1291.598876953125,-1291.598876953125,19.12610626220703
1024,images/1024_failure_none.png,failure_none,17150,0.95,343,False,0.23915797472000122,0.00041370396502316,False,0.35066458170445663,6701.40625,9659.6044921875,9430.63671875,9430.63671875,258.7366027832031
1025,images/1025_failure_none.png,failure_none,11728,0.95,234,False,0.24947798252105713,0.0010669745970517397,False,0.5265832681782643,7317.1083984375,10421.1669921875,10108.5859375,10108.5859375,258.41937255859375
1026,images/1026_failure_none.png,failure_none,43251,0.95,865,False,0.29841509461402893,0.00018877186812460423,False,0.40109460516028145,6092.3154296875,8706.525390625,8375.7041015625,8375.7041015625,256.92059326171875
1027,images/1027_failure_none.png,failure_none,16597,0.95,331,False,0.2732055187225342,0.0020883253309875727,False,0.6681000781860829,7016.10888671875,10053.06640625,9662.4931640625,9662.4931640625,258.4007263183594
1028,images/1028_failure_none.png,failure_none,31060,0.95,621,False,0.30149585008621216,0.0004105177940800786,False,0.5113369820172009,6971.0361328125,9550.86328125,9265.56640625,9265.56640625,254.50497436523438
1029,images/1029_failure_none.png,failure_none,31374,0.95,627,False,0.24253195524215698,0.00016776920529082417,False,0.2470680218921032,7084.9033203125,9997.626953125,9727.80859375,9727.80859375,258.4017639160156
1030,images/1030_failure_none.png,failure_none,28500,0.95,570,False,0.21427521109580994,0.00037997413892298937,False,0.23338545738858485,7921.61376953125,10668.9111328125,10155.4384765625,10155.4384765625,257.2750244140625
1031,images/1031_failure_none.png,failure_none,4138,0.95,82,False,0.18049922585487366,0.001639102352783084,False,0.3287724784988272,6743.0107421875,9729.375,9378.712890625,9378.712890625,260.72625732421875
1032,images/1032_failure_none.png,failure_none,1450,0.95,29,False,0.2619315981864929,0.010525115765631199,False,0.7224394057857702,7411.66015625,10679.6083984375,10361.8310546875,10361.8310546875,265.3289794921875
1033,images/1033_failure_none.png,failure_none,25737,0.95,514,False,0.2051338255405426,0.0015009265625849366,False,0.3913213448006255,7306.162109375,10025.556640625,9695.3916015625,9695.3916015625,256.5739440917969
1034,images/1034_failure_none.png,failure_none,10291,0.95,205,False,0.25968414545059204,0.0014542434364557266,False,0.5949960906958562,6854.6708984375,9912.810546875,9722.6103515625,9722.6103515625,259.79052734375
1035,images/1035_failure_none.png,failure_none,48399,0.95,967,False,0.20737190544605255,0.000488181016407907,False,0.26465989053948397,8116.6298828125,11199.048828125,10777.400390625,10777.400390625,268.63726806640625
1036,images/1036_failure_none.png,failure_none,15865,0.95,317,False,0.24068331718444824,0.0010179141536355019,False,0.4886630179827991,8299.4091796875,11443.453125,11037.158203125,11037.158203125,267.6065368652344
1037,images/1037_failure_none.png,failure_none,11390,0.95,227,False,0.2411234974861145,0.006245479919016361,False,0.627443315089914,6834.2666015625,9812.4453125,9606.1923828125,9606.1923828125,255.0792694091797
1038,images/1038_failure_none.png,failure_none,33665,0.95,673,False,0.19389598071575165,0.00043291100882925093,False,0.19155590304925724,8822.189453125,11833.794921875,11019.1328125,11019.1328125,260.2364807128906
1039,images/1039_failure_none.png,failure_none,20012,0.95,400,False,0.20424845814704895,0.0006043910398148,False,0.2759968725566849,7523.17138671875,10333.765625,9978.255859375,9978.255859375,262.0382385253906
1040,images/1040_failure_none.png,failure_none,8050,0.95,161,False,0.1765175759792328,0.0016163596883416176,False,0.32134480062548865,7205.6279296875,10140.724609375,9847.087890625,9847.087890625,257.0178527832031
1041,images/1041_failure_none.png,failure_none,43881,0.95,877,False,0.29377281665802,0.00023276524734683335,False,0.41477716966379985,7376.99072265625,9716.9560546875,9404.40234375,9404.40234375,256.1108703613281
1042,images/1042_failure_none.png,failure_none,4238,0.95,84,False,0.22793981432914734,0.0011327203828841448,False,0.45269741985926504,6725.4970703125,9329.8271484375,9251.970703125,9251.970703125,255.78712463378906
1043,images/1043_failure_none.png,failure_none,31122,0.95,622,False,0.226963609457016,0.0006510006496682763,False,0.3745113369820172,8442.41796875,11926.341796875,11477.0390625,11477.0390625,263.10662841796875
1044,images/1044_failure_none.png,failure_none,13022,0.95,260,False,0.2663181722164154,0.0017250461969524622,False,0.6348709929632526,7103.9228515625,10088.8828125,9723.49609375,9723.49609375,253.67848205566406
1045,images/1045_failure_none.png,failure_none,46286,0.95,925,False,0.20437468588352203,0.0006281675887294114,False,0.28264268960125094,8245.3720703125,11786.015625,11188.2890625,11188.2890625,265.04095458984375
1046,images/1046_failure_none.png,failure_none,29271,0.95,585,False,0.31552621722221375,0.0004303152672946453,False,0.5410476935105551,8242.7646484375,10892.2490234375,10345.3798828125,10345.3798828125,261.0435485839844
1047,images/1047_failure_none.png,failure_none,10108,0.95,202,False,0.22831542789936066,0.004819832742214203,False,0.5602032838154809,7068.4501953125,10120.216796875,9822.3955078125,9822.3955078125,258.17279052734375
1048,images/1048_failure_none.png,failure_none,37964,0.95,759,False,0.23572540283203125,0.0002547537151258439,False,0.2470680218921032,7224.1025390625,10750.830078125,10351.2001953125,10351.2001953125,260.3965148925781
1049,images/1049_failure_none.png,failure_none,45563,0.95,911,False,0.25150004029273987,0.0009713857434689999,False,0.5164190774042221,7528.2373046875,10470.8740234375,10131.75,10131.75,257.94000244140625
1050,images/1050_failure_none.png,failure_none,35970,0.95,719,False,0.2648114860057831,0.0006858265842311084,False,0.5269741985926506,8295.6474609375,11407.6572265625,10822.98828125,10822.98828125,263.2698974609375
1051,images/1051_failure_none.png,failure_none,48905,0.95,978,False,0.22830666601657867,0.00043431020458228886,False,0.32212666145426117,7806.92578125,11079.263671875,10743.7255859375,10743.7255859375,266.1501770019531
1052,images/1052_failure_none.png,failure_none,47333,0.95,946,False,0.2523806691169739,0.001233234186656773,False,0.5543393275996873,7143.5546875,9885.521484375,9414.591796875,9414.591796875,262.14666748046875
1053,images/1053_failure_none.png,failure_none,48411,0.95,968,False,0.19364769756793976,0.0004499713541008532,False,0.20054730258014072,8228.89453125,11091.255859375,10611.8642578125,10611.8642578125,256.7033386230469
1054,images/1054_failure_none.png,failure_none,45623,0.95,912,False,0.2057666778564453,0.0007718357373960316,False,0.31899921813917126,6996.173828125,9797.1083984375,9576.283203125,9576.283203125,255.59959411621094
1055,images/1055_failure_none.png,failure_none,48971,0.95,979,False,0.29287126660346985,0.0012663953239098191,False,0.6641907740422205,7230.08251953125,10264.48046875,9930.7265625,9930.7265625,259.8602600097656
1056,images/1056_failure_none.png,failure_none,23779,0.95,475,False,0.24458301067352295,0.0002650861570145935,False,0.29906176700547304,7982.552734375,11059.7744140625,10670.806640625,10670.806640625,259.52490234375
1057,images/1057_failure_none.png,failure_none,5963,0.95,119,False,0.20822779834270477,0.0010026289382949471,False,0.3612197028928851,6073.4150390625,8843.048828125,8562.435546875,8562.435546875,250.38209533691406
1058,images/1058_failure_none.png,failure_none,48655,0.95,973,False,0.18207968771457672,0.00029780628392472863,False,0.09773260359655982,6373.57568359375,9243.580078125,8897.796875,8897.796875,254.26162719726562
1059,images/1059_failure_none.png,failure_none,18346,0.95,366,False,0.20894591510295868,0.00041175339720211923,False,0.2341673182173573,7241.806640625,10246.044921875,9981.3115234375,9981.3115234375,262.0303039550781
1060,images/1060_failure_none.png,failure_none,27925,0.95,558,False,0.2480766773223877,0.0007729121134616435,False,0.4808444096950743,7678.0634765625,10427.337890625,9885.62109375,9885.62109375,258.5322570800781
1061,images/1061_failure_none.png,failure_none,33656,0.95,673,False,0.27801820635795593,0.0004344241169746965,False,0.4906176700547303,8893.0634765625,11904.66796875,11089.892578125,11089.892578125,259.9932556152344
1062,images/1062_failure_none.png,failure_none,32154,0.95,643,False,0.22197291254997253,0.0002601940941531211,False,0.19976544175136823,7730.0986328125,10497.3466796875,10036.326171875,10036.326171875,258.0859680175781
1063,images/1063_failure_none.png,failure_none,6316,0.95,126,False,0.2222881019115448,0.004583208821713924,False,0.5320562939796716,7837.22705078125,10353.2880859375,9841.732421875,9841.732421875,258.169189453125
1064,images/1064_failure_none.png,failure_none,32802,0.95,656,False,0.23886168003082275,0.0003351322375237942,False,0.31039874902267395,6777.78955078125,9736.7763671875,9442.1962890625,9442.1962890625,257.6180725097656
1065,images/1065_failure_none.png,failure_none,30053,0.95,601,False,0.2918635308742523,0.0005463972920551896,False,0.5531665363565286,8110.294921875,10928.326171875,10469.2265625,10469.2265625,261.1714782714844
1066,images/1066_failure_none.png,failure_none,8924,0.95,178,False,0.219642773270607,0.0017358337063342333,False,0.4581704456606724,7170.0947265625,10067.4306640625,9781.1796875,9781.1796875,256.8525695800781
1067,images/1067_failure_none.png,failure_none,45240,0.95,904,False,0.21680134534835815,0.0011159165296703577,False,0.40422204847537135,7343.0771484375,10193.953125,9890.5673828125,9890.5673828125,254.61766052246094
1068,images/1068_failure_none.png,failure_none,40139,0.95,802,False,0.18139797449111938,0.00020162439614068717,False,0.0437842064112588,7073.04150390625,10152.984375,9742.40625,9742.40625,259.4960632324219
1069,images/1069_failure_none.png,failure_none,49094,0.95,981,False,0.23616957664489746,0.00027695816243067384,False,0.2685691946833464,7049.3994140625,10124.5986328125,9814.03125,9814.03125,256.5467529296875
1070,images/1070_failure_none.png,failure_none,27257,0.95,545,False,0.20261846482753754,0.00035236027906648815,False,0.18295543393275998,7351.6259765625,10280.359375,9699.7626953125,9699.7626953125,254.48544311523438
1071,images/1071_failure_none.png,failure_none,41559,0.95,831,False,0.21094854176044464,0.00040479382732883096,False,0.23182173573103987,8082.380859375,11130.8876953125,10555.392578125,10555.392578125,265.9574890136719
1072,images/1072_failure_none.png,failure_none,43470,0.95,869,False,0.2566329836845398,0.0007692626095376909,False,0.5136825645035183,7326.26416015625,10576.318359375,10123.326171875,10123.326171875,256.9345397949219
1073,images/1073_failure_none.png,failure_none,38740,0.95,774,False,0.2534673511981964,0.0005506218294613063,False,0.4573885848318999,7524.5810546875,10480.353515625,10209.5302734375,10209.5302734375,257.6192321777344
1074,images/1074_failure_none.png,failure_none,18229,0.95,364,False,0.21293894946575165,0.0009395723463967443,False,0.36473807662236124,6580.0302734375,9283.2587890625,8945.28515625,8945.28515625,257.9307556152344
1075,images/1075_failure_none.png,failure_none,1074,0.95,21,False,0.2689281702041626,0.0008727969834581017,False,0.5645035183737295,7598.5791015625,11461.15234375,10461.068359375,10461.068359375,261.0499572753906
1076,images/1076_failure_none.png,failure_none,38610,0.95,772,False,0.2376788705587387,0.0015089460648596287,False,0.517982799061767,8594.671875,11205.0478515625,10682.2392578125,10682.2392578125,265.89959716796875
1077,images/1077_failure_none.png,failure_none,37135,0.95,742,False,0.24947887659072876,0.0004534965555649251,False,0.4132134480062549,8095.35693359375,11145.84375,10565.328125,10565.328125,274.8516540527344
1078,images/1078_failure_none.png,failure_none,48672,0.95,973,False,0.25809144973754883,0.00022867826919537038,False,0.32720875684128226,6685.5625,9555.5673828125,9206.8193359375,9206.8193359375,263.5473937988281
1079,images/1079_failure_none.png,failure_none,32843,0.95,656,False,0.2675193250179291,0.0003076133143622428,False,0.4022673964034402,7572.5712890625,10531.55859375,10226.2724609375,10226.2724609375,263.591552734375
1080,images/1080_failure_none.png,failure_none,42527,0.95,850,False,0.2779741585254669,0.00033988620270974934,False,0.4374511336982017,7291.95166015625,10228.279296875,9919.947265625,9919.947265625,256.9454040527344
1081,images/1081_failure_none.png,failure_none,34226,0.95,684,False,0.2756119668483734,0.00041532027535140514,False,0.4730258014073495,8429.681640625,11277.064453125,10521.826171875,10521.826171875,260.7561950683594
1082,images/1082_failure_none.png,failure_none,35067,0.95,701,False,0.19684648513793945,0.0005047889426350594,False,0.23143080531665366,7911.0791015625,11423.416015625,10699.71875,10699.71875,269.1982727050781
1083,images/1083_failure_none.png,failure_none,37023,0.95,740,False,0.19613248109817505,0.00040835884283296764,False,0.17943706020328382,8262.99609375,11000.0888671875,10470.1318359375,10470.1318359375,260.21124267578125
1084,images/1084_failure_none.png,failure_none,22695,0.95,453,False,0.23955033719539642,0.0002651847607921809,False,0.28029710711493355,7158.3232421875,10024.7412109375,9596.2939453125,9596.2939453125,259.1401062011719
1085,images/1085_failure_none.png,failure_none,4866,0.95,97,False,0.204328715801239,0.0005775325698778033,False,0.2736512900703675,6991.72216796875,9943.3388671875,9791.2626953125,9791.2626953125,259.5743408203125
1086,images/1086_failure_none.png,failure_none,16499,0.95,329,False,0.22078706324100494,0.002899119397625327,False,0.4996090695856138,6979.56640625,9774.533203125,9521.92578125,9521.92578125,258.1245422363281
1087,images/1087_failure_none.png,failure_none,6930,0.95,138,False,0.16252297163009644,0.00046758443932048976,False,0.1602814698983581,6805.4853515625,10019.798828125,9621.5732421875,9621.5732421875,261.4272155761719
1088,images/1088_failure_dot.png,failure_dot,17150,0.95,343,False,0.23911847174167633,0.00041323108598589897,False,0.34910086004691165,6698.68896484375,9656.88671875,9427.767578125,9427.767578125,258.713623046875
1089,images/1089_failure_dot.png,failure_dot,11728,0.95,234,False,0.24957184493541718,0.0010695254895836115,False,0.5285379202501954,7317.234375,10421.29296875,10108.7060546875,10108.7060546875,258.4285888671875
1090,images/1090_failure_dot.png,failure_dot,43251,0.95,865,False,0.2984361946582794,0.0001887848338810727,False,0.40226739640344017,6091.681640625,8705.8916015625,8374.880859375,8374.880859375,256.9195556640625
1091,images/1091_failure_dot.png,failure_dot,16597,0.95,331,False,0.27339300513267517,0.0020844186656177044,False,0.6677091477716965,7017.2109375,10054.16796875,9663.4375,9663.4375,258.4124755859375
1092,images/1092_failure_dot.png,failure_dot,31060,0.95,621,False,0.3017369210720062,0.00041069526923820376,False,0.5129007036747458,6975.126953125,9554.955078125,9269.615234375,9269.615234375,254.54095458984375
1093,images/1093_failure_dot.png,failure_dot,31374,0.95,627,False,0.24265313148498535,0.0001678970584180206,False,0.24824081313526195,7091.3115234375,10004.03515625,9734.1455078125,9734.1455078125,258.4117736816406
1094,images/1094_failure_dot.png,failure_dot,28500,0.95,570,False,0.2140592485666275,0.0003803366853389889,False,0.23338545738858482,7921.759765625,10669.0576171875,10155.44921875,10155.44921875,257.2254638671875
1095,images/1095_failure_dot.png,failure_dot,4138,0.95,82,False,0.18049108982086182,0.0016431674594059587,False,0.3287724784988272,6743.576171875,9729.94140625,9379.2607421875,9379.2607421875,260.7309265136719
1096,images/1096_failure_dot.png,failure_dot,1450,0.95,29,False,0.26198631525039673,0.01050854567438364,False,0.7220484753713838,7410.11572265625,10678.064453125,10360.162109375,10360.162109375,265.32904052734375
1097,images/1097_failure_dot.png,failure_dot,25737,0.95,514,False,0.20474667847156525,0.001498793950304389,False,0.3897576231430805,7302.3193359375,10021.712890625,9691.4580078125,9691.4580078125,256.5765380859375
1098,images/1098_failure_dot.png,failure_dot,10291,0.95,205,False,0.2596483528614044,0.0014505252474918962,False,0.5934323690383112,6861.54296875,9919.6826171875,9729.498046875,9729.498046875,259.7953186035156
1099,images/1099_failure_dot.png,failure_dot,48399,0.95,967,False,0.20740751922130585,0.00048781451187096536,False,0.26309616888193904,8109.3212890625,11191.740234375,10769.697265625,10769.697265625,268.74945068359375
1100,images/1100_failure_dot.png,failure_dot,15865,0.95,317,False,0.24055074155330658,0.0010194572387263179,False,0.4874902267396404,8301.138671875,11445.18359375,11038.873046875,11038.873046875,267.4691467285156
1101,images/1101_failure_dot.png,failure_dot,11390,0.95,227,False,0.2410883754491806,0.006241771392524242,False,0.6258795934323691,6831.89453125,9810.0732421875,9603.8125,9603.8125,255.05047607421875
1102,images/1102_failure_dot.png,failure_dot,33665,0.95,673,False,0.19395381212234497,0.0004330886295065284,False,0.1923377638780297,8821.07421875,11832.6796875,11017.8486328125,11017.8486328125,260.1930847167969
1103,images/1103_failure_dot.png,failure_dot,20012,0.95,400,False,0.2040286511182785,0.0006042701425030828,False,0.27443315089913994,7521.9228515625,10332.517578125,9976.82421875,9976.82421875,262.06695556640625
1104,images/1104_failure_dot.png,failure_dot,8050,0.95,161,False,0.17652903497219086,0.0016141104279085994,False,0.32017200938233,7206.259765625,10141.3564453125,9847.611328125,9847.611328125,257.0303649902344
1105,images/1105_failure_dot.png,failure_dot,43881,0.95,877,False,0.29372701048851013,0.0002326737594557926,False,0.41360437842064113,7382.3798828125,9722.345703125,9409.77734375,9409.77734375,256.1466979980469
1106,images/1106_failure_dot.png,failure_dot,4238,0.95,84,False,0.22782956063747406,0.0011321696219965816,False,0.4511336982017201,6720.58154296875,9324.9111328125,9246.943359375,9246.943359375,255.74501037597656
1107,images/1107_failure_dot.png,failure_dot,31122,0.95,622,False,0.22670340538024902,0.0006500576855614781,False,0.37294761532447224,8434.4697265625,11918.392578125,11468.9765625,11468.9765625,263.05535888671875
1108,images/1108_failure_dot.png,failure_dot,13022,0.95,260,False,0.2664184868335724,0.0017236719140782952,False,0.6352619233776389,7108.4384765625,10093.3984375,9728.03515625,9728.03515625,253.69815063476562
1109,images/1109_failure_dot.png,failure_dot,46286,0.95,925,False,0.20446373522281647,0.0006273566978052258,False,0.28342455043002346,8239.2451171875,11779.888671875,11181.740234375,11181.740234375,264.92291259765625
1110,images/1110_failure_dot.png,failure_dot,29271,0.95,585,False,0.315468430519104,0.0004304576141294092,False,0.5410476935105551,8244.2060546875,10893.6904296875,10346.8955078125,10346.8955078125,261.0525207519531
1111,images/1111_failure_dot.png,failure_dot,10108,0.95,202,False,0.22822628915309906,0.004820204805582762,False,0.5590304925723222,7069.82470703125,10121.591796875,9823.740234375,9823.740234375,258.1909484863281
1112,images/1112_failure_dot.png,failure_dot,37964,0.95,759,False,0.2358817309141159,0.00025490415282547474,False,0.24863174354964818,7231.005859375,10757.732421875,10358.1220703125,10358.1220703125,260.47210693359375
1113,images/1113_failure_dot.png,failure_dot,45563,0.95,911,False,0.25152766704559326,0.0009703130344860256,False,0.5164190774042221,7531.91015625,10474.546875,10135.431640625,10135.431640625,257.958740234375
1114,images/1114_failure_dot.png,failure_dot,35970,0.95,719,False,0.2648428678512573,0.0006849413621239364,False,0.5265832681782643,8296.85546875,11408.865234375,10824.3271484375,10824.3271484375,263.30450439453125
1115,images/1115_failure_dot.png,failure_dot,48905,0.95,978,False,0.22801297903060913,0.0004335878766141832,False,0.318608287724785,7797.337890625,11069.67578125,10733.611328125,10733.611328125,266.11968994140625
1116,images/1116_failure_dot.png,failure_dot,47333,0.95,946,False,0.25243011116981506,0.0012310384772717953,False,0.5543393275996873,7144.64013671875,9886.607421875,9415.560546875,9415.560546875,262.1653747558594
1117,images/1117_failure_dot.png,failure_dot,48411,0.95,968,False,0.19362083077430725,0.0004499531933106482,False,0.19976544175136826,8234.29296875,11096.654296875,10617.3759765625,10617.3759765625,256.7205810546875
1118,images/1118_failure_dot.png,failure_dot,45623,0.95,912,False,0.2059311866760254,0.0007710297359153628,False,0.3189992181391712,6997.17626953125,9798.111328125,9577.3486328125,9577.3486328125,255.61065673828125
1119,images/1119_failure_dot.png,failure_dot,48971,0.95,979,False,0.2926604747772217,0.0012659673811867833,False,0.6630179827990618,7227.22216796875,10261.6201171875,9927.7138671875,9927.7138671875,259.8423767089844
1120,images/1120_failure_dot.png,failure_dot,23779,0.95,475,False,0.24457813799381256,0.00026478455401957035,False,0.29788897576231427,7979.68115234375,11056.90234375,10667.8623046875,10667.8623046875,259.5289306640625
1121,images/1121_failure_dot.png,failure_dot,5963,0.95,119,False,0.2080221325159073,0.0010017647873610258,False,0.35887412040656763,6071.46240234375,8841.095703125,8560.40625,8560.40625,250.36537170410156
1122,images/1122_failure_dot.png,failure_dot,48655,0.95,973,False,0.18218570947647095,0.00029959005769342184,False,0.09929632525410476,6379.580078125,9249.5849609375,8903.8046875,8903.8046875,254.34036254882812
1123,images/1123_failure_dot.png,failure_dot,18346,0.95,366,False,0.20904716849327087,0.00041171713382937014,False,0.23455824863174357,7239.0849609375,10243.3232421875,9978.455078125,9978.455078125,262.0074462890625
1124,images/1124_failure_dot.png,failure_dot,27925,0.95,558,False,0.24826286733150482,0.0007734859827905893,False,0.48201720093823297,7679.52734375,10428.80078125,9887.03515625,9887.03515625,258.5970764160156
1125,images/1125_failure_dot.png,failure_dot,33656,0.95,673,False,0.27789807319641113,0.00043417548295110464,False,0.4890539483971853,8895.2333984375,11906.837890625,11091.958984375,11091.958984375,260.0157165527344
1126,images/1126_failure_dot.png,failure_dot,32154,0.95,643,False,0.22197763621807098,0.0002606246853247285,False,0.20132916340891321,7733.314453125,10500.5625,10039.544921875,10039.544921875,258.1210632324219
1127,images/1127_failure_dot.png,failure_dot,6316,0.95,126,False,0.22211956977844238,0.00457866583019495,False,0.5281469898358092,7835.701171875,10351.7626953125,9840.0712890625,9840.0712890625,258.3153381347656
1128,images/1128_failure_dot.png,failure_dot,32802,0.95,656,False,0.23873589932918549,0.00033503357553854585,False,0.3092259577795152,6771.9912109375,9730.978515625,9436.2880859375,9436.2880859375,257.613037109375
1129,images/1129_failure_dot.png,failure_dot,30053,0.95,601,False,0.29199308156967163,0.0005467270966619253,False,0.5547302580140735,8115.11328125,10933.14453125,10474.1904296875,10474.1904296875,261.2167053222656
1130,images/1130_failure_dot.png,failure_dot,8924,0.95,178,False,0.21966183185577393,0.001734102494083345,False,0.4577795152462862,7167.783203125,10065.119140625,9778.88671875,9778.88671875,256.8548889160156
1131,images/1131_failure_dot.png,failure_dot,45240,0.95,904,False,0.21677127480506897,0.001115730730816722,False,0.40304925723221263,7345.93603515625,10196.8115234375,9893.4541015625,9893.4541015625,254.6382293701172
1132,images/1132_failure_dot.png,failure_dot,40139,0.95,802,False,0.18162718415260315,0.0002013412449741736,False,0.044566067240031274,7074.53125,10154.4736328125,9743.716796875,9743.716796875,259.5147705078125
1133,images/1133_failure_dot.png,failure_dot,49094,0.95,981,False,0.23599442839622498,0.00027661529020406306,False,0.26661454261141515,7045.45849609375,10120.6572265625,9809.9609375,9809.9609375,256.51239013671875
1134,images/1134_failure_dot.png,failure_dot,27257,0.95,545,False,0.20271091163158417,0.0003524383355397731,False,0.18373729476153244,7355.73828125,10284.470703125,9703.80078125,9703.80078125,254.50149536132812
1135,images/1135_failure_dot.png,failure_dot,41559,0.95,831,False,0.21102523803710938,0.00040549866389483213,False,0.23377638780297108,8093.041015625,11141.5478515625,10566.1630859375,10566.1630859375,265.9811706542969
1136,images/1136_failure_dot.png,failure_dot,43470,0.95,869,False,0.2566026747226715,0.0007692224462516606,False,0.5129007036747459,7336.12744140625,10586.181640625,10133.1513671875,10133.1513671875,256.9790954589844
1137,images/1137_failure_dot.png,failure_dot,38740,0.95,774,False,0.2533316910266876,0.0005515596712939441,False,0.45699765441751367,7525.01220703125,10480.78515625,10210.005859375,10210.005859375,257.6245422363281
1138,images/1138_failure_dot.png,failure_dot,18229,0.95,364,False,0.21299239993095398,0.0009404355078004301,False,0.3655199374511337,6580.322265625,9283.55078125,8945.421875,8945.421875,257.9260559082031
1139,images/1139_failure_dot.png,failure_dot,1074,0.95,21,False,0.26890039443969727,0.0008705989457666874,False,0.5633307271305708,7598.08447265625,11460.658203125,10460.302734375,10460.302734375,260.9917297363281
1140,images/1140_failure_dot.png,failure_dot,38610,0.95,772,False,0.23753446340560913,0.0015111739048734307,False,0.517982799061767,8599.7626953125,11210.138671875,10687.37109375,10687.37109375,265.96893310546875
1141,images/1141_failure_dot.png,failure_dot,37135,0.95,742,False,0.24931733310222626,0.0004530665755737573,False,0.41047693510555117,8099.4755859375,11149.9619140625,10569.1484375,10569.1484375,274.3180236816406
1142,images/1142_failure_dot.png,failure_dot,48672,0.95,973,False,0.2580059766769409,0.00022852062829770148,False,0.32564503518373733,6686.9580078125,9556.962890625,9208.130859375,9208.130859375,263.563720703125
1143,images/1143_failure_dot.png,failure_dot,32843,0.95,656,False,0.2674133777618408,0.0003075336862821132,False,0.40109460516028145,7572.18896484375,10531.17578125,10225.794921875,10225.794921875,263.58734130859375
1144,images/1144_failure_dot.png,failure_dot,42527,0.95,850,False,0.2780533730983734,0.0003396215906832367,False,0.43784206411258797,7292.9150390625,10229.2431640625,9920.775390625,9920.775390625,256.96826171875
1145,images/1145_failure_dot.png,failure_dot,34226,0.95,684,False,0.2757256031036377,0.00041470196447335184,False,0.47263487099296325,8429.5458984375,11276.927734375,10521.490234375,10521.490234375,260.7730407714844
1146,images/1146_failure_dot.png,failure_dot,35067,0.95,701,False,0.19678033888339996,0.0005040972027927637,False,0.22986708365910868,7908.52734375,11420.8642578125,10696.9384765625,10696.9384765625,269.3095703125
1147,images/1147_failure_dot.png,failure_dot,37023,0.95,740,False,0.19614383578300476,0.0004084801475983113,False,0.18060985144644254,8265.361328125,11002.4541015625,10472.4921875,10472.4921875,260.218994140625
1148,images/1148_failure_dot.png,failure_dot,22695,0.95,453,False,0.23979899287223816,0.00026475521735846996,False,0.2799061767005473,7159.1953125,10025.61328125,9597.1923828125,9597.1923828125,259.1639099121094
1149,images/1149_failure_dot.png,failure_dot,4866,0.95,97,False,0.20446684956550598,0.0005783202359452844,False,0.2767787333854574,6991.1015625,9942.71875,9790.59375,9790.59375,259.5683288574219
1150,images/1150_failure_dot.png,failure_dot,16499,0.95,329,False,0.22082673013210297,0.0029066307470202446,False,0.5003909304143862,6976.416015625,9771.3828125,9518.6494140625,9518.6494140625,258.1143493652344
1151,images/1151_failure_dot.png,failure_dot,6930,0.95,138,False,0.1623532921075821,0.0004673669463954866,False,0.15910867865519937,6801.2158203125,10015.529296875,9617.1142578125,9617.1142578125,261.41485595703125
1152,images/1152_failure_direct.png,failure_direct,17150,0.95,343,False,0.23922178149223328,0.00041342058102600276,False,0.35105551211884284,6705.6728515625,9663.87109375,9435.5390625,9435.5390625,258.7872009277344
1153,images/1153_failure_direct.png,failure_direct,11728,0.95,234,False,0.24946293234825134,0.0010556348133832216,False,0.5254104769351056,7322.6630859375,10426.7216796875,10114.4853515625,10114.4853515625,258.4779968261719
1154,images/1154_failure_direct.png,failure_direct,43251,0.95,865,False,0.29834577441215515,0.00018878090486396104,False,0.4010946051602815,6094.1533203125,8708.36328125,8377.64453125,8377.64453125,256.937744140625
1155,images/1155_failure_direct.png,failure_direct,16597,0.95,331,False,0.2734890282154083,0.00208459934219718,False,0.6684910086004692,7021.23828125,10058.1953125,9667.853515625,9667.853515625,258.4554443359375
1156,images/1156_failure_direct.png,failure_direct,31060,0.95,621,False,0.3017015755176544,0.00041068726568482816,False,0.5121188428459734,6979.15087890625,9558.978515625,9274.0126953125,9274.0126953125,254.5819549560547
1157,images/1157_failure_direct.png,failure_direct,31374,0.95,627,False,0.2425912320613861,0.00016762931772973388,False,0.2470680218921032,7091.646484375,10004.37109375,9734.80078125,9734.80078125,258.3851623535156
1158,images/1158_failure_direct.png,failure_direct,28500,0.95,570,False,0.2142358422279358,0.00038025976391509175,False,0.23338545738858482,7923.626953125,10670.9248046875,10157.673828125,10157.673828125,257.35394287109375
1159,images/1159_failure_direct.png,failure_direct,4138,0.95,82,False,0.18058109283447266,0.0016405865317210555,False,0.3295543393275997,6747.98779296875,9734.3525390625,9383.859375,9383.859375,260.7810974121094
1160,images/1160_failure_direct.png,failure_direct,1450,0.95,29,False,0.26212140917778015,0.010520256124436855,False,0.7232212666145426,7410.8583984375,10678.806640625,10361.6494140625,10361.6494140625,265.391357421875
1161,images/1161_failure_direct.png,failure_direct,25737,0.95,514,False,0.20493033528327942,0.0015026443870738149,False,0.3913213448006255,7303.064453125,10022.458984375,9692.55859375,9692.55859375,256.5867004394531
1162,images/1162_failure_direct.png,failure_direct,10291,0.95,205,False,0.25977981090545654,0.0014476075302809477,False,0.5934323690383112,6863.1767578125,9921.31640625,9731.5703125,9731.5703125,259.7452087402344
1163,images/1163_failure_direct.png,failure_direct,48399,0.95,967,False,0.20745715498924255,0.00048801128286868334,False,0.2642689601250977,8118.15087890625,11200.5693359375,10779.6201171875,10779.6201171875,268.50469970703125
1164,images/1164_failure_direct.png,failure_direct,15865,0.95,317,False,0.24058684706687927,0.001021127449348569,False,0.48827208756841284,8309.0810546875,11453.125,11047.619140625,11047.619140625,267.4871520996094
1165,images/1165_failure_direct.png,failure_direct,11390,0.95,227,False,0.24109087884426117,0.0062383548356592655,False,0.6258795934323691,6834.84326171875,9813.021484375,9607.01171875,9607.01171875,255.0600128173828
1166,images/1166_failure_direct.png,failure_direct,33665,0.95,673,False,0.19409553706645966,0.00043311348417773843,False,0.19351055512118842,8824.7109375,11836.31640625,11021.91015625,11021.91015625,260.272705078125
1167,images/1167_failure_direct.png,failure_direct,20012,0.95,400,False,0.20421026647090912,0.0006045896443538368,False,0.2759968725566849,7526.9560546875,10337.55078125,9982.568359375,9982.568359375,262.1330261230469
1168,images/1168_failure_direct.png,failure_direct,8050,0.95,161,False,0.17656837403774261,0.001615829416550696,False,0.3217357310398749,7209.35546875,10144.4521484375,9850.9580078125,9850.9580078125,257.0533142089844
1169,images/1169_failure_direct.png,failure_direct,43881,0.95,877,False,0.29379475116729736,0.00023273214173968881,False,0.41477716966379985,7384.5712890625,9724.537109375,9412.2001953125,9412.2001953125,256.15771484375
1170,images/1170_failure_direct.png,failure_direct,4238,0.95,84,False,0.22786684334278107,0.001130889868363738,False,0.4511336982017201,6722.35205078125,9326.681640625,9249.171875,9249.171875,255.76666259765625
1171,images/1171_failure_direct.png,failure_direct,31122,0.95,622,False,0.22654253244400024,0.0006503401673398912,False,0.372556684910086,8436.8896484375,11920.8125,11471.7958984375,11471.7958984375,263.1219787597656
1172,images/1172_failure_direct.png,failure_direct,13022,0.95,260,False,0.26657217741012573,0.0017258143052458763,False,0.6364347146207975,7109.423828125,10094.3837890625,9729.263671875,9729.263671875,253.70729064941406
1173,images/1173_failure_direct.png,failure_direct,46286,0.95,925,False,0.20459191501140594,0.0006268789293244481,False,0.2838154808444097,8239.98828125,11780.6318359375,11184.046875,11184.046875,265.0564270019531
1174,images/1174_failure_direct.png,failure_direct,29271,0.95,585,False,0.31535425782203674,0.0004299452411942184,False,0.5398749022673964,8247.1826171875,10896.6669921875,10350.4580078125,10350.4580078125,261.0190734863281
1175,images/1175_failure_direct.png,failure_direct,10108,0.95,202,False,0.2282305359840393,0.004821193870157003,False,0.5602032838154809,7072.9130859375,10124.6796875,9827.095703125,9827.095703125,258.2271728515625
1176,images/1176_failure_direct.png,failure_direct,37964,0.95,759,False,0.2359451800584793,0.0002547733602114022,False,0.24902267396403438,7233.0419921875,10759.76953125,10360.951171875,10360.951171875,260.35101318359375
1177,images/1177_failure_direct.png,failure_direct,45563,0.95,911,False,0.25157156586647034,0.0009740502573549747,False,0.5183737294761532,7534.9765625,10477.61328125,10138.810546875,10138.810546875,257.9831848144531
1178,images/1178_failure_direct.png,failure_direct,35970,0.95,719,False,0.26477566361427307,0.0006847938057035208,False,0.5254104769351056,8298.94140625,11410.951171875,10827.150390625,10827.150390625,263.3567810058594
1179,images/1179_failure_direct.png,failure_direct,48905,0.95,978,False,0.22799475491046906,0.00043312920024618506,False,0.3178264268960125,7805.02685546875,11077.365234375,10742.5361328125,10742.5361328125,266.0925598144531
1180,images/1180_failure_direct.png,failure_direct,47333,0.95,946,False,0.25229066610336304,0.0012307018041610718,False,0.5527756059421423,7148.5986328125,9890.56640625,9419.93359375,9419.93359375,262.1906433105469
1181,images/1181_failure_direct.png,failure_direct,48411,0.95,968,False,0.1936180591583252,0.00045008445158600807,False,0.2001563721657545,8238.091796875,11100.453125,10621.416015625,10621.416015625,256.7055358886719
1182,images/1182_failure_direct.png,failure_direct,45623,0.95,912,False,0.20589663088321686,0.0007738305721431971,False,0.3205629397967162,7000.7080078125,9801.642578125,9581.2666015625,9581.2666015625,255.64784240722656
1183,images/1183_failure_direct.png,failure_direct,48971,0.95,979,False,0.29284703731536865,0.0012658394407480955,False,0.6630179827990618,7230.30712890625,10264.705078125,9931.4052734375,9931.4052734375,259.8648986816406
1184,images/1184_failure_direct.png,failure_direct,23779,0.95,475,False,0.24477419257164001,0.0002647312358021736,False,0.2982799061767005,7977.3798828125,11054.6015625,10666.8955078125,10666.8955078125,259.64984130859375
1185,images/1185_failure_direct.png,failure_direct,5963,0.95,119,False,0.2081097662448883,0.0010031071724370122,False,0.3604378420641126,6072.62548828125,8842.2587890625,8562.095703125,8562.095703125,250.37615966796875
1186,images/1186_failure_direct.png,failure_direct,48655,0.95,973,False,0.18230219185352325,0.00029919546796008945,False,0.09968725566849101,6382.5771484375,9252.58203125,8907.1435546875,8907.1435546875,254.36021423339844
1187,images/1187_failure_direct.png,failure_direct,18346,0.95,366,False,0.2091033011674881,0.0004118740907870233,False,0.2361219702892885,7241.552734375,10245.791015625,9981.49609375,9981.49609375,262.0408935546875
1188,images/1188_failure_direct.png,failure_direct,27925,0.95,558,False,0.2482559084892273,0.000774126616306603,False,0.48240813135261923,7682.3828125,10431.65625,9890.2119140625,9890.2119140625,258.5234069824219
1189,images/1189_failure_direct.png,failure_direct,33656,0.95,673,False,0.2780592739582062,0.00043489644303917885,False,0.49179046129788895,8899.484375,11911.08984375,11096.935546875,11096.935546875,260.0727233886719
1190,images/1190_failure_direct.png,failure_direct,32154,0.95,643,False,0.22191552817821503,0.00026042238459922373,False,0.19937451133698203,7734.55224609375,10501.80078125,10041.064453125,10041.064453125,258.16070556640625
1191,images/1191_failure_direct.png,failure_direct,6316,0.95,126,False,0.22225531935691833,0.00457740155979991,False,0.5304925723221267,7839.15283203125,10355.2138671875,9843.8427734375,9843.8427734375,258.3250427246094
1192,images/1192_failure_direct.png,failure_direct,32802,0.95,656,False,0.2386438399553299,0.00033489917404949665,False,0.3080531665363565,6771.7958984375,9730.783203125,9436.5107421875,9436.5107421875,257.5485534667969
1193,images/1193_failure_direct.png,failure_direct,30053,0.95,601,False,0.29191774129867554,0.0005464532296173275,False,0.553948397185301,8117.91162109375,10935.943359375,10477.259765625,10477.259765625,261.2208557128906
1194,images/1194_failure_direct.png,failure_direct,8924,0.95,178,False,0.21935543417930603,0.001736051170155406,False,0.45543393275996874,7169.7177734375,10067.0537109375,9781.142578125,9781.142578125,256.90863037109375
1195,images/1195_failure_direct.png,failure_direct,45240,0.95,904,False,0.2168564647436142,0.0011132198851555586,False,0.4030492572322127,7348.34130859375,10199.216796875,9896.1689453125,9896.1689453125,254.62173461914062
1196,images/1196_failure_direct.png,failure_direct,40139,0.95,802,False,0.1813959926366806,0.00020138127729296684,False,0.04300234558248632,7075.3076171875,10155.25,9745.6328125,9745.6328125,259.51373291015625
1197,images/1197_failure_direct.png,failure_direct,49094,0.95,981,False,0.23598060011863708,0.0002764953242149204,False,0.26348709929632524,7047.97314453125,10123.171875,9812.724609375,9812.724609375,256.53515625
1198,images/1198_failure_direct.png,failure_direct,27257,0.95,545,False,0.2025488168001175,0.00035216673859395087,False,0.18178264268960126,7356.880859375,10285.61328125,9705.419921875,9705.419921875,254.54306030273438
1199,images/1199_failure_direct.png,failure_direct,41559,0.95,831,False,0.2110484540462494,0.0004051712458021939,False,0.23338545738858485,8096.0439453125,11144.55078125,10569.59375,10569.59375,266.1667175292969
1200,images/1200_failure_direct.png,failure_direct,43470,0.95,869,False,0.2564501166343689,0.0007683184812776744,False,0.5117279124315872,7335.9775390625,10586.0322265625,10133.267578125,10133.267578125,256.9686279296875
1201,images/1201_failure_direct.png,failure_direct,38740,0.95,774,False,0.25346365571022034,0.0005517622921615839,False,0.45817044566067244,7528.0009765625,10483.7734375,10213.298828125,10213.298828125,257.6276550292969
1202,images/1202_failure_direct.png,failure_direct,18229,0.95,364,False,0.21292293071746826,0.0009395568631589413,False,0.3639562157935887,6581.67578125,9284.904296875,8947.0751953125,8947.0751953125,257.9441833496094
1203,images/1203_failure_direct.png,failure_direct,1074,0.95,21,False,0.2690396308898926,0.0008726549567654729,False,0.5645035183737295,7601.138671875,11463.712890625,10463.85546875,10463.85546875,261.1243896484375
1204,images/1204_failure_direct.png,failure_direct,38610,0.95,772,False,0.23775522410869598,0.0015108754159882665,False,0.5191555903049256,8599.921875,11210.2978515625,10688.0458984375,10688.0458984375,266.30731201171875
1205,images/1205_failure_direct.png,failure_direct,37135,0.95,742,False,0.24952545762062073,0.0004535060143098235,False,0.41438623924941365,8099.7880859375,11150.2744140625,10570.7451171875,10570.7451171875,275.3451843261719
1206,images/1206_failure_direct.png,failure_direct,48672,0.95,973,False,0.25779569149017334,0.00022860705212224275,False,0.32447224394057855,6690.47705078125,9560.482421875,9212.01171875,9212.01171875,263.6585998535156
1207,images/1207_failure_direct.png,failure_direct,32843,0.95,656,False,0.2673872709274292,0.00030755819170735776,False,0.40109460516028145,7574.71484375,10533.701171875,10228.5595703125,10228.5595703125,263.6005859375
1208,images/1208_failure_direct.png,failure_direct,42527,0.95,850,False,0.2782396972179413,0.0003400453715585172,False,0.43940578577013295,7294.8447265625,10231.1728515625,9923.2109375,9923.2109375,256.9672546386719
1209,images/1209_failure_direct.png,failure_direct,34226,0.95,684,False,0.2756001949310303,0.0004145112179685384,False,0.47107114933541827,8431.46484375,11278.84765625,10523.70703125,10523.70703125,260.7836608886719
1210,images/1210_failure_direct.png,failure_direct,35067,0.95,701,False,0.19690106809139252,0.0005043919081799686,False,0.2310398749022674,7912.1826171875,11424.51953125,10701.30859375,10701.30859375,269.2110290527344
1211,images/1211_failure_direct.png,failure_direct,37023,0.95,740,False,0.1960957646369934,0.00040878503932617605,False,0.18060985144644254,8268.556640625,11005.6494140625,10476.126953125,10476.126953125,260.28076171875
1212,images/1212_failure_direct.png,failure_direct,22695,0.95,453,False,0.2396959662437439,0.0002649638627190143,False,0.28029710711493355,7161.697265625,10028.115234375,9599.896484375,9599.896484375,259.185302734375
1213,images/1213_failure_direct.png,failure_direct,4866,0.95,97,False,0.20433558523654938,0.0005780347855761647,False,0.27443315089913994,6998.22021484375,9949.8369140625,9798.052734375,9798.052734375,259.64501953125
1214,images/1214_failure_direct.png,failure_direct,16499,0.95,329,False,0.22072628140449524,0.002907740417867899,False,0.5,6980.326171875,9775.29296875,9522.9130859375,9522.9130859375,258.1188049316406
1215,images/1215_failure_direct.png,failure_direct,6930,0.95,138,False,0.16247349977493286,0.0004671151109505445,False,0.15910867865519937,6806.65087890625,10020.96484375,9622.912109375,9622.912109375,261.44671630859375
1216,images/1216_noise.png,noise,17150,1.0,343,False,0.24096067249774933,0.0004017028259113431,False,0.3467552775605942,6926.0517578125,9884.25,9662.548828125,9662.548828125,260.41766357421875
1217,images/1217_noise.png,noise,11728,1.0,234,False,0.2504011392593384,0.0009935003472492099,False,0.5164190774042221,7540.17333984375,10644.2314453125,10336.78515625,10336.78515625,260.6362609863281
1218,images/1218_noise.png,noise,43251,1.0,865,False,0.30003371834754944,0.00019194991909898818,False,0.4073494917904613,6316.900390625,8931.1103515625,8602.591796875,8602.591796875,258.9833679199219
1219,images/1219_noise.png,noise,16597,1.0,331,False,0.27510517835617065,0.0020306617952883244,False,0.6681000781860829,7239.6962890625,10276.6533203125,9890.12109375,9890.12109375,260.6203918457031
1220,images/1220_noise.png,noise,31060,1.0,621,False,0.30585527420043945,0.00041172734927386045,False,0.5144644253322909,7184.38427734375,9764.2119140625,9483.12890625,9483.12890625,256.5648498535156
1221,images/1221_noise.png,noise,31374,1.0,627,False,0.2439521998167038,0.0001681775611359626,False,0.25371383893666927,7305.1845703125,10217.908203125,9948.603515625,9948.603515625,259.1178894042969
1222,images/1222_noise.png,noise,28500,1.0,570,False,0.21569335460662842,0.00037311221240088344,False,0.23534010946051603,8146.6025390625,10893.900390625,10382.52734375,10382.52734375,259.1972351074219
1223,images/1223_noise.png,noise,4138,1.0,82,False,0.17959725856781006,0.001614404027350247,False,0.32603596559812353,6971.6162109375,9957.98046875,9611.81640625,9611.81640625,263.2783203125
1224,images/1224_noise.png,noise,1450,1.0,29,False,0.2630500793457031,0.010822245851159096,False,0.727130570758405,7651.62841796875,10919.576171875,10603.169921875,10603.169921875,266.07391357421875
1225,images/1225_noise.png,noise,25737,1.0,514,False,0.2081218957901001,0.0015088461805135012,False,0.4077404222048476,7534.64306640625,10254.037109375,9924.8896484375,9924.8896484375,258.3846130371094
1226,images/1226_noise.png,noise,10291,1.0,205,False,0.26150450110435486,0.0014062956906855106,False,0.5992963252541048,7074.59814453125,10132.73828125,9944.8349609375,9944.8349609375,260.2923278808594
1227,images/1227_noise.png,noise,48399,1.0,967,False,0.21011683344841003,0.0004913420998491347,False,0.2799061767005473,8359.03515625,11441.453125,11028.169921875,11028.169921875,267.607421875
1228,images/1228_noise.png,noise,15865,1.0,317,False,0.2430400848388672,0.0010394399287179112,False,0.5003909304143863,8533.5234375,11677.568359375,11279.748046875,11279.748046875,269.8585510253906
1229,images/1229_noise.png,noise,11390,1.0,227,False,0.24229511618614197,0.006400179583579302,False,0.6305707584050039,7056.5576171875,10034.736328125,9831.60546875,9831.60546875,256.9548645019531
1230,images/1230_noise.png,noise,33665,1.0,673,False,0.19775274395942688,0.00043364864541217685,False,0.20562939796716184,9052.1806640625,12063.78515625,11252.603515625,11252.603515625,262.22454833984375
1231,images/1231_noise.png,noise,20012,1.0,400,False,0.20523136854171753,0.0005980366840958595,False,0.281078967943706,7753.56884765625,10564.1630859375,10213.966796875,10213.966796875,263.3713073730469
1232,images/1232_noise.png,noise,8050,1.0,161,False,0.18115733563899994,0.0015980976168066263,False,0.326817826426896,7428.07958984375,10363.17578125,10072.3203125,10072.3203125,258.7390441894531
1233,images/1233_noise.png,noise,43881,1.0,877,False,0.29559576511383057,0.00023240016889758408,False,0.41594996090695857,7593.65869140625,9933.6240234375,9623.3193359375,9623.3193359375,257.9861145019531
1234,images/1234_noise.png,noise,4238,1.0,84,False,0.2311541587114334,0.001110468409024179,False,0.4609069585613761,6952.9404296875,9557.2705078125,9481.6259765625,9481.6259765625,257.92486572265625
1235,images/1235_noise.png,noise,31122,1.0,622,False,0.23035821318626404,0.0006607135874219239,False,0.38975762314308054,8685.5361328125,12169.458984375,11722.40234375,11722.40234375,265.2648010253906
1236,images/1236_noise.png,noise,13022,1.0,260,False,0.27097088098526,0.0016979473875835538,False,0.6477716966379985,7318.302734375,10303.2626953125,9939.0,9939.0,255.14727783203125
1237,images/1237_noise.png,noise,46286,1.0,925,False,0.20692777633666992,0.0006341158295981586,False,0.29476153244722436,8492.396484375,12033.0400390625,11437.015625,11437.015625,268.2690734863281
1238,images/1238_noise.png,noise,29271,1.0,585,False,0.31501486897468567,0.000425038393586874,False,0.5379202501954652,8470.478515625,11119.962890625,10576.5390625,10576.5390625,262.4080505371094
1239,images/1239_noise.png,noise,10108,1.0,202,False,0.22910363972187042,0.005096083506941795,False,0.5668491008600469,7292.638671875,10344.40625,10049.3984375,10049.3984375,260.1945495605469
1240,images/1240_noise.png,noise,37964,1.0,759,False,0.23807577788829803,0.0002555421378929168,False,0.26465989053948397,7445.6826171875,10972.41015625,10575.2001953125,10575.2001953125,261.2844543457031
1241,images/1241_noise.png,noise,45563,1.0,911,False,0.2544289231300354,0.0010005098301917315,False,0.5351837372947615,7748.244140625,10690.880859375,10354.701171875,10354.701171875,259.3426513671875
1242,images/1242_noise.png,noise,35970,1.0,719,False,0.2663601040840149,0.0006815383094362915,False,0.5297107114933541,8527.7548828125,11639.7646484375,11058.4912109375,11058.4912109375,264.85223388671875
1243,images/1243_noise.png,noise,48905,1.0,978,False,0.2313632220029831,0.0004426209779921919,False,0.33698201720093823,8050.873046875,11323.2109375,10995.7392578125,10995.7392578125,267.60382080078125
1244,images/1244_noise.png,noise,47333,1.0,946,False,0.25297412276268005,0.0012204599333927035,False,0.553948397185301,7373.68359375,10115.650390625,9649.134765625,9649.134765625,264.12322998046875
1245,images/1245_noise.png,noise,48411,1.0,968,False,0.19337980449199677,0.0004524615651462227,False,0.20132916340891321,8445.1396484375,11307.5009765625,10832.0830078125,10832.0830078125,258.76611328125
1246,images/1246_noise.png,noise,45623,1.0,912,False,0.2069680541753769,0.0007798176957294345,False,0.3256450351837373,7215.322265625,10016.2568359375,9799.2529296875,9799.2529296875,257.85089111328125
1247,images/1247_noise.png,noise,48971,1.0,979,False,0.29479724168777466,0.00130440981592983,False,0.670054730258014,7461.611328125,10496.009765625,10165.896484375,10165.896484375,262.0610656738281
1248,images/1248_noise.png,noise,23779,1.0,475,False,0.24698005616664886,0.0002628782531246543,False,0.30218921032056295,8217.0927734375,11294.314453125,10903.681640625,10903.681640625,260.86016845703125
1249,images/1249_noise.png,noise,5963,1.0,119,False,0.20938846468925476,0.0009967852383852005,False,0.36512900703674744,6289.2412109375,9058.875,8779.623046875,8779.623046875,252.2535858154297
1250,images/1250_noise.png,noise,48655,1.0,973,False,0.18390414118766785,0.0002909599570557475,False,0.0965598123534011,6585.890625,9455.8955078125,9113.314453125,9113.314453125,256.3857116699219
1251,images/1251_noise.png,noise,18346,1.0,366,False,0.2106502801179886,0.00040438357973471284,False,0.2310398749022674,7477.365234375,10481.603515625,10219.755859375,10219.755859375,264.1513671875
1252,images/1252_noise.png,noise,27925,1.0,558,False,0.25209173560142517,0.0007827645749785006,False,0.49804534792806876,7902.1787109375,10651.453125,10112.8271484375,10112.8271484375,260.1147766113281
1253,images/1253_noise.png,noise,33656,1.0,673,False,0.27884283661842346,0.0004374971322249621,False,0.49765441751368256,9118.294921875,12129.900390625,11319.66796875,11319.66796875,262.2940979003906
1254,images/1254_noise.png,noise,32154,1.0,643,False,0.224073126912117,0.0002677913289517164,False,0.22165754495699766,7954.150390625,10721.3984375,10261.728515625,10261.728515625,260.4047546386719
1255,images/1255_noise.png,noise,6316,1.0,126,False,0.22351837158203125,0.004497189074754715,False,0.5363565285379203,8061.5048828125,10577.56640625,10069.3603515625,10069.3603515625,258.9065856933594
1256,images/1256_noise.png,noise,32802,1.0,656,False,0.24344171583652496,0.00034155204775743186,False,0.3299452697419859,7009.3759765625,9968.36328125,9673.8515625,9673.8515625,257.8521423339844
1257,images/1257_noise.png,noise,30053,1.0,601,False,0.2945529818534851,0.0005478175007738173,False,0.5605942142298671,8335.833984375,11153.865234375,10697.74609375,10697.74609375,263.35211181640625
1258,images/1258_noise.png,noise,8924,1.0,178,False,0.22350890934467316,0.0017910819733515382,False,0.4800625488663018,7395.39111328125,10292.7265625,10008.640625,10008.640625,258.2079162597656
1259,images/1259_noise.png,noise,45240,1.0,904,False,0.21864573657512665,0.0011279135942459106,False,0.4124315871774824,7559.25732421875,10410.1328125,10109.26953125,10109.26953125,256.0185241699219
1260,images/1260_noise.png,noise,40139,1.0,802,False,0.18263010680675507,0.00019864192290697247,False,0.04691164972634871,7301.173828125,10381.1162109375,9971.8623046875,9971.8623046875,261.5553894042969
1261,images/1261_noise.png,noise,49094,1.0,981,False,0.23738843202590942,0.00027919281274080276,False,0.27560594214229867,7276.6044921875,10351.8037109375,10043.626953125,10043.626953125,258.4991455078125
1262,images/1262_noise.png,noise,27257,1.0,545,False,0.2044234424829483,0.00035139467217959464,False,0.18803752931978107,7568.0224609375,10496.755859375,9917.798828125,9917.798828125,256.2063293457031
1263,images/1263_noise.png,noise,41559,1.0,831,False,0.21202249825000763,0.00040738380630500615,False,0.23651290070367476,8307.236328125,11355.7431640625,10783.5908203125,10783.5908203125,266.4195556640625
1264,images/1264_noise.png,noise,43470,1.0,869,False,0.25792062282562256,0.0007642845157533884,False,0.5152462861610634,7542.74609375,10792.80078125,10339.595703125,10339.595703125,258.6908874511719
1265,images/1265_noise.png,noise,38740,1.0,774,False,0.2564251720905304,0.0005669126403518021,False,0.47419859265050823,7748.10009765625,10703.873046875,10436.306640625,10436.306640625,259.37249755859375
1266,images/1266_noise.png,noise,18229,1.0,364,False,0.21496400237083435,0.0009148828103207052,False,0.36630179827990617,6805.791015625,9509.01953125,9172.6884765625,9172.6884765625,259.2151184082031
1267,images/1267_noise.png,noise,1074,1.0,21,False,0.2712886929512024,0.0008323537767864764,False,0.5695856137607506,7828.7119140625,11691.28515625,10694.3388671875,10694.3388671875,262.42877197265625
1268,images/1268_noise.png,noise,38610,1.0,772,False,0.24076595902442932,0.0015412376960739493,False,0.5363565285379203,8824.8505859375,11435.2265625,10913.56640625,10913.56640625,264.1815490722656
1269,images/1269_noise.png,noise,37135,1.0,742,False,0.2523203194141388,0.0004533389874268323,False,0.42298670836591085,8337.263671875,11387.75,10809.86328125,10809.86328125,268.6311950683594
1270,images/1270_noise.png,noise,48672,1.0,973,False,0.25979405641555786,0.00021497147099580616,False,0.32720875684128226,6917.37744140625,9787.3828125,9442.314453125,9442.314453125,264.5748596191406
1271,images/1271_noise.png,noise,32843,1.0,656,False,0.26831501722335815,0.00030906376196071506,False,0.4046129788897576,7808.5068359375,10767.494140625,10464.62890625,10464.62890625,265.4422607421875
1272,images/1272_noise.png,noise,42527,1.0,850,False,0.2821263074874878,0.0003386113385204226,False,0.45387021110242376,7514.626953125,10450.955078125,10144.87890625,10144.87890625,258.535400390625
1273,images/1273_noise.png,noise,34226,1.0,684,False,0.2766210734844208,0.0004308094212319702,False,0.4839718530101642,8660.4619140625,11507.84375,10754.5458984375,10754.5458984375,262.61279296875
1274,images/1274_noise.png,noise,35067,1.0,701,False,0.19740816950798035,0.0005077499663457274,False,0.2349491790461298,8153.361328125,11665.6982421875,10946.609375,10946.609375,267.17584228515625
1275,images/1275_noise.png,noise,37023,1.0,740,False,0.1984698623418808,0.0004235660599078983,False,0.19898358092259577,8489.677734375,11226.7705078125,10700.45703125,10700.45703125,262.91357421875
1276,images/1276_noise.png,noise,22695,1.0,453,False,0.24251383543014526,0.00026263538165949285,False,0.2877247849882721,7384.98388671875,10251.40234375,9825.5693359375,9825.5693359375,261.031494140625
1277,images/1277_noise.png,noise,4866,1.0,97,False,0.20414121448993683,0.0005635561537928879,False,0.26817826426896013,7216.4609375,10168.078125,10023.27734375,10023.27734375,262.0159912109375
1278,images/1278_noise.png,noise,16499,1.0,329,False,0.2243790179491043,0.0029770026449114084,False,0.5218921032056294,7207.162109375,10002.12890625,9753.046875,9753.046875,259.7630920410156
1279,images/1279_noise.png,noise,6930,1.0,138,False,0.16488471627235413,0.00045077718095853925,False,0.1532447224394058,7038.10107421875,10252.4140625,9859.7734375,9859.7734375,262.7985534667969
