{
  "num_images": 1024,
  "n_bootstrap": 10000,
  "rng_seed": 20260723,
  "family_summary": {
    "gaussian": {
      "fourier_lpips_mean": 0.7667330297117587,
      "fourier_lpips_by_seed": [
        0.7656059068394825,
        0.7667941045656335,
        0.7677990777301602
      ],
      "fourier_mse_mean": 0.14958605365245603,
      "structured_recovery_lpips_mean": 0.6067236379409829,
      "structured_recovery_lpips_by_seed": [
        0.6037507245782763,
        0.6063350095646456,
        0.6100851796800271
      ],
      "structured_recovery_mse_mean": 0.6705998411634937,
      "fid_mean": 173.89572838684853,
      "fid_by_seed": [
        174.77126973664105,
        173.3682386890266,
        173.547676734878
      ]
    },
    "structmask": {
      "fourier_lpips_mean": 0.7882472752341224,
      "fourier_lpips_by_seed": [
        0.7892563879431691,
        0.7872054408944678,
        0.7882799968647305
      ],
      "fourier_mse_mean": 0.1148512950251946,
      "structured_recovery_lpips_mean": 0.32680544109704596,
      "structured_recovery_lpips_by_seed": [
        0.32725446770200506,
        0.327527217566967,
        0.32563463802216575
      ],
      "structured_recovery_mse_mean": 0.22964374819639488,
      "fid_mean": 231.31786092654534,
      "fid_by_seed": [
        232.79448008432394,
        233.0106472929854,
        228.14845540232676
      ]
    },
    "gm": {
      "fourier_lpips_mean": 0.7731327323223619,
      "fourier_lpips_by_seed": [
        0.7746627147134859,
        0.7703415090509225,
        0.7743939732026774
      ],
      "fourier_mse_mean": 0.12727756768921003,
      "structured_recovery_lpips_mean": 0.3487866801636604,
      "structured_recovery_lpips_by_seed": [
        0.3481509604025632,
        0.3493153699673712,
        0.34889371012104675
      ],
      "structured_recovery_mse_mean": 0.2508066055039914,
      "fid_mean": 178.49483370196148,
      "fid_by_seed": [
        179.80287566535998,
        178.29134399063406,
        177.39028144989038
      ]
    }
  },
  "seed_rows": [
    {
      "seed": 0,
      "gaussian_lpips": 0.7656059068394825,
      "structmask_lpips": 0.7892563879431691,
      "gm_lpips": 0.7746627147134859,
      "delta_g": -0.009056807874003425,
      "delta_structmask": 0.01459367322968319,
      "gm_beats_both": false,
      "win_rate_vs_gaussian": 0.28125,
      "win_rate_vs_structmask": 0.8974609375
    },
    {
      "seed": 1,
      "gaussian_lpips": 0.7667941045656335,
      "structmask_lpips": 0.7872054408944678,
      "gm_lpips": 0.7703415090509225,
      "delta_g": -0.0035474044852890074,
      "delta_structmask": 0.016863931843545288,
      "gm_beats_both": false,
      "win_rate_vs_gaussian": 0.3134765625,
      "win_rate_vs_structmask": 0.896484375
    },
    {
      "seed": 2,
      "gaussian_lpips": 0.7677990777301602,
      "structmask_lpips": 0.7882799968647305,
      "gm_lpips": 0.7743939732026774,
      "delta_g": -0.006594895472517237,
      "delta_structmask": 0.013886023662053049,
      "gm_beats_both": false,
      "win_rate_vs_gaussian": 0.234375,
      "win_rate_vs_structmask": 0.8828125
    }
  ],
  "delta_g": {
    "mean": -0.0063997026106032235,
    "ci95": [
      -0.008931992733171985,
      -0.0036012531534652227
    ],
    "p_raw": 0.0,
    "p_holm": 0.0
  },
  "delta_structmask": {
    "mean": 0.015114542911760509,
    "ci95": [
      0.013830963975730507,
      0.01677187242724661
    ],
    "p_raw": 0.0,
    "p_holm": 0.0
  },
  "seeds_beating_both": "0/3",
  "win_rate_vs_gaussian": 0.2763671875,
  "win_rate_vs_structmask": 0.8922526041666666,
  "fid_delta_gm_minus_gaussian": 4.599105315112951,
  "recovery_specialist_beats_gaussian_by_seed": [
    true,
    true,
    true
  ],
  "recovery_treatment_beats_gaussian_by_seed": [
    true,
    true,
    true
  ],
  "gates": {
    "1_mean_delta_g_at_least_0.010": false,
    "2_gm_beats_both_parents_3of3": false,
    "3_win_rate_vs_gaussian_over_0.75": false,
    "4_fid_within_plus_15": true,
    "5_structured_recovery_strong": true
  },
  "overall_gate_pass": false
}