{
  "ebm": "none",
  "seed": 0,
  "steps": 1000,
  "batch_size": 8,
  "latent_pool_size": 256,
  "runtime_seconds": 64.6885814666748,
  "peak_memory_mb": 1284.1005859375
}
